name,asm,group,extension,core,measure,from,to,value,run_min,run_max,unit,flags
rt_cmp_csinc,"cmp x0, x20; csinc x0, x20, x21, ne",Chain helpers,,P,latency,RW0,RW0,2,1.999,2.001,cycles,
rt_cmp_csinc,"cmp x0, x20; csinc x0, x20, x21, ne",Chain helpers,,E,latency,RW0,RW0,2,2,2.001,cycles,
rt_fmov_x_d,"fmov d0, x0; fmov x0, d0",Chain helpers,,P,latency,RW1,RW1,9.998,9.997,10.002,cycles,
rt_fmov_x_d,"fmov d0, x0; fmov x0, d0",Chain helpers,,E,latency,RW1,RW1,8,7.993,8.014,cycles,
rt_fcmp_fcsel,"fcmp d0, d13; fcsel d0, d13, d14, ne",Chain helpers,,P,latency,RW0,RW0,4,3.999,4.001,cycles,
rt_fcmp_fcsel,"fcmp d0, d13; fcsel d0, d13, d14, ne",Chain helpers,,E,latency,RW0,RW0,4.008,4,4.009,cycles,
add_x_reg,"add x0, x19, x20","Integer / add, subtract",,P,throughput,,,6.973,6.323,7.599,per cycle,
add_x_reg,"add x0, x19, x20","Integer / add, subtract",,P,latency,R0,W0,1,0.999,1,cycles,
add_x_reg,"add x0, x19, x20","Integer / add, subtract",,P,latency,R1,W0,1,1,1,cycles,
add_x_reg,"add x0, x19, x20","Integer / add, subtract",,E,throughput,,,4,3.983,4.008,per cycle,
add_x_reg,"add x0, x19, x20","Integer / add, subtract",,E,latency,R0,W0,1,0.998,1,cycles,
add_x_reg,"add x0, x19, x20","Integer / add, subtract",,E,latency,R1,W0,1,1,1.002,cycles,
add_x_imm,"add x0, x19, #1","Integer / add, subtract",,P,throughput,,,7.687,7.676,7.728,per cycle,
add_x_imm,"add x0, x19, #1","Integer / add, subtract",,P,latency,R0,W0,1,1,1,cycles,
add_x_imm,"add x0, x19, #1","Integer / add, subtract",,E,throughput,,,3.999,3.999,4.002,per cycle,
add_x_imm,"add x0, x19, #1","Integer / add, subtract",,E,latency,R0,W0,1,1,1,cycles,
add_x_imm_lsl12,"add x0, x19, #1, lsl #12","Integer / add, subtract",,P,throughput,,,7.71,7.671,7.715,per cycle,
add_x_imm_lsl12,"add x0, x19, #1, lsl #12","Integer / add, subtract",,P,latency,R0,W0,1,0.999,1,cycles,
add_x_imm_lsl12,"add x0, x19, #1, lsl #12","Integer / add, subtract",,E,throughput,,,4,3.999,4.001,per cycle,
add_x_imm_lsl12,"add x0, x19, #1, lsl #12","Integer / add, subtract",,E,latency,R0,W0,1,1,1,cycles,
sub_x_reg,"sub x0, x19, x20","Integer / add, subtract",,P,throughput,,,6.776,6.317,6.979,per cycle,
sub_x_reg,"sub x0, x19, x20","Integer / add, subtract",,P,latency,R0,W0,1,1,1,cycles,
sub_x_reg,"sub x0, x19, x20","Integer / add, subtract",,P,latency,R1,W0,1,1,1,cycles,
sub_x_reg,"sub x0, x19, x20","Integer / add, subtract",,E,throughput,,,4.001,3.999,4.005,per cycle,
sub_x_reg,"sub x0, x19, x20","Integer / add, subtract",,E,latency,R0,W0,1,1,1.003,cycles,
sub_x_reg,"sub x0, x19, x20","Integer / add, subtract",,E,latency,R1,W0,1,1,1.003,cycles,
sub_x_imm,"sub x0, x19, #1","Integer / add, subtract",,P,throughput,,,7.703,7.685,7.726,per cycle,
sub_x_imm,"sub x0, x19, #1","Integer / add, subtract",,P,latency,R0,W0,1,1,1,cycles,
sub_x_imm,"sub x0, x19, #1","Integer / add, subtract",,E,throughput,,,4.001,4,4.001,per cycle,
sub_x_imm,"sub x0, x19, #1","Integer / add, subtract",,E,latency,R0,W0,1,1,1,cycles,
neg_x,"neg x0, x19","Integer / add, subtract",,P,throughput,,,7.636,7.613,7.721,per cycle,
neg_x,"neg x0, x19","Integer / add, subtract",,P,latency,R0,W0,1,1,1,cycles,
neg_x,"neg x0, x19","Integer / add, subtract",,E,throughput,,,3.999,3.999,4.001,per cycle,
neg_x,"neg x0, x19","Integer / add, subtract",,E,latency,R0,W0,1,1,1,cycles,
add_x_lsl1,"add x0, x19, x20, lsl #1","Integer / add, subtract",,P,throughput,,,3.599,3.518,3.69,per cycle,
add_x_lsl1,"add x0, x19, x20, lsl #1","Integer / add, subtract",,P,latency,R0,W0,1.015,1.014,1.016,cycles,
add_x_lsl1,"add x0, x19, x20, lsl #1","Integer / add, subtract",,P,latency,R1,W0,2,2,2.001,cycles,
add_x_lsl1,"add x0, x19, x20, lsl #1","Integer / add, subtract",,E,throughput,,,2,1.999,2.001,per cycle,
add_x_lsl1,"add x0, x19, x20, lsl #1","Integer / add, subtract",,E,latency,R0,W0,2,2,2.001,cycles,
add_x_lsl1,"add x0, x19, x20, lsl #1","Integer / add, subtract",,E,latency,R1,W0,2,1.999,2.001,cycles,
add_x_lsl2,"add x0, x19, x20, lsl #2","Integer / add, subtract",,P,throughput,,,3.634,3.587,3.788,per cycle,
add_x_lsl2,"add x0, x19, x20, lsl #2","Integer / add, subtract",,P,latency,R0,W0,1.015,1.014,1.016,cycles,
add_x_lsl2,"add x0, x19, x20, lsl #2","Integer / add, subtract",,P,latency,R1,W0,2,1.999,2,cycles,
add_x_lsl2,"add x0, x19, x20, lsl #2","Integer / add, subtract",,E,throughput,,,2,1.999,2.001,per cycle,
add_x_lsl2,"add x0, x19, x20, lsl #2","Integer / add, subtract",,E,latency,R0,W0,2,2,2,cycles,
add_x_lsl2,"add x0, x19, x20, lsl #2","Integer / add, subtract",,E,latency,R1,W0,2,2,2.004,cycles,
add_x_lsl3,"add x0, x19, x20, lsl #3","Integer / add, subtract",,P,throughput,,,3.585,3.572,3.692,per cycle,
add_x_lsl3,"add x0, x19, x20, lsl #3","Integer / add, subtract",,P,latency,R0,W0,1.015,1.014,1.016,cycles,
add_x_lsl3,"add x0, x19, x20, lsl #3","Integer / add, subtract",,P,latency,R1,W0,2,1.999,2.001,cycles,
add_x_lsl3,"add x0, x19, x20, lsl #3","Integer / add, subtract",,E,throughput,,,2,2,2.002,per cycle,
add_x_lsl3,"add x0, x19, x20, lsl #3","Integer / add, subtract",,E,latency,R0,W0,2,1.999,2.003,cycles,
add_x_lsl3,"add x0, x19, x20, lsl #3","Integer / add, subtract",,E,latency,R1,W0,2,1.999,2.003,cycles,
add_x_lsl4,"add x0, x19, x20, lsl #4","Integer / add, subtract",,P,throughput,,,3.605,3.498,3.694,per cycle,
add_x_lsl4,"add x0, x19, x20, lsl #4","Integer / add, subtract",,P,latency,R0,W0,1.014,1.012,1.015,cycles,
add_x_lsl4,"add x0, x19, x20, lsl #4","Integer / add, subtract",,P,latency,R1,W0,2,2,2,cycles,
add_x_lsl4,"add x0, x19, x20, lsl #4","Integer / add, subtract",,E,throughput,,,2,1.999,2.004,per cycle,
add_x_lsl4,"add x0, x19, x20, lsl #4","Integer / add, subtract",,E,latency,R0,W0,2,2,2,cycles,
add_x_lsl4,"add x0, x19, x20, lsl #4","Integer / add, subtract",,E,latency,R1,W0,2,2,2,cycles,
add_x_lsl5,"add x0, x19, x20, lsl #5","Integer / add, subtract",,P,throughput,,,3.559,3.377,3.622,per cycle,
add_x_lsl5,"add x0, x19, x20, lsl #5","Integer / add, subtract",,P,latency,R0,W0,1.015,1.014,1.016,cycles,
add_x_lsl5,"add x0, x19, x20, lsl #5","Integer / add, subtract",,P,latency,R1,W0,2,2,2.001,cycles,
add_x_lsl5,"add x0, x19, x20, lsl #5","Integer / add, subtract",,E,throughput,,,2,2,2.001,per cycle,
add_x_lsl5,"add x0, x19, x20, lsl #5","Integer / add, subtract",,E,latency,R0,W0,2,2,2,cycles,
add_x_lsl5,"add x0, x19, x20, lsl #5","Integer / add, subtract",,E,latency,R1,W0,2,2,2.004,cycles,
add_x_lsl12,"add x0, x19, x20, lsl #12","Integer / add, subtract",,P,throughput,,,3.591,3.481,3.654,per cycle,
add_x_lsl12,"add x0, x19, x20, lsl #12","Integer / add, subtract",,P,latency,R0,W0,1.015,1.014,1.015,cycles,
add_x_lsl12,"add x0, x19, x20, lsl #12","Integer / add, subtract",,P,latency,R1,W0,2,2,2.001,cycles,
add_x_lsl12,"add x0, x19, x20, lsl #12","Integer / add, subtract",,E,throughput,,,2,1.998,2,per cycle,
add_x_lsl12,"add x0, x19, x20, lsl #12","Integer / add, subtract",,E,latency,R0,W0,2,2,2.004,cycles,
add_x_lsl12,"add x0, x19, x20, lsl #12","Integer / add, subtract",,E,latency,R1,W0,2,2,2.001,cycles,
add_x_lsr3,"add x0, x19, x20, lsr #3","Integer / add, subtract",,P,throughput,,,3.639,3.556,3.766,per cycle,
add_x_lsr3,"add x0, x19, x20, lsr #3","Integer / add, subtract",,P,latency,R0,W0,1.015,1.014,1.016,cycles,
add_x_lsr3,"add x0, x19, x20, lsr #3","Integer / add, subtract",,P,latency,R1,W0,2,1.999,2,cycles,
add_x_lsr3,"add x0, x19, x20, lsr #3","Integer / add, subtract",,E,throughput,,,1.999,1.997,2,per cycle,
add_x_lsr3,"add x0, x19, x20, lsr #3","Integer / add, subtract",,E,latency,R0,W0,2,2,2.01,cycles,
add_x_lsr3,"add x0, x19, x20, lsr #3","Integer / add, subtract",,E,latency,R1,W0,2,1.997,2,cycles,
add_x_asr3,"add x0, x19, x20, asr #3","Integer / add, subtract",,P,throughput,,,3.596,3.381,3.632,per cycle,
add_x_asr3,"add x0, x19, x20, asr #3","Integer / add, subtract",,P,latency,R0,W0,1.015,1.013,1.016,cycles,
add_x_asr3,"add x0, x19, x20, asr #3","Integer / add, subtract",,P,latency,R1,W0,2,1.999,2.001,cycles,
add_x_asr3,"add x0, x19, x20, asr #3","Integer / add, subtract",,E,throughput,,,2,1.999,2.015,per cycle,
add_x_asr3,"add x0, x19, x20, asr #3","Integer / add, subtract",,E,latency,R0,W0,2,2,2.001,cycles,
add_x_asr3,"add x0, x19, x20, asr #3","Integer / add, subtract",,E,latency,R1,W0,2,1.999,2.004,cycles,
sub_x_lsl2,"sub x0, x19, x20, lsl #2","Integer / add, subtract",,P,throughput,,,3.616,3.609,3.73,per cycle,
sub_x_lsl2,"sub x0, x19, x20, lsl #2","Integer / add, subtract",,P,latency,R0,W0,1.015,1.013,1.016,cycles,
sub_x_lsl2,"sub x0, x19, x20, lsl #2","Integer / add, subtract",,P,latency,R1,W0,2,1.999,2,cycles,
sub_x_lsl2,"sub x0, x19, x20, lsl #2","Integer / add, subtract",,E,throughput,,,1.999,1.994,2.001,per cycle,
sub_x_lsl2,"sub x0, x19, x20, lsl #2","Integer / add, subtract",,E,latency,R0,W0,2.001,2,2.009,cycles,
sub_x_lsl2,"sub x0, x19, x20, lsl #2","Integer / add, subtract",,E,latency,R1,W0,2,1.996,2.007,cycles,
sub_x_lsr3,"sub x0, x19, x20, lsr #3","Integer / add, subtract",,P,throughput,,,3.584,3.388,3.637,per cycle,
sub_x_lsr3,"sub x0, x19, x20, lsr #3","Integer / add, subtract",,P,latency,R0,W0,1.016,1.014,1.017,cycles,
sub_x_lsr3,"sub x0, x19, x20, lsr #3","Integer / add, subtract",,P,latency,R1,W0,2,2,2.001,cycles,
sub_x_lsr3,"sub x0, x19, x20, lsr #3","Integer / add, subtract",,E,throughput,,,2,1.999,2.01,per cycle,
sub_x_lsr3,"sub x0, x19, x20, lsr #3","Integer / add, subtract",,E,latency,R0,W0,2,2,2.01,cycles,
sub_x_lsr3,"sub x0, x19, x20, lsr #3","Integer / add, subtract",,E,latency,R1,W0,2,1.999,2.008,cycles,
neg_x_lsl2,"neg x0, x19, lsl #2","Integer / add, subtract",,P,throughput,,,3.787,3.771,3.807,per cycle,
neg_x_lsl2,"neg x0, x19, lsl #2","Integer / add, subtract",,P,latency,R0,W0,2,2,2.001,cycles,
neg_x_lsl2,"neg x0, x19, lsl #2","Integer / add, subtract",,E,throughput,,,2,1.999,2.007,per cycle,
neg_x_lsl2,"neg x0, x19, lsl #2","Integer / add, subtract",,E,latency,R0,W0,2,1.999,2.006,cycles,
add_x_uxtb,"add x0, x19, w20, uxtb","Integer / add, subtract",,P,throughput,,,6.812,6.306,7.625,per cycle,
add_x_uxtb,"add x0, x19, w20, uxtb","Integer / add, subtract",,P,latency,R0,W0,1,1,1,cycles,
add_x_uxtb,"add x0, x19, w20, uxtb","Integer / add, subtract",,P,latency,R1,W0,1,1,1.001,cycles,
add_x_uxtb,"add x0, x19, w20, uxtb","Integer / add, subtract",,E,throughput,,,4,3.995,4.001,per cycle,
add_x_uxtb,"add x0, x19, w20, uxtb","Integer / add, subtract",,E,latency,R0,W0,1,1,1,cycles,
add_x_uxtb,"add x0, x19, w20, uxtb","Integer / add, subtract",,E,latency,R1,W0,1,0.997,1,cycles,
add_x_uxth,"add x0, x19, w20, uxth","Integer / add, subtract",,P,throughput,,,6.719,6.646,6.951,per cycle,
add_x_uxth,"add x0, x19, w20, uxth","Integer / add, subtract",,P,latency,R0,W0,1,1,1,cycles,
add_x_uxth,"add x0, x19, w20, uxth","Integer / add, subtract",,P,latency,R1,W0,1,1,1,cycles,
add_x_uxth,"add x0, x19, w20, uxth","Integer / add, subtract",,E,throughput,,,4.001,3.986,4.004,per cycle,
add_x_uxth,"add x0, x19, w20, uxth","Integer / add, subtract",,E,latency,R0,W0,1,0.999,1.002,cycles,
add_x_uxth,"add x0, x19, w20, uxth","Integer / add, subtract",,E,latency,R1,W0,1,0.998,1,cycles,
add_x_sxtb,"add x0, x19, w20, sxtb","Integer / add, subtract",,P,throughput,,,3.546,3.429,3.7,per cycle,
add_x_sxtb,"add x0, x19, w20, sxtb","Integer / add, subtract",,P,latency,R0,W0,1.016,1.014,1.017,cycles,
add_x_sxtb,"add x0, x19, w20, sxtb","Integer / add, subtract",,P,latency,R1,W0,2,1.999,2,cycles,
add_x_sxtb,"add x0, x19, w20, sxtb","Integer / add, subtract",,E,throughput,,,1.998,1.992,2,per cycle,
add_x_sxtb,"add x0, x19, w20, sxtb","Integer / add, subtract",,E,latency,R0,W0,2.001,1.996,2.003,cycles,
add_x_sxtb,"add x0, x19, w20, sxtb","Integer / add, subtract",,E,latency,R1,W0,2.002,1.999,2.007,cycles,
add_x_sxth_lsl2,"add x0, x19, w20, sxth #2","Integer / add, subtract",,P,throughput,,,3.527,3.234,3.733,per cycle,
add_x_sxth_lsl2,"add x0, x19, w20, sxth #2","Integer / add, subtract",,P,latency,R0,W0,1.014,1.014,1.015,cycles,
add_x_sxth_lsl2,"add x0, x19, w20, sxth #2","Integer / add, subtract",,P,latency,R1,W0,2,2,2.001,cycles,
add_x_sxth_lsl2,"add x0, x19, w20, sxth #2","Integer / add, subtract",,E,throughput,,,1.999,1.988,2,per cycle,
add_x_sxth_lsl2,"add x0, x19, w20, sxth #2","Integer / add, subtract",,E,latency,R0,W0,2,1.998,2,cycles,
add_x_sxth_lsl2,"add x0, x19, w20, sxth #2","Integer / add, subtract",,E,latency,R1,W0,2,1.99,2.001,cycles,
adds_x_reg,"adds x0, x19, x20","Integer / add, subtract",,P,throughput,,,3.581,3.42,3.638,per cycle,
adds_x_reg,"adds x0, x19, x20","Integer / add, subtract",,P,latency,R0,W0,1,1,1,cycles,
adds_x_reg,"adds x0, x19, x20","Integer / add, subtract",,P,latency,R0,nzcv,1,0.999,1.001,cycles,
adds_x_reg,"adds x0, x19, x20","Integer / add, subtract",,P,latency,R1,W0,1,0.999,1,cycles,
adds_x_reg,"adds x0, x19, x20","Integer / add, subtract",,P,latency,R1,nzcv,1.001,1,1.001,cycles,
adds_x_reg,"adds x0, x19, x20","Integer / add, subtract",,E,throughput,,,4,3.995,4.002,per cycle,
adds_x_reg,"adds x0, x19, x20","Integer / add, subtract",,E,latency,R0,W0,1,1,1.006,cycles,
adds_x_reg,"adds x0, x19, x20","Integer / add, subtract",,E,latency,R0,nzcv,1,0.999,1.01,cycles,
adds_x_reg,"adds x0, x19, x20","Integer / add, subtract",,E,latency,R1,W0,1,1,1.005,cycles,
adds_x_reg,"adds x0, x19, x20","Integer / add, subtract",,E,latency,R1,nzcv,0.999,0.999,1.003,cycles,
adds_x_imm,"adds x0, x19, #1","Integer / add, subtract",,P,throughput,,,4.001,3.998,4.002,per cycle,
adds_x_imm,"adds x0, x19, #1","Integer / add, subtract",,P,latency,R0,W0,1,1,1,cycles,
adds_x_imm,"adds x0, x19, #1","Integer / add, subtract",,P,latency,R0,nzcv,1.001,0.999,1.001,cycles,
adds_x_imm,"adds x0, x19, #1","Integer / add, subtract",,E,throughput,,,3.999,3.98,4.005,per cycle,
adds_x_imm,"adds x0, x19, #1","Integer / add, subtract",,E,latency,R0,W0,1,1,1,cycles,
adds_x_imm,"adds x0, x19, #1","Integer / add, subtract",,E,latency,R0,nzcv,1,0.999,1.001,cycles,
adds_x_lsl2,"adds x0, x19, x20, lsl #2","Integer / add, subtract",,P,throughput,,,2.092,2.066,2.145,per cycle,
adds_x_lsl2,"adds x0, x19, x20, lsl #2","Integer / add, subtract",,P,latency,R0,W0,1,0.999,1,cycles,
adds_x_lsl2,"adds x0, x19, x20, lsl #2","Integer / add, subtract",,P,latency,R0,nzcv,1.001,1,1.001,cycles,
adds_x_lsl2,"adds x0, x19, x20, lsl #2","Integer / add, subtract",,P,latency,R1,W0,2,1.999,2,cycles,
adds_x_lsl2,"adds x0, x19, x20, lsl #2","Integer / add, subtract",,P,latency,R1,nzcv,2,1.999,2.001,cycles,
adds_x_lsl2,"adds x0, x19, x20, lsl #2","Integer / add, subtract",,E,throughput,,,2,2,2.001,per cycle,
adds_x_lsl2,"adds x0, x19, x20, lsl #2","Integer / add, subtract",,E,latency,R0,W0,1.999,1.999,2,cycles,
adds_x_lsl2,"adds x0, x19, x20, lsl #2","Integer / add, subtract",,E,latency,R0,nzcv,2.001,2,2.001,cycles,
adds_x_lsl2,"adds x0, x19, x20, lsl #2","Integer / add, subtract",,E,latency,R1,W0,2,1.999,2.003,cycles,
adds_x_lsl2,"adds x0, x19, x20, lsl #2","Integer / add, subtract",,E,latency,R1,nzcv,2,1.999,2.001,cycles,
subs_x_reg,"subs x0, x19, x20","Integer / add, subtract",,P,throughput,,,3.605,3.53,3.639,per cycle,
subs_x_reg,"subs x0, x19, x20","Integer / add, subtract",,P,latency,R0,W0,1,1,1.001,cycles,
subs_x_reg,"subs x0, x19, x20","Integer / add, subtract",,P,latency,R0,nzcv,1,1,1.001,cycles,
subs_x_reg,"subs x0, x19, x20","Integer / add, subtract",,P,latency,R1,W0,1,1,1,cycles,
subs_x_reg,"subs x0, x19, x20","Integer / add, subtract",,P,latency,R1,nzcv,1,0.999,1.001,cycles,
subs_x_reg,"subs x0, x19, x20","Integer / add, subtract",,E,throughput,,,4,3.999,4.005,per cycle,
subs_x_reg,"subs x0, x19, x20","Integer / add, subtract",,E,latency,R0,W0,1,1,1,cycles,
subs_x_reg,"subs x0, x19, x20","Integer / add, subtract",,E,latency,R0,nzcv,1,0.999,1.002,cycles,
subs_x_reg,"subs x0, x19, x20","Integer / add, subtract",,E,latency,R1,W0,1,0.999,1,cycles,
subs_x_reg,"subs x0, x19, x20","Integer / add, subtract",,E,latency,R1,nzcv,1,1,1.001,cycles,
subs_x_imm,"subs x0, x19, #1","Integer / add, subtract",,P,throughput,,,4,3.999,4.001,per cycle,
subs_x_imm,"subs x0, x19, #1","Integer / add, subtract",,P,latency,R0,W0,1,1,1,cycles,
subs_x_imm,"subs x0, x19, #1","Integer / add, subtract",,P,latency,R0,nzcv,1,1,1.001,cycles,
subs_x_imm,"subs x0, x19, #1","Integer / add, subtract",,E,throughput,,,4,3.995,4.001,per cycle,
subs_x_imm,"subs x0, x19, #1","Integer / add, subtract",,E,latency,R0,W0,1,1,1,cycles,
subs_x_imm,"subs x0, x19, #1","Integer / add, subtract",,E,latency,R0,nzcv,1,1,1,cycles,
subs_x_lsl2,"subs x0, x19, x20, lsl #2","Integer / add, subtract",,P,throughput,,,2.086,2,2.121,per cycle,
subs_x_lsl2,"subs x0, x19, x20, lsl #2","Integer / add, subtract",,P,latency,R0,W0,0.999,0.999,1,cycles,
subs_x_lsl2,"subs x0, x19, x20, lsl #2","Integer / add, subtract",,P,latency,R0,nzcv,1,1,1.001,cycles,
subs_x_lsl2,"subs x0, x19, x20, lsl #2","Integer / add, subtract",,P,latency,R1,W0,2,1.999,2.001,cycles,
subs_x_lsl2,"subs x0, x19, x20, lsl #2","Integer / add, subtract",,P,latency,R1,nzcv,2.001,1.999,2.001,cycles,
subs_x_lsl2,"subs x0, x19, x20, lsl #2","Integer / add, subtract",,E,throughput,,,2,2,2,per cycle,
subs_x_lsl2,"subs x0, x19, x20, lsl #2","Integer / add, subtract",,E,latency,R0,W0,2,2,2,cycles,
subs_x_lsl2,"subs x0, x19, x20, lsl #2","Integer / add, subtract",,E,latency,R0,nzcv,2,1.999,2.003,cycles,
subs_x_lsl2,"subs x0, x19, x20, lsl #2","Integer / add, subtract",,E,latency,R1,W0,2,2,2,cycles,
subs_x_lsl2,"subs x0, x19, x20, lsl #2","Integer / add, subtract",,E,latency,R1,nzcv,2,1.997,2.001,cycles,
negs_x,"negs x0, x19","Integer / add, subtract",,P,throughput,,,4.002,3.992,4.05,per cycle,
negs_x,"negs x0, x19","Integer / add, subtract",,P,latency,R0,W0,1,1,1,cycles,
negs_x,"negs x0, x19","Integer / add, subtract",,P,latency,R0,nzcv,1,0.999,1.001,cycles,
negs_x,"negs x0, x19","Integer / add, subtract",,E,throughput,,,4.001,3.998,4.009,per cycle,
negs_x,"negs x0, x19","Integer / add, subtract",,E,latency,R0,W0,1,1,1.001,cycles,
negs_x,"negs x0, x19","Integer / add, subtract",,E,latency,R0,nzcv,1,1,1.003,cycles,
cmp_x_reg,"cmp x19, x20","Integer / add, subtract",,P,throughput,,,4.063,3.695,4.243,per cycle,
cmp_x_reg,"cmp x19, x20","Integer / add, subtract",,P,latency,R0,nzcv,1,0.999,1.001,cycles,
cmp_x_reg,"cmp x19, x20","Integer / add, subtract",,P,latency,R1,nzcv,1,1,1.001,cycles,
cmp_x_reg,"cmp x19, x20","Integer / add, subtract",,E,throughput,,,4.001,4,4.008,per cycle,
cmp_x_reg,"cmp x19, x20","Integer / add, subtract",,E,latency,R0,nzcv,1,1,1.001,cycles,
cmp_x_reg,"cmp x19, x20","Integer / add, subtract",,E,latency,R1,nzcv,1,1,1.001,cycles,
cmp_x_imm,"cmp x19, #1","Integer / add, subtract",,P,throughput,,,4.001,3.999,4.002,per cycle,
cmp_x_imm,"cmp x19, #1","Integer / add, subtract",,P,latency,R0,nzcv,1,0.999,1,cycles,
cmp_x_imm,"cmp x19, #1","Integer / add, subtract",,E,throughput,,,3.999,3.99,4.003,per cycle,
cmp_x_imm,"cmp x19, #1","Integer / add, subtract",,E,latency,R0,nzcv,1,1,1.012,cycles,
cmp_x_lsl2,"cmp x19, x20, lsl #2","Integer / add, subtract",,P,throughput,,,1.999,1.981,2.006,per cycle,
cmp_x_lsl2,"cmp x19, x20, lsl #2","Integer / add, subtract",,P,latency,R0,nzcv,2.001,1.999,2.001,cycles,
cmp_x_lsl2,"cmp x19, x20, lsl #2","Integer / add, subtract",,P,latency,R1,nzcv,2,1.999,2.001,cycles,
cmp_x_lsl2,"cmp x19, x20, lsl #2","Integer / add, subtract",,E,throughput,,,2,1.948,2,per cycle,
cmp_x_lsl2,"cmp x19, x20, lsl #2","Integer / add, subtract",,E,latency,R0,nzcv,2,1.999,2.007,cycles,
cmp_x_lsl2,"cmp x19, x20, lsl #2","Integer / add, subtract",,E,latency,R1,nzcv,2,1.999,2,cycles,
cmn_x_reg,"cmn x19, x20","Integer / add, subtract",,P,throughput,,,3.712,3.565,4.101,per cycle,
cmn_x_reg,"cmn x19, x20","Integer / add, subtract",,P,latency,R0,nzcv,1.001,0.999,1.001,cycles,
cmn_x_reg,"cmn x19, x20","Integer / add, subtract",,P,latency,R1,nzcv,1,1,1.001,cycles,
cmn_x_reg,"cmn x19, x20","Integer / add, subtract",,E,throughput,,,3.999,3.999,4,per cycle,
cmn_x_reg,"cmn x19, x20","Integer / add, subtract",,E,latency,R0,nzcv,1,1,1.001,cycles,
cmn_x_reg,"cmn x19, x20","Integer / add, subtract",,E,latency,R1,nzcv,1,0.999,1,cycles,
cmn_x_imm,"cmn x19, #1","Integer / add, subtract",,P,throughput,,,4,3.998,4.002,per cycle,
cmn_x_imm,"cmn x19, #1","Integer / add, subtract",,P,latency,R0,nzcv,1,1,1.001,cycles,
cmn_x_imm,"cmn x19, #1","Integer / add, subtract",,E,throughput,,,4,3.999,4.001,per cycle,
cmn_x_imm,"cmn x19, #1","Integer / add, subtract",,E,latency,R0,nzcv,1,0.999,1.001,cycles,
adc_x,"adc x0, x19, x20","Integer / add, subtract",,P,throughput,,,3.799,3.7,3.802,per cycle,
adc_x,"adc x0, x19, x20","Integer / add, subtract",,P,latency,R0,W0,1,1,1,cycles,
adc_x,"adc x0, x19, x20","Integer / add, subtract",,P,latency,R1,W0,1,1,1,cycles,
adc_x,"adc x0, x19, x20","Integer / add, subtract",,P,latency,nzcv,W0,1,1,1.001,cycles,
adc_x,"adc x0, x19, x20","Integer / add, subtract",,E,throughput,,,4,3.999,4.012,per cycle,
adc_x,"adc x0, x19, x20","Integer / add, subtract",,E,latency,R0,W0,1,0.994,1,cycles,
adc_x,"adc x0, x19, x20","Integer / add, subtract",,E,latency,R1,W0,1,0.999,1.006,cycles,
adc_x,"adc x0, x19, x20","Integer / add, subtract",,E,latency,nzcv,W0,1,0.999,1.001,cycles,
sbc_x,"sbc x0, x19, x20","Integer / add, subtract",,P,throughput,,,3.795,3.769,3.869,per cycle,
sbc_x,"sbc x0, x19, x20","Integer / add, subtract",,P,latency,R0,W0,1,1,1,cycles,
sbc_x,"sbc x0, x19, x20","Integer / add, subtract",,P,latency,R1,W0,1,1,1,cycles,
sbc_x,"sbc x0, x19, x20","Integer / add, subtract",,P,latency,nzcv,W0,1,1,1.001,cycles,
sbc_x,"sbc x0, x19, x20","Integer / add, subtract",,E,throughput,,,3.999,3.992,4.001,per cycle,
sbc_x,"sbc x0, x19, x20","Integer / add, subtract",,E,latency,R0,W0,1,0.999,1,cycles,
sbc_x,"sbc x0, x19, x20","Integer / add, subtract",,E,latency,R1,W0,1,1,1.002,cycles,
sbc_x,"sbc x0, x19, x20","Integer / add, subtract",,E,latency,nzcv,W0,1,1,1,cycles,
ngc_x,"ngc x0, x19","Integer / add, subtract",,P,throughput,,,4.002,4.001,4.002,per cycle,
ngc_x,"ngc x0, x19","Integer / add, subtract",,P,latency,R0,W0,1,1,1,cycles,
ngc_x,"ngc x0, x19","Integer / add, subtract",,P,latency,nzcv,W0,1,0.999,1.001,cycles,
ngc_x,"ngc x0, x19","Integer / add, subtract",,E,throughput,,,4,3.999,4.002,per cycle,
ngc_x,"ngc x0, x19","Integer / add, subtract",,E,latency,R0,W0,1,1,1.001,cycles,
ngc_x,"ngc x0, x19","Integer / add, subtract",,E,latency,nzcv,W0,1,1,1.001,cycles,
adcs_x,"adcs x0, x19, x20","Integer / add, subtract",,P,throughput,,,1,1,1,per cycle,limited-by-own-chain
adcs_x,"adcs x0, x19, x20","Integer / add, subtract",,P,latency,R0,W0,1,1,1,cycles,
adcs_x,"adcs x0, x19, x20","Integer / add, subtract",,P,latency,R0,nzcv,1.001,1,1.001,cycles,
adcs_x,"adcs x0, x19, x20","Integer / add, subtract",,P,latency,R1,W0,1,1,1,cycles,
adcs_x,"adcs x0, x19, x20","Integer / add, subtract",,P,latency,R1,nzcv,1,1,1.004,cycles,
adcs_x,"adcs x0, x19, x20","Integer / add, subtract",,P,latency,nzcv,W0,1,0.999,1,cycles,
adcs_x,"adcs x0, x19, x20","Integer / add, subtract",,P,latency,nzcv,nzcv,1,1,1,cycles,
adcs_x,"adcs x0, x19, x20","Integer / add, subtract",,E,throughput,,,1,1,1.001,per cycle,limited-by-own-chain
adcs_x,"adcs x0, x19, x20","Integer / add, subtract",,E,latency,R0,W0,1,0.999,1.002,cycles,
adcs_x,"adcs x0, x19, x20","Integer / add, subtract",,E,latency,R0,nzcv,1,0.999,1.001,cycles,
adcs_x,"adcs x0, x19, x20","Integer / add, subtract",,E,latency,R1,W0,1,0.999,1,cycles,
adcs_x,"adcs x0, x19, x20","Integer / add, subtract",,E,latency,R1,nzcv,1,1,1,cycles,
adcs_x,"adcs x0, x19, x20","Integer / add, subtract",,E,latency,nzcv,W0,1,0.999,1.011,cycles,
adcs_x,"adcs x0, x19, x20","Integer / add, subtract",,E,latency,nzcv,nzcv,1,0.999,1.006,cycles,
sbcs_x,"sbcs x0, x19, x20","Integer / add, subtract",,P,throughput,,,1,1,1,per cycle,limited-by-own-chain
sbcs_x,"sbcs x0, x19, x20","Integer / add, subtract",,P,latency,R0,W0,1,1,1,cycles,
sbcs_x,"sbcs x0, x19, x20","Integer / add, subtract",,P,latency,R0,nzcv,1,1,1.001,cycles,
sbcs_x,"sbcs x0, x19, x20","Integer / add, subtract",,P,latency,R1,W0,1,1,1,cycles,
sbcs_x,"sbcs x0, x19, x20","Integer / add, subtract",,P,latency,R1,nzcv,1,0.999,1,cycles,
sbcs_x,"sbcs x0, x19, x20","Integer / add, subtract",,P,latency,nzcv,W0,1.001,1,1.001,cycles,
sbcs_x,"sbcs x0, x19, x20","Integer / add, subtract",,P,latency,nzcv,nzcv,1,1,1,cycles,
sbcs_x,"sbcs x0, x19, x20","Integer / add, subtract",,E,throughput,,,1,0.999,1.002,per cycle,limited-by-own-chain
sbcs_x,"sbcs x0, x19, x20","Integer / add, subtract",,E,latency,R0,W0,1,1,1,cycles,
sbcs_x,"sbcs x0, x19, x20","Integer / add, subtract",,E,latency,R0,nzcv,1,1,1.003,cycles,
sbcs_x,"sbcs x0, x19, x20","Integer / add, subtract",,E,latency,R1,W0,1,1,1,cycles,
sbcs_x,"sbcs x0, x19, x20","Integer / add, subtract",,E,latency,R1,nzcv,1,0.999,1,cycles,
sbcs_x,"sbcs x0, x19, x20","Integer / add, subtract",,E,latency,nzcv,W0,1,1,1.003,cycles,
sbcs_x,"sbcs x0, x19, x20","Integer / add, subtract",,E,latency,nzcv,nzcv,1,0.999,1,cycles,
add_w_reg,"add w0, w19, w20","Integer / add, subtract",,P,throughput,,,6.946,6.696,7.125,per cycle,
add_w_reg,"add w0, w19, w20","Integer / add, subtract",,P,latency,R0,W0,1,1,1,cycles,
add_w_reg,"add w0, w19, w20","Integer / add, subtract",,P,latency,R1,W0,1,0.999,1,cycles,
add_w_reg,"add w0, w19, w20","Integer / add, subtract",,E,throughput,,,4,3.999,4.003,per cycle,
add_w_reg,"add w0, w19, w20","Integer / add, subtract",,E,latency,R0,W0,1,1,1,cycles,
add_w_reg,"add w0, w19, w20","Integer / add, subtract",,E,latency,R1,W0,1,0.999,1.001,cycles,
add_w_imm,"add w0, w19, #1","Integer / add, subtract",,P,throughput,,,7.708,7.703,7.743,per cycle,
add_w_imm,"add w0, w19, #1","Integer / add, subtract",,P,latency,R0,W0,1,0.999,1,cycles,
add_w_imm,"add w0, w19, #1","Integer / add, subtract",,E,throughput,,,3.999,3.992,4.001,per cycle,
add_w_imm,"add w0, w19, #1","Integer / add, subtract",,E,latency,R0,W0,1,1,1,cycles,
add_w_imm_lsl12,"add w0, w19, #1, lsl #12","Integer / add, subtract",,P,throughput,,,7.713,7.702,7.727,per cycle,
add_w_imm_lsl12,"add w0, w19, #1, lsl #12","Integer / add, subtract",,P,latency,R0,W0,1,1,1.001,cycles,
add_w_imm_lsl12,"add w0, w19, #1, lsl #12","Integer / add, subtract",,E,throughput,,,3.999,3.996,4.001,per cycle,
add_w_imm_lsl12,"add w0, w19, #1, lsl #12","Integer / add, subtract",,E,latency,R0,W0,1,1,1.001,cycles,
sub_w_reg,"sub w0, w19, w20","Integer / add, subtract",,P,throughput,,,6.702,5.948,7.424,per cycle,
sub_w_reg,"sub w0, w19, w20","Integer / add, subtract",,P,latency,R0,W0,1,1,1,cycles,
sub_w_reg,"sub w0, w19, w20","Integer / add, subtract",,P,latency,R1,W0,1,1,1,cycles,
sub_w_reg,"sub w0, w19, w20","Integer / add, subtract",,E,throughput,,,3.999,3.999,4.001,per cycle,
sub_w_reg,"sub w0, w19, w20","Integer / add, subtract",,E,latency,R0,W0,1,1,1,cycles,
sub_w_reg,"sub w0, w19, w20","Integer / add, subtract",,E,latency,R1,W0,1,0.999,1.001,cycles,
sub_w_imm,"sub w0, w19, #1","Integer / add, subtract",,P,throughput,,,7.734,7.708,7.746,per cycle,
sub_w_imm,"sub w0, w19, #1","Integer / add, subtract",,P,latency,R0,W0,1,1,1,cycles,
sub_w_imm,"sub w0, w19, #1","Integer / add, subtract",,E,throughput,,,4,3.999,4.001,per cycle,
sub_w_imm,"sub w0, w19, #1","Integer / add, subtract",,E,latency,R0,W0,1,1,1.001,cycles,
neg_w,"neg w0, w19","Integer / add, subtract",,P,throughput,,,7.646,7.467,7.711,per cycle,
neg_w,"neg w0, w19","Integer / add, subtract",,P,latency,R0,W0,1,1,1,cycles,
neg_w,"neg w0, w19","Integer / add, subtract",,E,throughput,,,4,3.997,4.017,per cycle,
neg_w,"neg w0, w19","Integer / add, subtract",,E,latency,R0,W0,1,1,1.003,cycles,
add_w_lsl1,"add w0, w19, w20, lsl #1","Integer / add, subtract",,P,throughput,,,3.52,3.296,3.578,per cycle,
add_w_lsl1,"add w0, w19, w20, lsl #1","Integer / add, subtract",,P,latency,R0,W0,1.013,1.01,1.014,cycles,
add_w_lsl1,"add w0, w19, w20, lsl #1","Integer / add, subtract",,P,latency,R1,W0,2,1.999,2.001,cycles,
add_w_lsl1,"add w0, w19, w20, lsl #1","Integer / add, subtract",,E,throughput,,,2,1.999,2.001,per cycle,
add_w_lsl1,"add w0, w19, w20, lsl #1","Integer / add, subtract",,E,latency,R0,W0,2,2,2.001,cycles,
add_w_lsl1,"add w0, w19, w20, lsl #1","Integer / add, subtract",,E,latency,R1,W0,2,1.999,2.001,cycles,
add_w_lsl2,"add w0, w19, w20, lsl #2","Integer / add, subtract",,P,throughput,,,3.565,3.35,3.654,per cycle,
add_w_lsl2,"add w0, w19, w20, lsl #2","Integer / add, subtract",,P,latency,R0,W0,1.013,1.011,1.014,cycles,
add_w_lsl2,"add w0, w19, w20, lsl #2","Integer / add, subtract",,P,latency,R1,W0,2,2,2.001,cycles,
add_w_lsl2,"add w0, w19, w20, lsl #2","Integer / add, subtract",,E,throughput,,,2,2,2.001,per cycle,
add_w_lsl2,"add w0, w19, w20, lsl #2","Integer / add, subtract",,E,latency,R0,W0,2,1.999,2,cycles,
add_w_lsl2,"add w0, w19, w20, lsl #2","Integer / add, subtract",,E,latency,R1,W0,2,1.999,2.001,cycles,
add_w_lsl3,"add w0, w19, w20, lsl #3","Integer / add, subtract",,P,throughput,,,3.535,3.5,3.657,per cycle,
add_w_lsl3,"add w0, w19, w20, lsl #3","Integer / add, subtract",,P,latency,R0,W0,1.013,1.011,1.014,cycles,
add_w_lsl3,"add w0, w19, w20, lsl #3","Integer / add, subtract",,P,latency,R1,W0,2,1.999,2.001,cycles,
add_w_lsl3,"add w0, w19, w20, lsl #3","Integer / add, subtract",,E,throughput,,,2,1.999,2.001,per cycle,
add_w_lsl3,"add w0, w19, w20, lsl #3","Integer / add, subtract",,E,latency,R0,W0,2,1.999,2,cycles,
add_w_lsl3,"add w0, w19, w20, lsl #3","Integer / add, subtract",,E,latency,R1,W0,2,2,2,cycles,
add_w_lsl4,"add w0, w19, w20, lsl #4","Integer / add, subtract",,P,throughput,,,3.553,3.51,3.704,per cycle,
add_w_lsl4,"add w0, w19, w20, lsl #4","Integer / add, subtract",,P,latency,R0,W0,1.013,1.011,1.014,cycles,
add_w_lsl4,"add w0, w19, w20, lsl #4","Integer / add, subtract",,P,latency,R1,W0,2,2,2.001,cycles,
add_w_lsl4,"add w0, w19, w20, lsl #4","Integer / add, subtract",,E,throughput,,,2,1.994,2,per cycle,
add_w_lsl4,"add w0, w19, w20, lsl #4","Integer / add, subtract",,E,latency,R0,W0,2,1.999,2.001,cycles,
add_w_lsl4,"add w0, w19, w20, lsl #4","Integer / add, subtract",,E,latency,R1,W0,2,2,2,cycles,
add_w_lsl5,"add w0, w19, w20, lsl #5","Integer / add, subtract",,P,throughput,,,3.538,3.39,3.739,per cycle,
add_w_lsl5,"add w0, w19, w20, lsl #5","Integer / add, subtract",,P,latency,R0,W0,1.013,1.012,1.014,cycles,
add_w_lsl5,"add w0, w19, w20, lsl #5","Integer / add, subtract",,P,latency,R1,W0,2,1.999,2,cycles,
add_w_lsl5,"add w0, w19, w20, lsl #5","Integer / add, subtract",,E,throughput,,,2.001,1.999,2.001,per cycle,
add_w_lsl5,"add w0, w19, w20, lsl #5","Integer / add, subtract",,E,latency,R0,W0,2,1.999,2,cycles,
add_w_lsl5,"add w0, w19, w20, lsl #5","Integer / add, subtract",,E,latency,R1,W0,2,1.999,2,cycles,
add_w_lsl12,"add w0, w19, w20, lsl #12","Integer / add, subtract",,P,throughput,,,3.528,3.266,3.629,per cycle,
add_w_lsl12,"add w0, w19, w20, lsl #12","Integer / add, subtract",,P,latency,R0,W0,1.012,1.012,1.014,cycles,
add_w_lsl12,"add w0, w19, w20, lsl #12","Integer / add, subtract",,P,latency,R1,W0,2,2,2,cycles,
add_w_lsl12,"add w0, w19, w20, lsl #12","Integer / add, subtract",,E,throughput,,,1.999,1.998,2,per cycle,
add_w_lsl12,"add w0, w19, w20, lsl #12","Integer / add, subtract",,E,latency,R0,W0,2,2,2,cycles,
add_w_lsl12,"add w0, w19, w20, lsl #12","Integer / add, subtract",,E,latency,R1,W0,2,1.999,2,cycles,
add_w_lsr3,"add w0, w19, w20, lsr #3","Integer / add, subtract",,P,throughput,,,3.548,3.494,3.66,per cycle,
add_w_lsr3,"add w0, w19, w20, lsr #3","Integer / add, subtract",,P,latency,R0,W0,1.012,1.011,1.013,cycles,
add_w_lsr3,"add w0, w19, w20, lsr #3","Integer / add, subtract",,P,latency,R1,W0,2,1.999,2.001,cycles,
add_w_lsr3,"add w0, w19, w20, lsr #3","Integer / add, subtract",,E,throughput,,,2,1.998,2.006,per cycle,
add_w_lsr3,"add w0, w19, w20, lsr #3","Integer / add, subtract",,E,latency,R0,W0,2,2,2.001,cycles,
add_w_lsr3,"add w0, w19, w20, lsr #3","Integer / add, subtract",,E,latency,R1,W0,2,1.999,2,cycles,
add_w_asr3,"add w0, w19, w20, asr #3","Integer / add, subtract",,P,throughput,,,3.548,3.364,3.634,per cycle,
add_w_asr3,"add w0, w19, w20, asr #3","Integer / add, subtract",,P,latency,R0,W0,1.012,1.01,1.013,cycles,
add_w_asr3,"add w0, w19, w20, asr #3","Integer / add, subtract",,P,latency,R1,W0,2,2,2.001,cycles,
add_w_asr3,"add w0, w19, w20, asr #3","Integer / add, subtract",,E,throughput,,,2,1.991,2.001,per cycle,
add_w_asr3,"add w0, w19, w20, asr #3","Integer / add, subtract",,E,latency,R0,W0,2,1.999,2,cycles,
add_w_asr3,"add w0, w19, w20, asr #3","Integer / add, subtract",,E,latency,R1,W0,2,2,2.001,cycles,
sub_w_lsl2,"sub w0, w19, w20, lsl #2","Integer / add, subtract",,P,throughput,,,3.528,3.293,3.567,per cycle,
sub_w_lsl2,"sub w0, w19, w20, lsl #2","Integer / add, subtract",,P,latency,R0,W0,1.012,1.011,1.013,cycles,
sub_w_lsl2,"sub w0, w19, w20, lsl #2","Integer / add, subtract",,P,latency,R1,W0,2.001,1.999,2.001,cycles,
sub_w_lsl2,"sub w0, w19, w20, lsl #2","Integer / add, subtract",,E,throughput,,,2,1.999,2.001,per cycle,
sub_w_lsl2,"sub w0, w19, w20, lsl #2","Integer / add, subtract",,E,latency,R0,W0,2,2,2.001,cycles,
sub_w_lsl2,"sub w0, w19, w20, lsl #2","Integer / add, subtract",,E,latency,R1,W0,2,1.999,2,cycles,
sub_w_lsr3,"sub w0, w19, w20, lsr #3","Integer / add, subtract",,P,throughput,,,3.532,3.476,3.677,per cycle,
sub_w_lsr3,"sub w0, w19, w20, lsr #3","Integer / add, subtract",,P,latency,R0,W0,1.012,1.011,1.013,cycles,
sub_w_lsr3,"sub w0, w19, w20, lsr #3","Integer / add, subtract",,P,latency,R1,W0,2,1.999,2.001,cycles,
sub_w_lsr3,"sub w0, w19, w20, lsr #3","Integer / add, subtract",,E,throughput,,,2,1.997,2,per cycle,
sub_w_lsr3,"sub w0, w19, w20, lsr #3","Integer / add, subtract",,E,latency,R0,W0,2,1.999,2,cycles,
sub_w_lsr3,"sub w0, w19, w20, lsr #3","Integer / add, subtract",,E,latency,R1,W0,2,2,2.001,cycles,
neg_w_lsl2,"neg w0, w19, lsl #2","Integer / add, subtract",,P,throughput,,,3.731,3.708,3.758,per cycle,
neg_w_lsl2,"neg w0, w19, lsl #2","Integer / add, subtract",,P,latency,R0,W0,2,1.999,2.001,cycles,
neg_w_lsl2,"neg w0, w19, lsl #2","Integer / add, subtract",,E,throughput,,,2,1.999,2.001,per cycle,
neg_w_lsl2,"neg w0, w19, lsl #2","Integer / add, subtract",,E,latency,R0,W0,2,1.999,2.004,cycles,
add_w_uxtb,"add w0, w19, w20, uxtb","Integer / add, subtract",,P,throughput,,,6.537,6.043,6.677,per cycle,
add_w_uxtb,"add w0, w19, w20, uxtb","Integer / add, subtract",,P,latency,R0,W0,1,1,1,cycles,
add_w_uxtb,"add w0, w19, w20, uxtb","Integer / add, subtract",,P,latency,R1,W0,1,1,1,cycles,
add_w_uxtb,"add w0, w19, w20, uxtb","Integer / add, subtract",,E,throughput,,,4,4,4.002,per cycle,
add_w_uxtb,"add w0, w19, w20, uxtb","Integer / add, subtract",,E,latency,R0,W0,1,1,1.002,cycles,
add_w_uxtb,"add w0, w19, w20, uxtb","Integer / add, subtract",,E,latency,R1,W0,1,1,1.001,cycles,
add_w_uxth,"add w0, w19, w20, uxth","Integer / add, subtract",,P,throughput,,,6.673,6.663,6.706,per cycle,
add_w_uxth,"add w0, w19, w20, uxth","Integer / add, subtract",,P,latency,R0,W0,1,1,1,cycles,
add_w_uxth,"add w0, w19, w20, uxth","Integer / add, subtract",,P,latency,R1,W0,1,1,1,cycles,
add_w_uxth,"add w0, w19, w20, uxth","Integer / add, subtract",,E,throughput,,,4,3.997,4.001,per cycle,
add_w_uxth,"add w0, w19, w20, uxth","Integer / add, subtract",,E,latency,R0,W0,1,1,1.001,cycles,
add_w_uxth,"add w0, w19, w20, uxth","Integer / add, subtract",,E,latency,R1,W0,1,0.999,1.002,cycles,
add_w_sxtb,"add w0, w19, w20, sxtb","Integer / add, subtract",,P,throughput,,,3.48,3.351,3.655,per cycle,
add_w_sxtb,"add w0, w19, w20, sxtb","Integer / add, subtract",,P,latency,R0,W0,1.013,1.013,1.015,cycles,
add_w_sxtb,"add w0, w19, w20, sxtb","Integer / add, subtract",,P,latency,R1,W0,2,1.999,2,cycles,
add_w_sxtb,"add w0, w19, w20, sxtb","Integer / add, subtract",,E,throughput,,,2,1.999,2,per cycle,
add_w_sxtb,"add w0, w19, w20, sxtb","Integer / add, subtract",,E,latency,R0,W0,2,1.999,2,cycles,
add_w_sxtb,"add w0, w19, w20, sxtb","Integer / add, subtract",,E,latency,R1,W0,2,2,2.001,cycles,
add_w_sxth_lsl2,"add w0, w19, w20, sxth #2","Integer / add, subtract",,P,throughput,,,3.532,3.473,3.667,per cycle,
add_w_sxth_lsl2,"add w0, w19, w20, sxth #2","Integer / add, subtract",,P,latency,R0,W0,1.012,1.012,1.015,cycles,
add_w_sxth_lsl2,"add w0, w19, w20, sxth #2","Integer / add, subtract",,P,latency,R1,W0,2,1.999,2.001,cycles,
add_w_sxth_lsl2,"add w0, w19, w20, sxth #2","Integer / add, subtract",,E,throughput,,,2.001,2,2.003,per cycle,
add_w_sxth_lsl2,"add w0, w19, w20, sxth #2","Integer / add, subtract",,E,latency,R0,W0,2,1.999,2.003,cycles,
add_w_sxth_lsl2,"add w0, w19, w20, sxth #2","Integer / add, subtract",,E,latency,R1,W0,2,1.997,2,cycles,
adds_w_reg,"adds w0, w19, w20","Integer / add, subtract",,P,throughput,,,3.56,3.539,3.611,per cycle,
adds_w_reg,"adds w0, w19, w20","Integer / add, subtract",,P,latency,R0,W0,1,1,1,cycles,
adds_w_reg,"adds w0, w19, w20","Integer / add, subtract",,P,latency,R0,nzcv,1,0.999,1,cycles,
adds_w_reg,"adds w0, w19, w20","Integer / add, subtract",,P,latency,R1,W0,1,1,1,cycles,
adds_w_reg,"adds w0, w19, w20","Integer / add, subtract",,P,latency,R1,nzcv,1,0.999,1.001,cycles,
adds_w_reg,"adds w0, w19, w20","Integer / add, subtract",,E,throughput,,,3.999,3.998,4,per cycle,
adds_w_reg,"adds w0, w19, w20","Integer / add, subtract",,E,latency,R0,W0,1,1,1,cycles,
adds_w_reg,"adds w0, w19, w20","Integer / add, subtract",,E,latency,R0,nzcv,1,0.999,1.001,cycles,
adds_w_reg,"adds w0, w19, w20","Integer / add, subtract",,E,latency,R1,W0,1,1,1,cycles,
adds_w_reg,"adds w0, w19, w20","Integer / add, subtract",,E,latency,R1,nzcv,1,0.999,1,cycles,
adds_w_imm,"adds w0, w19, #1","Integer / add, subtract",,P,throughput,,,3.999,3.999,4.002,per cycle,
adds_w_imm,"adds w0, w19, #1","Integer / add, subtract",,P,latency,R0,W0,1,1,1,cycles,
adds_w_imm,"adds w0, w19, #1","Integer / add, subtract",,P,latency,R0,nzcv,1.001,1,1.001,cycles,
adds_w_imm,"adds w0, w19, #1","Integer / add, subtract",,E,throughput,,,4,3.997,4,per cycle,
adds_w_imm,"adds w0, w19, #1","Integer / add, subtract",,E,latency,R0,W0,1,1,1,cycles,
adds_w_imm,"adds w0, w19, #1","Integer / add, subtract",,E,latency,R0,nzcv,1,1,1.004,cycles,
adds_w_lsl2,"adds w0, w19, w20, lsl #2","Integer / add, subtract",,P,throughput,,,2.061,2.036,2.2,per cycle,
adds_w_lsl2,"adds w0, w19, w20, lsl #2","Integer / add, subtract",,P,latency,R0,W0,1,0.999,1,cycles,
adds_w_lsl2,"adds w0, w19, w20, lsl #2","Integer / add, subtract",,P,latency,R0,nzcv,1.001,1,1.001,cycles,
adds_w_lsl2,"adds w0, w19, w20, lsl #2","Integer / add, subtract",,P,latency,R1,W0,1.999,1.999,2,cycles,
adds_w_lsl2,"adds w0, w19, w20, lsl #2","Integer / add, subtract",,P,latency,R1,nzcv,2.001,2,2.001,cycles,
adds_w_lsl2,"adds w0, w19, w20, lsl #2","Integer / add, subtract",,E,throughput,,,2,1.993,2,per cycle,
adds_w_lsl2,"adds w0, w19, w20, lsl #2","Integer / add, subtract",,E,latency,R0,W0,2.001,2,2.004,cycles,
adds_w_lsl2,"adds w0, w19, w20, lsl #2","Integer / add, subtract",,E,latency,R0,nzcv,2,2,2.01,cycles,
adds_w_lsl2,"adds w0, w19, w20, lsl #2","Integer / add, subtract",,E,latency,R1,W0,2,1.997,2,cycles,
adds_w_lsl2,"adds w0, w19, w20, lsl #2","Integer / add, subtract",,E,latency,R1,nzcv,2,2,2,cycles,
subs_w_reg,"subs w0, w19, w20","Integer / add, subtract",,P,throughput,,,3.588,3.545,3.848,per cycle,
subs_w_reg,"subs w0, w19, w20","Integer / add, subtract",,P,latency,R0,W0,1,1,1,cycles,
subs_w_reg,"subs w0, w19, w20","Integer / add, subtract",,P,latency,R0,nzcv,1,0.999,1.001,cycles,
subs_w_reg,"subs w0, w19, w20","Integer / add, subtract",,P,latency,R1,W0,1,0.999,1,cycles,
subs_w_reg,"subs w0, w19, w20","Integer / add, subtract",,P,latency,R1,nzcv,1,0.999,1,cycles,
subs_w_reg,"subs w0, w19, w20","Integer / add, subtract",,E,throughput,,,3.999,3.998,4.002,per cycle,
subs_w_reg,"subs w0, w19, w20","Integer / add, subtract",,E,latency,R0,W0,1,1,1,cycles,
subs_w_reg,"subs w0, w19, w20","Integer / add, subtract",,E,latency,R0,nzcv,1,1,1.001,cycles,
subs_w_reg,"subs w0, w19, w20","Integer / add, subtract",,E,latency,R1,W0,1,1,1,cycles,
subs_w_reg,"subs w0, w19, w20","Integer / add, subtract",,E,latency,R1,nzcv,1,0.999,1.002,cycles,
subs_w_imm,"subs w0, w19, #1","Integer / add, subtract",,P,throughput,,,4.001,3.999,4.002,per cycle,
subs_w_imm,"subs w0, w19, #1","Integer / add, subtract",,P,latency,R0,W0,1,1,1,cycles,
subs_w_imm,"subs w0, w19, #1","Integer / add, subtract",,P,latency,R0,nzcv,1.001,0.999,1.001,cycles,
subs_w_imm,"subs w0, w19, #1","Integer / add, subtract",,E,throughput,,,4,3.999,4.004,per cycle,
subs_w_imm,"subs w0, w19, #1","Integer / add, subtract",,E,latency,R0,W0,1,0.999,1,cycles,
subs_w_imm,"subs w0, w19, #1","Integer / add, subtract",,E,latency,R0,nzcv,1,1,1.001,cycles,
subs_w_lsl2,"subs w0, w19, w20, lsl #2","Integer / add, subtract",,P,throughput,,,2.105,2.09,2.124,per cycle,
subs_w_lsl2,"subs w0, w19, w20, lsl #2","Integer / add, subtract",,P,latency,R0,W0,1,0.999,1,cycles,
subs_w_lsl2,"subs w0, w19, w20, lsl #2","Integer / add, subtract",,P,latency,R0,nzcv,1,0.999,1.001,cycles,
subs_w_lsl2,"subs w0, w19, w20, lsl #2","Integer / add, subtract",,P,latency,R1,W0,2,2,2.001,cycles,
subs_w_lsl2,"subs w0, w19, w20, lsl #2","Integer / add, subtract",,P,latency,R1,nzcv,2,1.999,2.001,cycles,
subs_w_lsl2,"subs w0, w19, w20, lsl #2","Integer / add, subtract",,E,throughput,,,2.001,2,2.004,per cycle,
subs_w_lsl2,"subs w0, w19, w20, lsl #2","Integer / add, subtract",,E,latency,R0,W0,2,1.999,2,cycles,
subs_w_lsl2,"subs w0, w19, w20, lsl #2","Integer / add, subtract",,E,latency,R0,nzcv,2,2,2.005,cycles,
subs_w_lsl2,"subs w0, w19, w20, lsl #2","Integer / add, subtract",,E,latency,R1,W0,2,1.999,2.008,cycles,
subs_w_lsl2,"subs w0, w19, w20, lsl #2","Integer / add, subtract",,E,latency,R1,nzcv,2,2,2.011,cycles,
negs_w,"negs w0, w19","Integer / add, subtract",,P,throughput,,,4.019,3.996,4.032,per cycle,
negs_w,"negs w0, w19","Integer / add, subtract",,P,latency,R0,W0,1,1,1,cycles,
negs_w,"negs w0, w19","Integer / add, subtract",,P,latency,R0,nzcv,1,0.999,1,cycles,
negs_w,"negs w0, w19","Integer / add, subtract",,E,throughput,,,4.001,3.999,4.001,per cycle,
negs_w,"negs w0, w19","Integer / add, subtract",,E,latency,R0,W0,1,1,1.001,cycles,
negs_w,"negs w0, w19","Integer / add, subtract",,E,latency,R0,nzcv,1,0.999,1,cycles,
cmp_w_reg,"cmp w19, w20","Integer / add, subtract",,P,throughput,,,3.809,3.698,3.889,per cycle,
cmp_w_reg,"cmp w19, w20","Integer / add, subtract",,P,latency,R0,nzcv,1,1,1.001,cycles,
cmp_w_reg,"cmp w19, w20","Integer / add, subtract",,P,latency,R1,nzcv,1,0.999,1.001,cycles,
cmp_w_reg,"cmp w19, w20","Integer / add, subtract",,E,throughput,,,4.001,4,4.012,per cycle,
cmp_w_reg,"cmp w19, w20","Integer / add, subtract",,E,latency,R0,nzcv,1,0.999,1,cycles,
cmp_w_reg,"cmp w19, w20","Integer / add, subtract",,E,latency,R1,nzcv,1,1,1.003,cycles,
cmp_w_imm,"cmp w19, #1","Integer / add, subtract",,P,throughput,,,3.999,3.998,4.002,per cycle,
cmp_w_imm,"cmp w19, #1","Integer / add, subtract",,P,latency,R0,nzcv,1,1,1.001,cycles,
cmp_w_imm,"cmp w19, #1","Integer / add, subtract",,E,throughput,,,3.999,3.982,4.001,per cycle,
cmp_w_imm,"cmp w19, #1","Integer / add, subtract",,E,latency,R0,nzcv,1,1,1.002,cycles,
cmp_w_lsl2,"cmp w19, w20, lsl #2","Integer / add, subtract",,P,throughput,,,2,1.999,2.001,per cycle,
cmp_w_lsl2,"cmp w19, w20, lsl #2","Integer / add, subtract",,P,latency,R0,nzcv,2,1.999,2.001,cycles,
cmp_w_lsl2,"cmp w19, w20, lsl #2","Integer / add, subtract",,P,latency,R1,nzcv,2,1.999,2.001,cycles,
cmp_w_lsl2,"cmp w19, w20, lsl #2","Integer / add, subtract",,E,throughput,,,2,2,2.001,per cycle,
cmp_w_lsl2,"cmp w19, w20, lsl #2","Integer / add, subtract",,E,latency,R0,nzcv,2,2,2.002,cycles,
cmp_w_lsl2,"cmp w19, w20, lsl #2","Integer / add, subtract",,E,latency,R1,nzcv,2,1.998,2.001,cycles,
cmn_w_reg,"cmn w19, w20","Integer / add, subtract",,P,throughput,,,3.86,3.705,4.002,per cycle,
cmn_w_reg,"cmn w19, w20","Integer / add, subtract",,P,latency,R0,nzcv,1,0.999,1.001,cycles,
cmn_w_reg,"cmn w19, w20","Integer / add, subtract",,P,latency,R1,nzcv,1,1,1.001,cycles,
cmn_w_reg,"cmn w19, w20","Integer / add, subtract",,E,throughput,,,4,3.99,4.001,per cycle,
cmn_w_reg,"cmn w19, w20","Integer / add, subtract",,E,latency,R0,nzcv,1,0.999,1.008,cycles,
cmn_w_reg,"cmn w19, w20","Integer / add, subtract",,E,latency,R1,nzcv,1,1,1.009,cycles,
cmn_w_imm,"cmn w19, #1","Integer / add, subtract",,P,throughput,,,4.001,3.999,4.003,per cycle,
cmn_w_imm,"cmn w19, #1","Integer / add, subtract",,P,latency,R0,nzcv,1,1,1.001,cycles,
cmn_w_imm,"cmn w19, #1","Integer / add, subtract",,E,throughput,,,4.001,4,4.003,per cycle,
cmn_w_imm,"cmn w19, #1","Integer / add, subtract",,E,latency,R0,nzcv,1,0.999,1,cycles,
adc_w,"adc w0, w19, w20","Integer / add, subtract",,P,throughput,,,3.813,3.772,3.882,per cycle,
adc_w,"adc w0, w19, w20","Integer / add, subtract",,P,latency,R0,W0,1,1,1,cycles,
adc_w,"adc w0, w19, w20","Integer / add, subtract",,P,latency,R1,W0,1,1,1,cycles,
adc_w,"adc w0, w19, w20","Integer / add, subtract",,P,latency,nzcv,W0,1.001,0.999,1.002,cycles,
adc_w,"adc w0, w19, w20","Integer / add, subtract",,E,throughput,,,4,3.999,4,per cycle,
adc_w,"adc w0, w19, w20","Integer / add, subtract",,E,latency,R0,W0,1,0.999,1.003,cycles,
adc_w,"adc w0, w19, w20","Integer / add, subtract",,E,latency,R1,W0,1,0.999,1.003,cycles,
adc_w,"adc w0, w19, w20","Integer / add, subtract",,E,latency,nzcv,W0,1,0.997,1.003,cycles,
sbc_w,"sbc w0, w19, w20","Integer / add, subtract",,P,throughput,,,3.799,3.777,3.855,per cycle,
sbc_w,"sbc w0, w19, w20","Integer / add, subtract",,P,latency,R0,W0,1,1,1,cycles,
sbc_w,"sbc w0, w19, w20","Integer / add, subtract",,P,latency,R1,W0,1,1,1.001,cycles,
sbc_w,"sbc w0, w19, w20","Integer / add, subtract",,P,latency,nzcv,W0,1,0.999,1.001,cycles,
sbc_w,"sbc w0, w19, w20","Integer / add, subtract",,E,throughput,,,4,3.999,4.002,per cycle,
sbc_w,"sbc w0, w19, w20","Integer / add, subtract",,E,latency,R0,W0,1,0.996,1,cycles,
sbc_w,"sbc w0, w19, w20","Integer / add, subtract",,E,latency,R1,W0,1,0.999,1,cycles,
sbc_w,"sbc w0, w19, w20","Integer / add, subtract",,E,latency,nzcv,W0,1,0.999,1,cycles,
ngc_w,"ngc w0, w19","Integer / add, subtract",,P,throughput,,,4,3.998,4.001,per cycle,
ngc_w,"ngc w0, w19","Integer / add, subtract",,P,latency,R0,W0,1,1,1,cycles,
ngc_w,"ngc w0, w19","Integer / add, subtract",,P,latency,nzcv,W0,1,1,1.001,cycles,
ngc_w,"ngc w0, w19","Integer / add, subtract",,E,throughput,,,3.999,3.999,4.001,per cycle,
ngc_w,"ngc w0, w19","Integer / add, subtract",,E,latency,R0,W0,1,1,1.002,cycles,
ngc_w,"ngc w0, w19","Integer / add, subtract",,E,latency,nzcv,W0,1,1,1.003,cycles,
adcs_w,"adcs w0, w19, w20","Integer / add, subtract",,P,throughput,,,1,0.999,1,per cycle,limited-by-own-chain
adcs_w,"adcs w0, w19, w20","Integer / add, subtract",,P,latency,R0,W0,1,0.999,1,cycles,
adcs_w,"adcs w0, w19, w20","Integer / add, subtract",,P,latency,R0,nzcv,1,0.999,1.001,cycles,
adcs_w,"adcs w0, w19, w20","Integer / add, subtract",,P,latency,R1,W0,1,0.999,1,cycles,
adcs_w,"adcs w0, w19, w20","Integer / add, subtract",,P,latency,R1,nzcv,1,1,1.001,cycles,
adcs_w,"adcs w0, w19, w20","Integer / add, subtract",,P,latency,nzcv,W0,1,0.999,1.001,cycles,
adcs_w,"adcs w0, w19, w20","Integer / add, subtract",,P,latency,nzcv,nzcv,1,0.999,1,cycles,
adcs_w,"adcs w0, w19, w20","Integer / add, subtract",,E,throughput,,,1,1,1.001,per cycle,limited-by-own-chain
adcs_w,"adcs w0, w19, w20","Integer / add, subtract",,E,latency,R0,W0,1,1,1,cycles,
adcs_w,"adcs w0, w19, w20","Integer / add, subtract",,E,latency,R0,nzcv,1,0.999,1,cycles,
adcs_w,"adcs w0, w19, w20","Integer / add, subtract",,E,latency,R1,W0,1,1,1.002,cycles,
adcs_w,"adcs w0, w19, w20","Integer / add, subtract",,E,latency,R1,nzcv,1,1,1,cycles,
adcs_w,"adcs w0, w19, w20","Integer / add, subtract",,E,latency,nzcv,W0,1,1,1,cycles,
adcs_w,"adcs w0, w19, w20","Integer / add, subtract",,E,latency,nzcv,nzcv,1,1,1,cycles,
sbcs_w,"sbcs w0, w19, w20","Integer / add, subtract",,P,throughput,,,1,0.999,1.001,per cycle,limited-by-own-chain
sbcs_w,"sbcs w0, w19, w20","Integer / add, subtract",,P,latency,R0,W0,1,1,1,cycles,
sbcs_w,"sbcs w0, w19, w20","Integer / add, subtract",,P,latency,R0,nzcv,1,0.999,1,cycles,
sbcs_w,"sbcs w0, w19, w20","Integer / add, subtract",,P,latency,R1,W0,1,1,1,cycles,
sbcs_w,"sbcs w0, w19, w20","Integer / add, subtract",,P,latency,R1,nzcv,1,0.999,1.001,cycles,
sbcs_w,"sbcs w0, w19, w20","Integer / add, subtract",,P,latency,nzcv,W0,1,1,1.001,cycles,
sbcs_w,"sbcs w0, w19, w20","Integer / add, subtract",,P,latency,nzcv,nzcv,1,1,1,cycles,
sbcs_w,"sbcs w0, w19, w20","Integer / add, subtract",,E,throughput,,,1,1,1,per cycle,limited-by-own-chain
sbcs_w,"sbcs w0, w19, w20","Integer / add, subtract",,E,latency,R0,W0,1,1,1.001,cycles,
sbcs_w,"sbcs w0, w19, w20","Integer / add, subtract",,E,latency,R0,nzcv,1,0.995,1.006,cycles,
sbcs_w,"sbcs w0, w19, w20","Integer / add, subtract",,E,latency,R1,W0,1,0.998,1.001,cycles,
sbcs_w,"sbcs w0, w19, w20","Integer / add, subtract",,E,latency,R1,nzcv,1,0.999,1.003,cycles,
sbcs_w,"sbcs w0, w19, w20","Integer / add, subtract",,E,latency,nzcv,W0,1,0.997,1.001,cycles,
sbcs_w,"sbcs w0, w19, w20","Integer / add, subtract",,E,latency,nzcv,nzcv,1,0.998,1,cycles,
add_x_sxtw,"add x0, x19, w20, sxtw","Integer / add, subtract",,P,throughput,,,3.252,3.022,3.431,per cycle,
add_x_sxtw,"add x0, x19, w20, sxtw","Integer / add, subtract",,P,latency,R0,W0,1.014,1.013,1.017,cycles,
add_x_sxtw,"add x0, x19, w20, sxtw","Integer / add, subtract",,P,latency,R1,W0,2,1.999,2.001,cycles,
add_x_sxtw,"add x0, x19, w20, sxtw","Integer / add, subtract",,E,throughput,,,1.999,1.996,2.002,per cycle,
add_x_sxtw,"add x0, x19, w20, sxtw","Integer / add, subtract",,E,latency,R0,W0,1.999,1.998,2,cycles,
add_x_sxtw,"add x0, x19, w20, sxtw","Integer / add, subtract",,E,latency,R1,W0,2.001,2,2.003,cycles,
add_x_uxtw,"add x0, x19, w20, uxtw","Integer / add, subtract",,P,throughput,,,6.123,5.755,6.316,per cycle,
add_x_uxtw,"add x0, x19, w20, uxtw","Integer / add, subtract",,P,latency,R0,W0,1,1,1,cycles,
add_x_uxtw,"add x0, x19, w20, uxtw","Integer / add, subtract",,P,latency,R1,W0,1,1,1,cycles,
add_x_uxtw,"add x0, x19, w20, uxtw","Integer / add, subtract",,E,throughput,,,4.001,4,4.003,per cycle,
add_x_uxtw,"add x0, x19, w20, uxtw","Integer / add, subtract",,E,latency,R0,W0,1,1,1,cycles,
add_x_uxtw,"add x0, x19, w20, uxtw","Integer / add, subtract",,E,latency,R1,W0,1,1,1,cycles,
add_x_uxtw_lsl2,"add x0, x19, w20, uxtw #2","Integer / add, subtract",,P,throughput,,,3.502,3.309,3.535,per cycle,
add_x_uxtw_lsl2,"add x0, x19, w20, uxtw #2","Integer / add, subtract",,P,latency,R0,W0,1.015,1.014,1.016,cycles,
add_x_uxtw_lsl2,"add x0, x19, w20, uxtw #2","Integer / add, subtract",,P,latency,R1,W0,2,1.999,2,cycles,
add_x_uxtw_lsl2,"add x0, x19, w20, uxtw #2","Integer / add, subtract",,E,throughput,,,2,1.999,2.001,per cycle,
add_x_uxtw_lsl2,"add x0, x19, w20, uxtw #2","Integer / add, subtract",,E,latency,R0,W0,2,2,2.001,cycles,
add_x_uxtw_lsl2,"add x0, x19, w20, uxtw #2","Integer / add, subtract",,E,latency,R1,W0,2,2,2.002,cycles,
add_x_sxtw_lsl3,"add x0, x19, w20, sxtw #3","Integer / add, subtract",,P,throughput,,,3.466,3.388,3.596,per cycle,
add_x_sxtw_lsl3,"add x0, x19, w20, sxtw #3","Integer / add, subtract",,P,latency,R0,W0,1.015,1.014,1.016,cycles,
add_x_sxtw_lsl3,"add x0, x19, w20, sxtw #3","Integer / add, subtract",,P,latency,R1,W0,2,1.999,2,cycles,
add_x_sxtw_lsl3,"add x0, x19, w20, sxtw #3","Integer / add, subtract",,E,throughput,,,2,2,2.002,per cycle,
add_x_sxtw_lsl3,"add x0, x19, w20, sxtw #3","Integer / add, subtract",,E,latency,R0,W0,2,2,2.002,cycles,
add_x_sxtw_lsl3,"add x0, x19, w20, sxtw #3","Integer / add, subtract",,E,latency,R1,W0,2,1.999,2.005,cycles,
sub_x_sxtw,"sub x0, x19, w20, sxtw","Integer / add, subtract",,P,throughput,,,3.601,3.448,3.721,per cycle,
sub_x_sxtw,"sub x0, x19, w20, sxtw","Integer / add, subtract",,P,latency,R0,W0,1.015,1.014,1.016,cycles,
sub_x_sxtw,"sub x0, x19, w20, sxtw","Integer / add, subtract",,P,latency,R1,W0,2,2,2.001,cycles,
sub_x_sxtw,"sub x0, x19, w20, sxtw","Integer / add, subtract",,E,throughput,,,2,2,2.001,per cycle,
sub_x_sxtw,"sub x0, x19, w20, sxtw","Integer / add, subtract",,E,latency,R0,W0,2,1.999,2,cycles,
sub_x_sxtw,"sub x0, x19, w20, sxtw","Integer / add, subtract",,E,latency,R1,W0,2,2,2,cycles,
cmp_x_sxtw,"cmp x19, w20, sxtw","Integer / add, subtract",,P,throughput,,,2,1.999,2.001,per cycle,
cmp_x_sxtw,"cmp x19, w20, sxtw","Integer / add, subtract",,P,latency,R0,nzcv,2.001,1.998,2.001,cycles,
cmp_x_sxtw,"cmp x19, w20, sxtw","Integer / add, subtract",,P,latency,R1,nzcv,2,1.999,2.001,cycles,
cmp_x_sxtw,"cmp x19, w20, sxtw","Integer / add, subtract",,E,throughput,,,2,2,2.004,per cycle,
cmp_x_sxtw,"cmp x19, w20, sxtw","Integer / add, subtract",,E,latency,R0,nzcv,2,2,2,cycles,
cmp_x_sxtw,"cmp x19, w20, sxtw","Integer / add, subtract",,E,latency,R1,nzcv,2,2,2.005,cycles,
adr,"adr x0, #0","Integer / add, subtract",,P,throughput,,,4.999,4.997,5.002,per cycle,
adr,"adr x0, #0","Integer / add, subtract",,E,throughput,,,6.001,5.998,6.006,per cycle,
adrp,"adrp x0, #0","Integer / add, subtract",,P,throughput,,,5.001,4.998,5.002,per cycle,
adrp,"adrp x0, #0","Integer / add, subtract",,E,throughput,,,6,5.997,6.002,per cycle,
and_x_reg,"and x0, x19, x20",Integer / logical,,P,throughput,,,6.698,6.631,7.136,per cycle,
and_x_reg,"and x0, x19, x20",Integer / logical,,P,latency,R0,W0,1,0.999,1,cycles,
and_x_reg,"and x0, x19, x20",Integer / logical,,P,latency,R1,W0,1,1,1,cycles,
and_x_reg,"and x0, x19, x20",Integer / logical,,E,throughput,,,3.999,3.996,4.001,per cycle,
and_x_reg,"and x0, x19, x20",Integer / logical,,E,latency,R0,W0,1,1,1.002,cycles,
and_x_reg,"and x0, x19, x20",Integer / logical,,E,latency,R1,W0,1,0.997,1.003,cycles,
orr_x_reg,"orr x0, x19, x20",Integer / logical,,P,throughput,,,6.923,6.671,6.976,per cycle,
orr_x_reg,"orr x0, x19, x20",Integer / logical,,P,latency,R0,W0,1,1,1,cycles,
orr_x_reg,"orr x0, x19, x20",Integer / logical,,P,latency,R1,W0,1,1,1,cycles,
orr_x_reg,"orr x0, x19, x20",Integer / logical,,E,throughput,,,3.999,3.897,4.002,per cycle,
orr_x_reg,"orr x0, x19, x20",Integer / logical,,E,latency,R0,W0,1,1,1.01,cycles,
orr_x_reg,"orr x0, x19, x20",Integer / logical,,E,latency,R1,W0,1,1,1.01,cycles,
eor_x_reg,"eor x0, x19, x20",Integer / logical,,P,throughput,,,6.88,6.74,7.32,per cycle,
eor_x_reg,"eor x0, x19, x20",Integer / logical,,P,latency,R0,W0,1,1,1,cycles,
eor_x_reg,"eor x0, x19, x20",Integer / logical,,P,latency,R1,W0,1,1,1,cycles,
eor_x_reg,"eor x0, x19, x20",Integer / logical,,E,throughput,,,4.001,3.998,4.03,per cycle,
eor_x_reg,"eor x0, x19, x20",Integer / logical,,E,latency,R0,W0,1,1,1.001,cycles,
eor_x_reg,"eor x0, x19, x20",Integer / logical,,E,latency,R1,W0,1,1,1.002,cycles,
bic_x_reg,"bic x0, x19, x20",Integer / logical,,P,throughput,,,6.763,6.747,7.36,per cycle,
bic_x_reg,"bic x0, x19, x20",Integer / logical,,P,latency,R0,W0,1,1,1.001,cycles,
bic_x_reg,"bic x0, x19, x20",Integer / logical,,P,latency,R1,W0,1,1,1,cycles,
bic_x_reg,"bic x0, x19, x20",Integer / logical,,E,throughput,,,3.999,3.983,4,per cycle,
bic_x_reg,"bic x0, x19, x20",Integer / logical,,E,latency,R0,W0,1,1,1.002,cycles,
bic_x_reg,"bic x0, x19, x20",Integer / logical,,E,latency,R1,W0,1,0.998,1,cycles,
orn_x_reg,"orn x0, x19, x20",Integer / logical,,P,throughput,,,6.802,6.138,7.241,per cycle,
orn_x_reg,"orn x0, x19, x20",Integer / logical,,P,latency,R0,W0,1,0.999,1.001,cycles,
orn_x_reg,"orn x0, x19, x20",Integer / logical,,P,latency,R1,W0,1,1,1,cycles,
orn_x_reg,"orn x0, x19, x20",Integer / logical,,E,throughput,,,4,3.997,4.001,per cycle,
orn_x_reg,"orn x0, x19, x20",Integer / logical,,E,latency,R0,W0,1,1,1.001,cycles,
orn_x_reg,"orn x0, x19, x20",Integer / logical,,E,latency,R1,W0,1,1,1.003,cycles,
eon_x_reg,"eon x0, x19, x20",Integer / logical,,P,throughput,,,6.926,6.706,7.118,per cycle,
eon_x_reg,"eon x0, x19, x20",Integer / logical,,P,latency,R0,W0,1,1,1,cycles,
eon_x_reg,"eon x0, x19, x20",Integer / logical,,P,latency,R1,W0,1,1,1,cycles,
eon_x_reg,"eon x0, x19, x20",Integer / logical,,E,throughput,,,4.001,4,4.007,per cycle,
eon_x_reg,"eon x0, x19, x20",Integer / logical,,E,latency,R0,W0,1,1,1.001,cycles,
eon_x_reg,"eon x0, x19, x20",Integer / logical,,E,latency,R1,W0,1,0.999,1.005,cycles,
mvn_x,"mvn x0, x19",Integer / logical,,P,throughput,,,7.668,7.608,7.771,per cycle,
mvn_x,"mvn x0, x19",Integer / logical,,P,latency,R0,W0,1,0.999,1,cycles,
mvn_x,"mvn x0, x19",Integer / logical,,E,throughput,,,4,3.998,4.001,per cycle,
mvn_x,"mvn x0, x19",Integer / logical,,E,latency,R0,W0,1,1,1.002,cycles,
and_x_imm,"and x0, x19, #0xff",Integer / logical,,P,throughput,,,7.709,7.685,7.746,per cycle,
and_x_imm,"and x0, x19, #0xff",Integer / logical,,P,latency,R0,W0,1,1,1,cycles,
and_x_imm,"and x0, x19, #0xff",Integer / logical,,E,throughput,,,3.999,3.995,4.002,per cycle,
and_x_imm,"and x0, x19, #0xff",Integer / logical,,E,latency,R0,W0,1,1,1.004,cycles,
orr_x_imm,"orr x0, x19, #0xff",Integer / logical,,P,throughput,,,7.7,7.693,7.705,per cycle,
orr_x_imm,"orr x0, x19, #0xff",Integer / logical,,P,latency,R0,W0,1,1,1,cycles,
orr_x_imm,"orr x0, x19, #0xff",Integer / logical,,E,throughput,,,4.001,3.972,4.008,per cycle,
orr_x_imm,"orr x0, x19, #0xff",Integer / logical,,E,latency,R0,W0,1,1,1.005,cycles,
eor_x_imm,"eor x0, x19, #0xff",Integer / logical,,P,throughput,,,7.712,7.704,7.754,per cycle,
eor_x_imm,"eor x0, x19, #0xff",Integer / logical,,P,latency,R0,W0,1,1,1,cycles,
eor_x_imm,"eor x0, x19, #0xff",Integer / logical,,E,throughput,,,4,3.965,4.009,per cycle,
eor_x_imm,"eor x0, x19, #0xff",Integer / logical,,E,latency,R0,W0,1,0.996,1,cycles,
and_x_lsl3,"and x0, x19, x20, lsl #3",Integer / logical,,P,throughput,,,3.498,3.371,3.63,per cycle,
and_x_lsl3,"and x0, x19, x20, lsl #3",Integer / logical,,P,latency,R0,W0,1.016,1.014,1.017,cycles,
and_x_lsl3,"and x0, x19, x20, lsl #3",Integer / logical,,P,latency,R1,W0,1.999,1.999,2,cycles,
and_x_lsl3,"and x0, x19, x20, lsl #3",Integer / logical,,E,throughput,,,2,1.996,2.001,per cycle,
and_x_lsl3,"and x0, x19, x20, lsl #3",Integer / logical,,E,latency,R0,W0,2,2,2.004,cycles,
and_x_lsl3,"and x0, x19, x20, lsl #3",Integer / logical,,E,latency,R1,W0,2,2,2.007,cycles,
orr_x_lsl3,"orr x0, x19, x20, lsl #3",Integer / logical,,P,throughput,,,3.563,3.52,3.72,per cycle,
orr_x_lsl3,"orr x0, x19, x20, lsl #3",Integer / logical,,P,latency,R0,W0,1.016,1.014,1.017,cycles,
orr_x_lsl3,"orr x0, x19, x20, lsl #3",Integer / logical,,P,latency,R1,W0,2,1.999,2,cycles,
orr_x_lsl3,"orr x0, x19, x20, lsl #3",Integer / logical,,E,throughput,,,2,1.996,2.001,per cycle,
orr_x_lsl3,"orr x0, x19, x20, lsl #3",Integer / logical,,E,latency,R0,W0,2,1.998,2.004,cycles,
orr_x_lsl3,"orr x0, x19, x20, lsl #3",Integer / logical,,E,latency,R1,W0,2,1.995,2.002,cycles,
eor_x_lsl3,"eor x0, x19, x20, lsl #3",Integer / logical,,P,throughput,,,3.529,3.211,3.622,per cycle,
eor_x_lsl3,"eor x0, x19, x20, lsl #3",Integer / logical,,P,latency,R0,W0,1.015,1.015,1.019,cycles,
eor_x_lsl3,"eor x0, x19, x20, lsl #3",Integer / logical,,P,latency,R1,W0,2,1.999,2.001,cycles,
eor_x_lsl3,"eor x0, x19, x20, lsl #3",Integer / logical,,E,throughput,,,1.999,1.998,2,per cycle,
eor_x_lsl3,"eor x0, x19, x20, lsl #3",Integer / logical,,E,latency,R0,W0,2,1.999,2.004,cycles,
eor_x_lsl3,"eor x0, x19, x20, lsl #3",Integer / logical,,E,latency,R1,W0,2,1.992,2.001,cycles,
eor_x_lsr3,"eor x0, x19, x20, lsr #3",Integer / logical,,P,throughput,,,3.611,3.584,3.767,per cycle,
eor_x_lsr3,"eor x0, x19, x20, lsr #3",Integer / logical,,P,latency,R0,W0,1.014,1.013,1.016,cycles,
eor_x_lsr3,"eor x0, x19, x20, lsr #3",Integer / logical,,P,latency,R1,W0,2,1.999,2,cycles,
eor_x_lsr3,"eor x0, x19, x20, lsr #3",Integer / logical,,E,throughput,,,1.999,1.998,2,per cycle,
eor_x_lsr3,"eor x0, x19, x20, lsr #3",Integer / logical,,E,latency,R0,W0,2,2,2.002,cycles,
eor_x_lsr3,"eor x0, x19, x20, lsr #3",Integer / logical,,E,latency,R1,W0,2,1.992,2.001,cycles,
eor_x_asr3,"eor x0, x19, x20, asr #3",Integer / logical,,P,throughput,,,3.594,3.521,3.723,per cycle,
eor_x_asr3,"eor x0, x19, x20, asr #3",Integer / logical,,P,latency,R0,W0,1.015,1.013,1.018,cycles,
eor_x_asr3,"eor x0, x19, x20, asr #3",Integer / logical,,P,latency,R1,W0,2,1.999,2.001,cycles,
eor_x_asr3,"eor x0, x19, x20, asr #3",Integer / logical,,E,throughput,,,1.999,1.986,2,per cycle,
eor_x_asr3,"eor x0, x19, x20, asr #3",Integer / logical,,E,latency,R0,W0,2,1.998,2.005,cycles,
eor_x_asr3,"eor x0, x19, x20, asr #3",Integer / logical,,E,latency,R1,W0,2,1.999,2.001,cycles,
eor_x_ror3,"eor x0, x19, x20, ror #3",Integer / logical,,P,throughput,,,3.633,3.462,3.734,per cycle,
eor_x_ror3,"eor x0, x19, x20, ror #3",Integer / logical,,P,latency,R0,W0,1.014,1.014,1.017,cycles,
eor_x_ror3,"eor x0, x19, x20, ror #3",Integer / logical,,P,latency,R1,W0,2,1.999,2,cycles,
eor_x_ror3,"eor x0, x19, x20, ror #3",Integer / logical,,E,throughput,,,2,1.995,2.001,per cycle,
eor_x_ror3,"eor x0, x19, x20, ror #3",Integer / logical,,E,latency,R0,W0,2,2,2.001,cycles,
eor_x_ror3,"eor x0, x19, x20, ror #3",Integer / logical,,E,latency,R1,W0,2,1.998,2.004,cycles,
bic_x_lsl3,"bic x0, x19, x20, lsl #3",Integer / logical,,P,throughput,,,3.591,3.334,3.608,per cycle,
bic_x_lsl3,"bic x0, x19, x20, lsl #3",Integer / logical,,P,latency,R0,W0,1.014,1.013,1.016,cycles,
bic_x_lsl3,"bic x0, x19, x20, lsl #3",Integer / logical,,P,latency,R1,W0,2,1.999,2.001,cycles,
bic_x_lsl3,"bic x0, x19, x20, lsl #3",Integer / logical,,E,throughput,,,2,1.999,2.004,per cycle,
bic_x_lsl3,"bic x0, x19, x20, lsl #3",Integer / logical,,E,latency,R0,W0,2,1.998,2,cycles,
bic_x_lsl3,"bic x0, x19, x20, lsl #3",Integer / logical,,E,latency,R1,W0,2,2,2.007,cycles,
ands_x_reg,"ands x0, x19, x20",Integer / logical,,P,throughput,,,3.574,3.378,3.726,per cycle,
ands_x_reg,"ands x0, x19, x20",Integer / logical,,P,latency,R0,W0,1,1,1,cycles,
ands_x_reg,"ands x0, x19, x20",Integer / logical,,P,latency,R0,nzcv,1,0.999,1.001,cycles,
ands_x_reg,"ands x0, x19, x20",Integer / logical,,P,latency,R1,W0,1,1,1,cycles,
ands_x_reg,"ands x0, x19, x20",Integer / logical,,P,latency,R1,nzcv,1,0.999,1,cycles,
ands_x_reg,"ands x0, x19, x20",Integer / logical,,E,throughput,,,3.999,3.963,4.001,per cycle,
ands_x_reg,"ands x0, x19, x20",Integer / logical,,E,latency,R0,W0,1,0.997,1,cycles,
ands_x_reg,"ands x0, x19, x20",Integer / logical,,E,latency,R0,nzcv,1,0.997,1.002,cycles,
ands_x_reg,"ands x0, x19, x20",Integer / logical,,E,latency,R1,W0,0.999,0.999,1,cycles,
ands_x_reg,"ands x0, x19, x20",Integer / logical,,E,latency,R1,nzcv,1,0.999,1.009,cycles,
ands_x_imm,"ands x0, x19, #0xff",Integer / logical,,P,throughput,,,4,3.998,4.001,per cycle,
ands_x_imm,"ands x0, x19, #0xff",Integer / logical,,P,latency,R0,W0,1,1,1,cycles,
ands_x_imm,"ands x0, x19, #0xff",Integer / logical,,P,latency,R0,nzcv,1,1,1.001,cycles,
ands_x_imm,"ands x0, x19, #0xff",Integer / logical,,E,throughput,,,3.999,3.991,4.006,per cycle,
ands_x_imm,"ands x0, x19, #0xff",Integer / logical,,E,latency,R0,W0,1,1,1.002,cycles,
ands_x_imm,"ands x0, x19, #0xff",Integer / logical,,E,latency,R0,nzcv,1,1,1.005,cycles,
ands_x_lsl3,"ands x0, x19, x20, lsl #3",Integer / logical,,P,throughput,,,2.072,2.047,2.094,per cycle,
ands_x_lsl3,"ands x0, x19, x20, lsl #3",Integer / logical,,P,latency,R0,W0,0.999,0.999,1,cycles,
ands_x_lsl3,"ands x0, x19, x20, lsl #3",Integer / logical,,P,latency,R0,nzcv,1,0.999,1.001,cycles,
ands_x_lsl3,"ands x0, x19, x20, lsl #3",Integer / logical,,P,latency,R1,W0,2,1.999,2.001,cycles,
ands_x_lsl3,"ands x0, x19, x20, lsl #3",Integer / logical,,P,latency,R1,nzcv,2,1.999,2,cycles,
ands_x_lsl3,"ands x0, x19, x20, lsl #3",Integer / logical,,E,throughput,,,1.999,1.988,2,per cycle,
ands_x_lsl3,"ands x0, x19, x20, lsl #3",Integer / logical,,E,latency,R0,W0,2,1.999,2.01,cycles,
ands_x_lsl3,"ands x0, x19, x20, lsl #3",Integer / logical,,E,latency,R0,nzcv,2.001,1.995,2.008,cycles,
ands_x_lsl3,"ands x0, x19, x20, lsl #3",Integer / logical,,E,latency,R1,W0,2,1.999,2,cycles,
ands_x_lsl3,"ands x0, x19, x20, lsl #3",Integer / logical,,E,latency,R1,nzcv,2,1.999,2.001,cycles,
bics_x_reg,"bics x0, x19, x20",Integer / logical,,P,throughput,,,3.74,3.55,3.781,per cycle,
bics_x_reg,"bics x0, x19, x20",Integer / logical,,P,latency,R0,W0,1,1,1,cycles,
bics_x_reg,"bics x0, x19, x20",Integer / logical,,P,latency,R0,nzcv,1,1,1.001,cycles,
bics_x_reg,"bics x0, x19, x20",Integer / logical,,P,latency,R1,W0,1,1,1,cycles,
bics_x_reg,"bics x0, x19, x20",Integer / logical,,P,latency,R1,nzcv,1.001,1,1.001,cycles,
bics_x_reg,"bics x0, x19, x20",Integer / logical,,E,throughput,,,4,3.989,4.007,per cycle,
bics_x_reg,"bics x0, x19, x20",Integer / logical,,E,latency,R0,W0,1,1,1.007,cycles,
bics_x_reg,"bics x0, x19, x20",Integer / logical,,E,latency,R0,nzcv,1,0.992,1.001,cycles,
bics_x_reg,"bics x0, x19, x20",Integer / logical,,E,latency,R1,W0,1,1,1.001,cycles,
bics_x_reg,"bics x0, x19, x20",Integer / logical,,E,latency,R1,nzcv,1,1,1.007,cycles,
tst_x_reg,"tst x19, x20",Integer / logical,,P,throughput,,,4.009,3.877,4.309,per cycle,
tst_x_reg,"tst x19, x20",Integer / logical,,P,latency,R0,nzcv,1,1,1.006,cycles,
tst_x_reg,"tst x19, x20",Integer / logical,,P,latency,R1,nzcv,1,0.999,1.001,cycles,
tst_x_reg,"tst x19, x20",Integer / logical,,E,throughput,,,3.999,3.992,4,per cycle,
tst_x_reg,"tst x19, x20",Integer / logical,,E,latency,R0,nzcv,1,1,1.006,cycles,
tst_x_reg,"tst x19, x20",Integer / logical,,E,latency,R1,nzcv,1,0.999,1.007,cycles,
tst_x_imm,"tst x19, #0xff",Integer / logical,,P,throughput,,,4,3.999,4.001,per cycle,
tst_x_imm,"tst x19, #0xff",Integer / logical,,P,latency,R0,nzcv,1,1,1.001,cycles,
tst_x_imm,"tst x19, #0xff",Integer / logical,,E,throughput,,,3.998,3.994,4,per cycle,
tst_x_imm,"tst x19, #0xff",Integer / logical,,E,latency,R0,nzcv,1,1,1.004,cycles,
and_w_reg,"and w0, w19, w20",Integer / logical,,P,throughput,,,6.712,6.555,6.871,per cycle,
and_w_reg,"and w0, w19, w20",Integer / logical,,P,latency,R0,W0,1,1,1,cycles,
and_w_reg,"and w0, w19, w20",Integer / logical,,P,latency,R1,W0,1,1,1,cycles,
and_w_reg,"and w0, w19, w20",Integer / logical,,E,throughput,,,3.999,3.996,4.004,per cycle,
and_w_reg,"and w0, w19, w20",Integer / logical,,E,latency,R0,W0,1,0.998,1,cycles,
and_w_reg,"and w0, w19, w20",Integer / logical,,E,latency,R1,W0,1,1,1.001,cycles,
orr_w_reg,"orr w0, w19, w20",Integer / logical,,P,throughput,,,6.688,6.546,7.019,per cycle,
orr_w_reg,"orr w0, w19, w20",Integer / logical,,P,latency,R0,W0,1,0.999,1,cycles,
orr_w_reg,"orr w0, w19, w20",Integer / logical,,P,latency,R1,W0,1,1,1,cycles,
orr_w_reg,"orr w0, w19, w20",Integer / logical,,E,throughput,,,4,3.985,4.003,per cycle,
orr_w_reg,"orr w0, w19, w20",Integer / logical,,E,latency,R0,W0,1,0.999,1,cycles,
orr_w_reg,"orr w0, w19, w20",Integer / logical,,E,latency,R1,W0,1,1,1.001,cycles,
eor_w_reg,"eor w0, w19, w20",Integer / logical,,P,throughput,,,6.251,5.866,6.864,per cycle,
eor_w_reg,"eor w0, w19, w20",Integer / logical,,P,latency,R0,W0,1,0.999,1,cycles,
eor_w_reg,"eor w0, w19, w20",Integer / logical,,P,latency,R1,W0,1,1,1.001,cycles,
eor_w_reg,"eor w0, w19, w20",Integer / logical,,E,throughput,,,4,3.993,4.002,per cycle,
eor_w_reg,"eor w0, w19, w20",Integer / logical,,E,latency,R0,W0,1,1,1,cycles,
eor_w_reg,"eor w0, w19, w20",Integer / logical,,E,latency,R1,W0,1,0.999,1,cycles,
bic_w_reg,"bic w0, w19, w20",Integer / logical,,P,throughput,,,6.945,6.524,7.002,per cycle,
bic_w_reg,"bic w0, w19, w20",Integer / logical,,P,latency,R0,W0,1,0.999,1,cycles,
bic_w_reg,"bic w0, w19, w20",Integer / logical,,P,latency,R1,W0,1,1,1.001,cycles,
bic_w_reg,"bic w0, w19, w20",Integer / logical,,E,throughput,,,3.999,3.992,4.004,per cycle,
bic_w_reg,"bic w0, w19, w20",Integer / logical,,E,latency,R0,W0,1,1,1.001,cycles,
bic_w_reg,"bic w0, w19, w20",Integer / logical,,E,latency,R1,W0,1,0.999,1.001,cycles,
orn_w_reg,"orn w0, w19, w20",Integer / logical,,P,throughput,,,6.692,5.878,7.047,per cycle,
orn_w_reg,"orn w0, w19, w20",Integer / logical,,P,latency,R0,W0,1,0.999,1,cycles,
orn_w_reg,"orn w0, w19, w20",Integer / logical,,P,latency,R1,W0,1,1,1.001,cycles,
orn_w_reg,"orn w0, w19, w20",Integer / logical,,E,throughput,,,3.999,3.994,4.002,per cycle,
orn_w_reg,"orn w0, w19, w20",Integer / logical,,E,latency,R0,W0,1,1,1.013,cycles,
orn_w_reg,"orn w0, w19, w20",Integer / logical,,E,latency,R1,W0,1,0.999,1.002,cycles,
eon_w_reg,"eon w0, w19, w20",Integer / logical,,P,throughput,,,6.712,6.407,6.734,per cycle,
eon_w_reg,"eon w0, w19, w20",Integer / logical,,P,latency,R0,W0,1,1,1,cycles,
eon_w_reg,"eon w0, w19, w20",Integer / logical,,P,latency,R1,W0,1,1,1,cycles,
eon_w_reg,"eon w0, w19, w20",Integer / logical,,E,throughput,,,4.004,3.984,4.009,per cycle,
eon_w_reg,"eon w0, w19, w20",Integer / logical,,E,latency,R0,W0,1,0.998,1,cycles,
eon_w_reg,"eon w0, w19, w20",Integer / logical,,E,latency,R1,W0,1,0.999,1.002,cycles,
mvn_w,"mvn w0, w19",Integer / logical,,P,throughput,,,7.696,7.583,7.755,per cycle,
mvn_w,"mvn w0, w19",Integer / logical,,P,latency,R0,W0,1,1,1,cycles,
mvn_w,"mvn w0, w19",Integer / logical,,E,throughput,,,3.999,3.994,4.007,per cycle,
mvn_w,"mvn w0, w19",Integer / logical,,E,latency,R0,W0,1.001,1,1.002,cycles,
and_w_imm,"and w0, w19, #0xff",Integer / logical,,P,throughput,,,7.743,7.715,7.758,per cycle,
and_w_imm,"and w0, w19, #0xff",Integer / logical,,P,latency,R0,W0,1,1,1,cycles,
and_w_imm,"and w0, w19, #0xff",Integer / logical,,E,throughput,,,4,3.998,4.003,per cycle,
and_w_imm,"and w0, w19, #0xff",Integer / logical,,E,latency,R0,W0,1,0.999,1.004,cycles,
orr_w_imm,"orr w0, w19, #0xff",Integer / logical,,P,throughput,,,7.718,7.709,7.741,per cycle,
orr_w_imm,"orr w0, w19, #0xff",Integer / logical,,P,latency,R0,W0,1,1,1,cycles,
orr_w_imm,"orr w0, w19, #0xff",Integer / logical,,E,throughput,,,3.999,3.998,4.001,per cycle,
orr_w_imm,"orr w0, w19, #0xff",Integer / logical,,E,latency,R0,W0,1,1,1,cycles,
eor_w_imm,"eor w0, w19, #0xff",Integer / logical,,P,throughput,,,7.728,7.7,7.735,per cycle,
eor_w_imm,"eor w0, w19, #0xff",Integer / logical,,P,latency,R0,W0,1,0.999,1,cycles,
eor_w_imm,"eor w0, w19, #0xff",Integer / logical,,E,throughput,,,4,3.995,4.001,per cycle,
eor_w_imm,"eor w0, w19, #0xff",Integer / logical,,E,latency,R0,W0,1,0.998,1,cycles,
and_w_lsl3,"and w0, w19, w20, lsl #3",Integer / logical,,P,throughput,,,3.518,3.32,3.641,per cycle,
and_w_lsl3,"and w0, w19, w20, lsl #3",Integer / logical,,P,latency,R0,W0,1.013,1.012,1.014,cycles,
and_w_lsl3,"and w0, w19, w20, lsl #3",Integer / logical,,P,latency,R1,W0,2,2,2,cycles,
and_w_lsl3,"and w0, w19, w20, lsl #3",Integer / logical,,E,throughput,,,2,2,2.004,per cycle,
and_w_lsl3,"and w0, w19, w20, lsl #3",Integer / logical,,E,latency,R0,W0,2,1.999,2,cycles,
and_w_lsl3,"and w0, w19, w20, lsl #3",Integer / logical,,E,latency,R1,W0,2,1.999,2,cycles,
orr_w_lsl3,"orr w0, w19, w20, lsl #3",Integer / logical,,P,throughput,,,3.521,3.355,3.827,per cycle,
orr_w_lsl3,"orr w0, w19, w20, lsl #3",Integer / logical,,P,latency,R0,W0,1.012,1.011,1.012,cycles,
orr_w_lsl3,"orr w0, w19, w20, lsl #3",Integer / logical,,P,latency,R1,W0,2,2,2.001,cycles,
orr_w_lsl3,"orr w0, w19, w20, lsl #3",Integer / logical,,E,throughput,,,1.999,1.993,2.001,per cycle,
orr_w_lsl3,"orr w0, w19, w20, lsl #3",Integer / logical,,E,latency,R0,W0,2,1.999,2.004,cycles,
orr_w_lsl3,"orr w0, w19, w20, lsl #3",Integer / logical,,E,latency,R1,W0,2,1.999,2.003,cycles,
eor_w_lsl3,"eor w0, w19, w20, lsl #3",Integer / logical,,P,throughput,,,3.59,3.399,3.665,per cycle,
eor_w_lsl3,"eor w0, w19, w20, lsl #3",Integer / logical,,P,latency,R0,W0,1.013,1.013,1.015,cycles,
eor_w_lsl3,"eor w0, w19, w20, lsl #3",Integer / logical,,P,latency,R1,W0,2,2,2.001,cycles,
eor_w_lsl3,"eor w0, w19, w20, lsl #3",Integer / logical,,E,throughput,,,2,1.999,2.001,per cycle,
eor_w_lsl3,"eor w0, w19, w20, lsl #3",Integer / logical,,E,latency,R0,W0,2,2,2.007,cycles,
eor_w_lsl3,"eor w0, w19, w20, lsl #3",Integer / logical,,E,latency,R1,W0,2,1.996,2.002,cycles,
eor_w_lsr3,"eor w0, w19, w20, lsr #3",Integer / logical,,P,throughput,,,3.514,3.477,3.62,per cycle,
eor_w_lsr3,"eor w0, w19, w20, lsr #3",Integer / logical,,P,latency,R0,W0,1.012,1.01,1.013,cycles,
eor_w_lsr3,"eor w0, w19, w20, lsr #3",Integer / logical,,P,latency,R1,W0,2,2,2.001,cycles,
eor_w_lsr3,"eor w0, w19, w20, lsr #3",Integer / logical,,E,throughput,,,2,1.992,2,per cycle,
eor_w_lsr3,"eor w0, w19, w20, lsr #3",Integer / logical,,E,latency,R0,W0,2,2,2,cycles,
eor_w_lsr3,"eor w0, w19, w20, lsr #3",Integer / logical,,E,latency,R1,W0,2,1.993,2.003,cycles,
eor_w_asr3,"eor w0, w19, w20, asr #3",Integer / logical,,P,throughput,,,3.485,3.406,3.642,per cycle,
eor_w_asr3,"eor w0, w19, w20, asr #3",Integer / logical,,P,latency,R0,W0,1.012,1.012,1.013,cycles,
eor_w_asr3,"eor w0, w19, w20, asr #3",Integer / logical,,P,latency,R1,W0,2,1.999,2.001,cycles,
eor_w_asr3,"eor w0, w19, w20, asr #3",Integer / logical,,E,throughput,,,2,1.999,2.004,per cycle,
eor_w_asr3,"eor w0, w19, w20, asr #3",Integer / logical,,E,latency,R0,W0,2,1.997,2.004,cycles,
eor_w_asr3,"eor w0, w19, w20, asr #3",Integer / logical,,E,latency,R1,W0,2,1.999,2,cycles,
eor_w_ror3,"eor w0, w19, w20, ror #3",Integer / logical,,P,throughput,,,3.619,3.508,3.75,per cycle,
eor_w_ror3,"eor w0, w19, w20, ror #3",Integer / logical,,P,latency,R0,W0,1.013,1.011,1.015,cycles,
eor_w_ror3,"eor w0, w19, w20, ror #3",Integer / logical,,P,latency,R1,W0,2,1.999,2.001,cycles,
eor_w_ror3,"eor w0, w19, w20, ror #3",Integer / logical,,E,throughput,,,2,1.999,2,per cycle,
eor_w_ror3,"eor w0, w19, w20, ror #3",Integer / logical,,E,latency,R0,W0,2,2,2.001,cycles,
eor_w_ror3,"eor w0, w19, w20, ror #3",Integer / logical,,E,latency,R1,W0,2,2,2,cycles,
bic_w_lsl3,"bic w0, w19, w20, lsl #3",Integer / logical,,P,throughput,,,3.502,3.354,3.589,per cycle,
bic_w_lsl3,"bic w0, w19, w20, lsl #3",Integer / logical,,P,latency,R0,W0,1.013,1.013,1.016,cycles,
bic_w_lsl3,"bic w0, w19, w20, lsl #3",Integer / logical,,P,latency,R1,W0,2,1.999,2.001,cycles,
bic_w_lsl3,"bic w0, w19, w20, lsl #3",Integer / logical,,E,throughput,,,1.999,1.994,2,per cycle,
bic_w_lsl3,"bic w0, w19, w20, lsl #3",Integer / logical,,E,latency,R0,W0,2,1.997,2,cycles,
bic_w_lsl3,"bic w0, w19, w20, lsl #3",Integer / logical,,E,latency,R1,W0,2,1.997,2.002,cycles,
ands_w_reg,"ands w0, w19, w20",Integer / logical,,P,throughput,,,3.585,3.41,3.625,per cycle,
ands_w_reg,"ands w0, w19, w20",Integer / logical,,P,latency,R0,W0,1,1,1.001,cycles,
ands_w_reg,"ands w0, w19, w20",Integer / logical,,P,latency,R0,nzcv,1,0.999,1,cycles,
ands_w_reg,"ands w0, w19, w20",Integer / logical,,P,latency,R1,W0,1,1,1,cycles,
ands_w_reg,"ands w0, w19, w20",Integer / logical,,P,latency,R1,nzcv,1,0.999,1.001,cycles,
ands_w_reg,"ands w0, w19, w20",Integer / logical,,E,throughput,,,4,4,4.005,per cycle,
ands_w_reg,"ands w0, w19, w20",Integer / logical,,E,latency,R0,W0,1,1,1.002,cycles,
ands_w_reg,"ands w0, w19, w20",Integer / logical,,E,latency,R0,nzcv,1,0.999,1.004,cycles,
ands_w_reg,"ands w0, w19, w20",Integer / logical,,E,latency,R1,W0,1,1,1.002,cycles,
ands_w_reg,"ands w0, w19, w20",Integer / logical,,E,latency,R1,nzcv,1,1,1.001,cycles,
ands_w_imm,"ands w0, w19, #0xff",Integer / logical,,P,throughput,,,4,3.998,4,per cycle,
ands_w_imm,"ands w0, w19, #0xff",Integer / logical,,P,latency,R0,W0,1,1,1,cycles,
ands_w_imm,"ands w0, w19, #0xff",Integer / logical,,P,latency,R0,nzcv,1,0.999,1.001,cycles,
ands_w_imm,"ands w0, w19, #0xff",Integer / logical,,E,throughput,,,4.001,4,4.005,per cycle,
ands_w_imm,"ands w0, w19, #0xff",Integer / logical,,E,latency,R0,W0,1,1,1,cycles,
ands_w_imm,"ands w0, w19, #0xff",Integer / logical,,E,latency,R0,nzcv,1,0.998,1.001,cycles,
ands_w_lsl3,"ands w0, w19, w20, lsl #3",Integer / logical,,P,throughput,,,2.081,2.054,2.094,per cycle,
ands_w_lsl3,"ands w0, w19, w20, lsl #3",Integer / logical,,P,latency,R0,W0,1,1,1,cycles,
ands_w_lsl3,"ands w0, w19, w20, lsl #3",Integer / logical,,P,latency,R0,nzcv,1,0.999,1,cycles,
ands_w_lsl3,"ands w0, w19, w20, lsl #3",Integer / logical,,P,latency,R1,W0,2,2,2.001,cycles,
ands_w_lsl3,"ands w0, w19, w20, lsl #3",Integer / logical,,P,latency,R1,nzcv,1.999,1.998,2,cycles,
ands_w_lsl3,"ands w0, w19, w20, lsl #3",Integer / logical,,E,throughput,,,1.996,1.99,2.01,per cycle,
ands_w_lsl3,"ands w0, w19, w20, lsl #3",Integer / logical,,E,latency,R0,W0,2.002,1.999,2.007,cycles,
ands_w_lsl3,"ands w0, w19, w20, lsl #3",Integer / logical,,E,latency,R0,nzcv,2,2,2.003,cycles,
ands_w_lsl3,"ands w0, w19, w20, lsl #3",Integer / logical,,E,latency,R1,W0,2,2,2.001,cycles,
ands_w_lsl3,"ands w0, w19, w20, lsl #3",Integer / logical,,E,latency,R1,nzcv,2,1.99,2.003,cycles,
bics_w_reg,"bics w0, w19, w20",Integer / logical,,P,throughput,,,3.561,3.518,3.93,per cycle,
bics_w_reg,"bics w0, w19, w20",Integer / logical,,P,latency,R0,W0,1,1,1.001,cycles,
bics_w_reg,"bics w0, w19, w20",Integer / logical,,P,latency,R0,nzcv,1,1,1.001,cycles,
bics_w_reg,"bics w0, w19, w20",Integer / logical,,P,latency,R1,W0,1,1,1,cycles,
bics_w_reg,"bics w0, w19, w20",Integer / logical,,P,latency,R1,nzcv,1,1,1.001,cycles,
bics_w_reg,"bics w0, w19, w20",Integer / logical,,E,throughput,,,4,3.99,4.001,per cycle,
bics_w_reg,"bics w0, w19, w20",Integer / logical,,E,latency,R0,W0,1,1,1,cycles,
bics_w_reg,"bics w0, w19, w20",Integer / logical,,E,latency,R0,nzcv,1,1,1.001,cycles,
bics_w_reg,"bics w0, w19, w20",Integer / logical,,E,latency,R1,W0,1,1,1.003,cycles,
bics_w_reg,"bics w0, w19, w20",Integer / logical,,E,latency,R1,nzcv,1,1,1,cycles,
tst_w_reg,"tst w19, w20",Integer / logical,,P,throughput,,,3.951,3.772,4.071,per cycle,
tst_w_reg,"tst w19, w20",Integer / logical,,P,latency,R0,nzcv,1,1,1.001,cycles,
tst_w_reg,"tst w19, w20",Integer / logical,,P,latency,R1,nzcv,1,0.999,1.001,cycles,
tst_w_reg,"tst w19, w20",Integer / logical,,E,throughput,,,4,3.998,4.001,per cycle,
tst_w_reg,"tst w19, w20",Integer / logical,,E,latency,R0,nzcv,1,1,1,cycles,
tst_w_reg,"tst w19, w20",Integer / logical,,E,latency,R1,nzcv,1,1,1.001,cycles,
tst_w_imm,"tst w19, #0xff",Integer / logical,,P,throughput,,,3.999,3.998,4.002,per cycle,
tst_w_imm,"tst w19, #0xff",Integer / logical,,P,latency,R0,nzcv,1,0.999,1.001,cycles,
tst_w_imm,"tst w19, #0xff",Integer / logical,,E,throughput,,,3.999,3.973,4.023,per cycle,
tst_w_imm,"tst w19, #0xff",Integer / logical,,E,latency,R0,nzcv,1,0.996,1,cycles,
mov_x_reg,"mov x0, x19",Integer / moves and immediates,,P,throughput,,,9.998,9.996,10.003,per cycle,
mov_x_reg,"mov x0, x19",Integer / moves and immediates,,P,latency,R0,W0,0.098,0.098,0.098,cycles,
mov_x_reg,"mov x0, x19",Integer / moves and immediates,,E,throughput,,,6,5.977,6.001,per cycle,
mov_x_reg,"mov x0, x19",Integer / moves and immediates,,E,latency,R0,W0,0.164,0.164,0.164,cycles,
mov_x_zero,"mov x0, #0",Integer / moves and immediates,,P,throughput,,,10.003,9.996,10.009,per cycle,
mov_x_zero,"mov x0, #0",Integer / moves and immediates,,E,throughput,,,5.998,5.996,6,per cycle,
mov_x_imm16,"mov x0, #0x1234",Integer / moves and immediates,,P,throughput,,,8.222,7.553,8.39,per cycle,
mov_x_imm16,"mov x0, #0x1234",Integer / moves and immediates,,E,throughput,,,5.999,5.973,6.001,per cycle,
mov_x_imm16_hw1,"mov x0, #0x12340000",Integer / moves and immediates,,P,throughput,,,8.391,6.892,8.866,per cycle,
mov_x_imm16_hw1,"mov x0, #0x12340000",Integer / moves and immediates,,E,throughput,,,5.998,5.974,6,per cycle,
mov_x_neg1,"mov x0, #-1",Integer / moves and immediates,,P,throughput,,,8.842,7.753,9.294,per cycle,
mov_x_neg1,"mov x0, #-1",Integer / moves and immediates,,E,throughput,,,6,5.992,6.031,per cycle,
movk_x,"movk x0, #0x1234, lsl #16",Integer / moves and immediates,,P,throughput,,,7.469,7.369,7.557,per cycle,
movk_x,"movk x0, #0x1234, lsl #16",Integer / moves and immediates,,P,latency,RW0,RW0,1,1,1,cycles,
movk_x,"movk x0, #0x1234, lsl #16",Integer / moves and immediates,,E,throughput,,,3.999,3.979,4.002,per cycle,
movk_x,"movk x0, #0x1234, lsl #16",Integer / moves and immediates,,E,latency,RW0,RW0,1,1,1,cycles,
mov_x_zr,"mov x0, xzr",Integer / moves and immediates,,P,throughput,,,7.637,7.397,7.924,per cycle,
mov_x_zr,"mov x0, xzr",Integer / moves and immediates,,E,throughput,,,5.998,5.989,6.001,per cycle,
mov_w_reg,"mov w0, w19",Integer / moves and immediates,,P,throughput,,,7.659,7.464,7.708,per cycle,
mov_w_reg,"mov w0, w19",Integer / moves and immediates,,P,latency,R0,W0,1,1,1,cycles,
mov_w_reg,"mov w0, w19",Integer / moves and immediates,,E,throughput,,,3.999,3.982,4.001,per cycle,
mov_w_reg,"mov w0, w19",Integer / moves and immediates,,E,latency,R0,W0,1,1,1.001,cycles,
mov_w_zero,"mov w0, #0",Integer / moves and immediates,,P,throughput,,,10.003,9.996,10.006,per cycle,
mov_w_zero,"mov w0, #0",Integer / moves and immediates,,E,throughput,,,6,5.998,6.002,per cycle,
mov_w_imm16,"mov w0, #0x1234",Integer / moves and immediates,,P,throughput,,,8.918,8.913,8.977,per cycle,
mov_w_imm16,"mov w0, #0x1234",Integer / moves and immediates,,E,throughput,,,5.999,5.986,6,per cycle,
mov_w_imm16_hw1,"mov w0, #0x12340000",Integer / moves and immediates,,P,throughput,,,8.93,8.915,8.98,per cycle,
mov_w_imm16_hw1,"mov w0, #0x12340000",Integer / moves and immediates,,E,throughput,,,5.999,5.965,6.002,per cycle,
mov_w_neg1,"mov w0, #-1",Integer / moves and immediates,,P,throughput,,,8.907,8.901,8.919,per cycle,
mov_w_neg1,"mov w0, #-1",Integer / moves and immediates,,E,throughput,,,6,5.993,6,per cycle,
movk_w,"movk w0, #0x1234, lsl #16",Integer / moves and immediates,,P,throughput,,,7.482,7.458,7.512,per cycle,
movk_w,"movk w0, #0x1234, lsl #16",Integer / moves and immediates,,P,latency,RW0,RW0,1,1,1.001,cycles,
movk_w,"movk w0, #0x1234, lsl #16",Integer / moves and immediates,,E,throughput,,,4.001,3.972,4.005,per cycle,
movk_w,"movk w0, #0x1234, lsl #16",Integer / moves and immediates,,E,latency,RW0,RW0,1,0.999,1.001,cycles,
mov_w_zr,"mov w0, wzr",Integer / moves and immediates,,P,throughput,,,7.717,7.701,7.749,per cycle,
mov_w_zr,"mov w0, wzr",Integer / moves and immediates,,E,throughput,,,6.001,5.999,6.008,per cycle,
mov_x_imm48,"mov x0, #0x123400000000",Integer / moves and immediates,,P,throughput,,,8.325,7.688,8.948,per cycle,
mov_x_imm48,"mov x0, #0x123400000000",Integer / moves and immediates,,E,throughput,,,6.002,5.993,6.004,per cycle,
mov_x_bitmask64,"mov x0, #0x5555555555555555",Integer / moves and immediates,,P,throughput,,,8.24,7.648,8.266,per cycle,
mov_x_bitmask64,"mov x0, #0x5555555555555555",Integer / moves and immediates,,E,throughput,,,5.999,5.997,5.999,per cycle,
mov_w_bitmask,"mov w0, #0x55555555",Integer / moves and immediates,,P,throughput,,,8.925,8.907,8.934,per cycle,
mov_w_bitmask,"mov w0, #0x55555555",Integer / moves and immediates,,E,throughput,,,6,5.99,6.001,per cycle,
mov_w_x_trunc,"mov w0, w19",Integer / moves and immediates,,P,throughput,,,7.644,7.591,7.661,per cycle,
mov_w_x_trunc,"mov w0, w19",Integer / moves and immediates,,P,latency,R0,W0,1,1,1,cycles,
mov_w_x_trunc,"mov w0, w19",Integer / moves and immediates,,E,throughput,,,3.999,3.998,4.009,per cycle,
mov_w_x_trunc,"mov w0, w19",Integer / moves and immediates,,E,latency,R0,W0,1,0.998,1.004,cycles,
add_x_imm0,"add x0, x19, #0",Integer / moves and immediates,,P,throughput,,,9.998,9.997,10.004,per cycle,
add_x_imm0,"add x0, x19, #0",Integer / moves and immediates,,P,latency,R0,W0,1,1,1,cycles,
add_x_imm0,"add x0, x19, #0",Integer / moves and immediates,,E,throughput,,,6,5.997,6.007,per cycle,
add_x_imm0,"add x0, x19, #0",Integer / moves and immediates,,E,latency,R0,W0,1,1,1,cycles,
orr_x_zr_second,"orr x0, x19, xzr",Integer / moves and immediates,,P,throughput,,,7.689,7.662,7.714,per cycle,
orr_x_zr_second,"orr x0, x19, xzr",Integer / moves and immediates,,P,latency,R0,W0,1,1,1,cycles,
orr_x_zr_second,"orr x0, x19, xzr",Integer / moves and immediates,,E,throughput,,,3.999,3.992,4,per cycle,
orr_x_zr_second,"orr x0, x19, xzr",Integer / moves and immediates,,E,latency,R0,W0,1,1,1.002,cycles,
eor_x_self,"eor x0, x19, x19",Integer / moves and immediates,,P,throughput,,,6.818,6.101,6.851,per cycle,
eor_x_self,"eor x0, x19, x19",Integer / moves and immediates,,P,latency,R0,W0,1,1,1,cycles,
eor_x_self,"eor x0, x19, x19",Integer / moves and immediates,,E,throughput,,,4,4,4.001,per cycle,
eor_x_self,"eor x0, x19, x19",Integer / moves and immediates,,E,latency,R0,W0,1,0.999,1,cycles,
sub_x_self,"sub x0, x19, x19",Integer / moves and immediates,,P,throughput,,,6.778,6.329,7.161,per cycle,
sub_x_self,"sub x0, x19, x19",Integer / moves and immediates,,P,latency,R0,W0,1,1,1,cycles,
sub_x_self,"sub x0, x19, x19",Integer / moves and immediates,,E,throughput,,,4.001,3.999,4.009,per cycle,
sub_x_self,"sub x0, x19, x19",Integer / moves and immediates,,E,latency,R0,W0,1,1,1,cycles,
lsl_x_imm,"lsl x0, x19, #5",Integer / shifts and bitfields,,P,throughput,,,7.628,7.518,7.764,per cycle,
lsl_x_imm,"lsl x0, x19, #5",Integer / shifts and bitfields,,P,latency,R0,W0,1,1,1,cycles,
lsl_x_imm,"lsl x0, x19, #5",Integer / shifts and bitfields,,E,throughput,,,4,3.99,4.001,per cycle,
lsl_x_imm,"lsl x0, x19, #5",Integer / shifts and bitfields,,E,latency,R0,W0,1,1,1,cycles,
lsr_x_imm,"lsr x0, x19, #5",Integer / shifts and bitfields,,P,throughput,,,7.629,7.558,7.696,per cycle,
lsr_x_imm,"lsr x0, x19, #5",Integer / shifts and bitfields,,P,latency,R0,W0,1,1,1,cycles,
lsr_x_imm,"lsr x0, x19, #5",Integer / shifts and bitfields,,E,throughput,,,3.999,3.992,4.003,per cycle,
lsr_x_imm,"lsr x0, x19, #5",Integer / shifts and bitfields,,E,latency,R0,W0,1,0.999,1,cycles,
asr_x_imm,"asr x0, x19, #5",Integer / shifts and bitfields,,P,throughput,,,7.653,7.568,7.773,per cycle,
asr_x_imm,"asr x0, x19, #5",Integer / shifts and bitfields,,P,latency,R0,W0,1,1,1,cycles,
asr_x_imm,"asr x0, x19, #5",Integer / shifts and bitfields,,E,throughput,,,3.999,3.973,4,per cycle,
asr_x_imm,"asr x0, x19, #5",Integer / shifts and bitfields,,E,latency,R0,W0,1,1,1.002,cycles,
ror_x_imm,"ror x0, x19, #5",Integer / shifts and bitfields,,P,throughput,,,7.647,7.624,7.745,per cycle,
ror_x_imm,"ror x0, x19, #5",Integer / shifts and bitfields,,P,latency,R0,W0,1,1,1,cycles,
ror_x_imm,"ror x0, x19, #5",Integer / shifts and bitfields,,E,throughput,,,3.999,3.983,4.003,per cycle,
ror_x_imm,"ror x0, x19, #5",Integer / shifts and bitfields,,E,latency,R0,W0,1,1,1.002,cycles,
lsl_x_reg,"lsl x0, x19, x20",Integer / shifts and bitfields,,P,throughput,,,6.922,6.732,7.178,per cycle,
lsl_x_reg,"lsl x0, x19, x20",Integer / shifts and bitfields,,P,latency,R0,W0,1,0.999,1,cycles,
lsl_x_reg,"lsl x0, x19, x20",Integer / shifts and bitfields,,P,latency,R1,W0,1,1,1,cycles,
lsl_x_reg,"lsl x0, x19, x20",Integer / shifts and bitfields,,E,throughput,,,4,3.999,4.007,per cycle,
lsl_x_reg,"lsl x0, x19, x20",Integer / shifts and bitfields,,E,latency,R0,W0,1,1,1.003,cycles,
lsl_x_reg,"lsl x0, x19, x20",Integer / shifts and bitfields,,E,latency,R1,W0,1,0.999,1,cycles,
lsr_x_reg,"lsr x0, x19, x20",Integer / shifts and bitfields,,P,throughput,,,6.931,6.604,6.996,per cycle,
lsr_x_reg,"lsr x0, x19, x20",Integer / shifts and bitfields,,P,latency,R0,W0,1,1,1,cycles,
lsr_x_reg,"lsr x0, x19, x20",Integer / shifts and bitfields,,P,latency,R1,W0,1,1,1,cycles,
lsr_x_reg,"lsr x0, x19, x20",Integer / shifts and bitfields,,E,throughput,,,3.999,3.991,4.001,per cycle,
lsr_x_reg,"lsr x0, x19, x20",Integer / shifts and bitfields,,E,latency,R0,W0,1,1,1,cycles,
lsr_x_reg,"lsr x0, x19, x20",Integer / shifts and bitfields,,E,latency,R1,W0,1,1,1,cycles,
asr_x_reg,"asr x0, x19, x20",Integer / shifts and bitfields,,P,throughput,,,6.816,6.054,7.132,per cycle,
asr_x_reg,"asr x0, x19, x20",Integer / shifts and bitfields,,P,latency,R0,W0,1,1,1,cycles,
asr_x_reg,"asr x0, x19, x20",Integer / shifts and bitfields,,P,latency,R1,W0,1,1,1,cycles,
asr_x_reg,"asr x0, x19, x20",Integer / shifts and bitfields,,E,throughput,,,3.999,3.991,4.002,per cycle,
asr_x_reg,"asr x0, x19, x20",Integer / shifts and bitfields,,E,latency,R0,W0,1,0.999,1.002,cycles,
asr_x_reg,"asr x0, x19, x20",Integer / shifts and bitfields,,E,latency,R1,W0,1,0.996,1,cycles,
ror_x_reg,"ror x0, x19, x20",Integer / shifts and bitfields,,P,throughput,,,6.762,6.575,7.074,per cycle,
ror_x_reg,"ror x0, x19, x20",Integer / shifts and bitfields,,P,latency,R0,W0,1,1,1,cycles,
ror_x_reg,"ror x0, x19, x20",Integer / shifts and bitfields,,P,latency,R1,W0,1,1,1,cycles,
ror_x_reg,"ror x0, x19, x20",Integer / shifts and bitfields,,E,throughput,,,4,3.997,4.001,per cycle,
ror_x_reg,"ror x0, x19, x20",Integer / shifts and bitfields,,E,latency,R0,W0,1.001,1,1.002,cycles,
ror_x_reg,"ror x0, x19, x20",Integer / shifts and bitfields,,E,latency,R1,W0,1,0.996,1.001,cycles,
ubfx_x,"ubfx x0, x19, #5, #7",Integer / shifts and bitfields,,P,throughput,,,7.681,7.586,7.731,per cycle,
ubfx_x,"ubfx x0, x19, #5, #7",Integer / shifts and bitfields,,P,latency,R0,W0,1,1,1,cycles,
ubfx_x,"ubfx x0, x19, #5, #7",Integer / shifts and bitfields,,E,throughput,,,4.001,3.999,4.009,per cycle,
ubfx_x,"ubfx x0, x19, #5, #7",Integer / shifts and bitfields,,E,latency,R0,W0,1,0.999,1.001,cycles,
sbfx_x,"sbfx x0, x19, #5, #7",Integer / shifts and bitfields,,P,throughput,,,7.693,7.64,7.713,per cycle,
sbfx_x,"sbfx x0, x19, #5, #7",Integer / shifts and bitfields,,P,latency,R0,W0,1,1,1.001,cycles,
sbfx_x,"sbfx x0, x19, #5, #7",Integer / shifts and bitfields,,E,throughput,,,4.001,3.996,4.008,per cycle,
sbfx_x,"sbfx x0, x19, #5, #7",Integer / shifts and bitfields,,E,latency,R0,W0,1,1,1.002,cycles,
ubfiz_x,"ubfiz x0, x19, #5, #7",Integer / shifts and bitfields,,P,throughput,,,7.69,7.643,7.78,per cycle,
ubfiz_x,"ubfiz x0, x19, #5, #7",Integer / shifts and bitfields,,P,latency,R0,W0,1,1,1,cycles,
ubfiz_x,"ubfiz x0, x19, #5, #7",Integer / shifts and bitfields,,E,throughput,,,4,3.999,4.003,per cycle,
ubfiz_x,"ubfiz x0, x19, #5, #7",Integer / shifts and bitfields,,E,latency,R0,W0,1,1,1.004,cycles,
sbfiz_x,"sbfiz x0, x19, #5, #7",Integer / shifts and bitfields,,P,throughput,,,7.672,7.538,7.719,per cycle,
sbfiz_x,"sbfiz x0, x19, #5, #7",Integer / shifts and bitfields,,P,latency,R0,W0,1,1,1,cycles,
sbfiz_x,"sbfiz x0, x19, #5, #7",Integer / shifts and bitfields,,E,throughput,,,4,3.983,4.001,per cycle,
sbfiz_x,"sbfiz x0, x19, #5, #7",Integer / shifts and bitfields,,E,latency,R0,W0,1,1,1.007,cycles,
bfi_x,"bfi x0, x19, #5, #7",Integer / shifts and bitfields,,P,throughput,,,1,0.999,1.001,per cycle,
bfi_x,"bfi x0, x19, #5, #7",Integer / shifts and bitfields,,P,latency,RW0,RW0,1,1,1,cycles,
bfi_x,"bfi x0, x19, #5, #7",Integer / shifts and bitfields,,P,latency,R0,RW0,1,1,1.001,cycles,tied-with-destination
bfi_x,"bfi x0, x19, #5, #7",Integer / shifts and bitfields,,E,throughput,,,0.999,0.998,1.003,per cycle,
bfi_x,"bfi x0, x19, #5, #7",Integer / shifts and bitfields,,E,latency,RW0,RW0,1,1,1.001,cycles,
bfi_x,"bfi x0, x19, #5, #7",Integer / shifts and bitfields,,E,latency,R0,RW0,1,0.998,1.002,cycles,tied-with-destination
bfxil_x,"bfxil x0, x19, #5, #7",Integer / shifts and bitfields,,P,throughput,,,1,0.999,1.001,per cycle,
bfxil_x,"bfxil x0, x19, #5, #7",Integer / shifts and bitfields,,P,latency,RW0,RW0,1,1,1,cycles,
bfxil_x,"bfxil x0, x19, #5, #7",Integer / shifts and bitfields,,P,latency,R0,RW0,1,1,1,cycles,tied-with-destination
bfxil_x,"bfxil x0, x19, #5, #7",Integer / shifts and bitfields,,E,throughput,,,1,0.999,1.002,per cycle,
bfxil_x,"bfxil x0, x19, #5, #7",Integer / shifts and bitfields,,E,latency,RW0,RW0,1,0.997,1.002,cycles,
bfxil_x,"bfxil x0, x19, #5, #7",Integer / shifts and bitfields,,E,latency,R0,RW0,1,0.999,1.004,cycles,tied-with-destination
bfc_x,"bfc x0, #5, #7",Integer / shifts and bitfields,,P,throughput,,,1,0.999,1,per cycle,
bfc_x,"bfc x0, #5, #7",Integer / shifts and bitfields,,P,latency,RW0,RW0,1,1,1,cycles,
bfc_x,"bfc x0, #5, #7",Integer / shifts and bitfields,,E,throughput,,,1,0.996,1.002,per cycle,
bfc_x,"bfc x0, #5, #7",Integer / shifts and bitfields,,E,latency,RW0,RW0,1.001,1,1.002,cycles,
extr_x,"extr x0, x19, x20, #13",Integer / shifts and bitfields,,P,throughput,,,0.972,0.971,0.974,per cycle,
extr_x,"extr x0, x19, x20, #13",Integer / shifts and bitfields,,P,latency,R0,W0,1,1,1,cycles,
extr_x,"extr x0, x19, x20, #13",Integer / shifts and bitfields,,P,latency,R1,W0,2,1.999,2,cycles,
extr_x,"extr x0, x19, x20, #13",Integer / shifts and bitfields,,E,throughput,,,1,0.993,1.006,per cycle,
extr_x,"extr x0, x19, x20, #13",Integer / shifts and bitfields,,E,latency,R0,W0,1,0.999,1.004,cycles,
extr_x,"extr x0, x19, x20, #13",Integer / shifts and bitfields,,E,latency,R1,W0,2,1.992,2.001,cycles,
sxtb_x,"sxtb x0, w19",Integer / shifts and bitfields,,P,throughput,,,7.612,7.53,7.716,per cycle,
sxtb_x,"sxtb x0, w19",Integer / shifts and bitfields,,P,latency,R0,W0,1,1,1,cycles,
sxtb_x,"sxtb x0, w19",Integer / shifts and bitfields,,E,throughput,,,4,3.984,4.005,per cycle,
sxtb_x,"sxtb x0, w19",Integer / shifts and bitfields,,E,latency,R0,W0,1,0.999,1,cycles,
sxth_x,"sxth x0, w19",Integer / shifts and bitfields,,P,throughput,,,7.662,7.591,7.691,per cycle,
sxth_x,"sxth x0, w19",Integer / shifts and bitfields,,P,latency,R0,W0,1,1,1,cycles,
sxth_x,"sxth x0, w19",Integer / shifts and bitfields,,E,throughput,,,4,3.977,4.002,per cycle,
sxth_x,"sxth x0, w19",Integer / shifts and bitfields,,E,latency,R0,W0,1,1,1.001,cycles,
lsl_w_imm,"lsl w0, w19, #5",Integer / shifts and bitfields,,P,throughput,,,7.625,7.57,7.698,per cycle,
lsl_w_imm,"lsl w0, w19, #5",Integer / shifts and bitfields,,P,latency,R0,W0,1,1,1,cycles,
lsl_w_imm,"lsl w0, w19, #5",Integer / shifts and bitfields,,E,throughput,,,3.999,3.992,4.036,per cycle,
lsl_w_imm,"lsl w0, w19, #5",Integer / shifts and bitfields,,E,latency,R0,W0,1,0.997,1.004,cycles,
lsr_w_imm,"lsr w0, w19, #5",Integer / shifts and bitfields,,P,throughput,,,7.707,7.66,7.843,per cycle,
lsr_w_imm,"lsr w0, w19, #5",Integer / shifts and bitfields,,P,latency,R0,W0,1,1,1,cycles,
lsr_w_imm,"lsr w0, w19, #5",Integer / shifts and bitfields,,E,throughput,,,3.985,3.983,4,per cycle,
lsr_w_imm,"lsr w0, w19, #5",Integer / shifts and bitfields,,E,latency,R0,W0,1.001,1,1.002,cycles,
asr_w_imm,"asr w0, w19, #5",Integer / shifts and bitfields,,P,throughput,,,7.656,7.599,7.763,per cycle,
asr_w_imm,"asr w0, w19, #5",Integer / shifts and bitfields,,P,latency,R0,W0,1,1,1,cycles,
asr_w_imm,"asr w0, w19, #5",Integer / shifts and bitfields,,E,throughput,,,4.001,3.974,4.027,per cycle,
asr_w_imm,"asr w0, w19, #5",Integer / shifts and bitfields,,E,latency,R0,W0,1,1,1.005,cycles,
ror_w_imm,"ror w0, w19, #5",Integer / shifts and bitfields,,P,throughput,,,7.66,7.567,7.682,per cycle,
ror_w_imm,"ror w0, w19, #5",Integer / shifts and bitfields,,P,latency,R0,W0,1,1,1,cycles,
ror_w_imm,"ror w0, w19, #5",Integer / shifts and bitfields,,E,throughput,,,4,3.991,4.001,per cycle,
ror_w_imm,"ror w0, w19, #5",Integer / shifts and bitfields,,E,latency,R0,W0,1,0.999,1.003,cycles,
lsl_w_reg,"lsl w0, w19, w20",Integer / shifts and bitfields,,P,throughput,,,6.677,6.65,7.099,per cycle,
lsl_w_reg,"lsl w0, w19, w20",Integer / shifts and bitfields,,P,latency,R0,W0,1,1,1,cycles,
lsl_w_reg,"lsl w0, w19, w20",Integer / shifts and bitfields,,P,latency,R1,W0,1,1,1,cycles,
lsl_w_reg,"lsl w0, w19, w20",Integer / shifts and bitfields,,E,throughput,,,3.998,3.983,4.017,per cycle,
lsl_w_reg,"lsl w0, w19, w20",Integer / shifts and bitfields,,E,latency,R0,W0,1.001,1,1.002,cycles,
lsl_w_reg,"lsl w0, w19, w20",Integer / shifts and bitfields,,E,latency,R1,W0,1.001,1,1.002,cycles,
lsr_w_reg,"lsr w0, w19, w20",Integer / shifts and bitfields,,P,throughput,,,6.412,5.976,6.693,per cycle,
lsr_w_reg,"lsr w0, w19, w20",Integer / shifts and bitfields,,P,latency,R0,W0,1,1,1,cycles,
lsr_w_reg,"lsr w0, w19, w20",Integer / shifts and bitfields,,P,latency,R1,W0,1,1,1,cycles,
lsr_w_reg,"lsr w0, w19, w20",Integer / shifts and bitfields,,E,throughput,,,3.991,3.973,4,per cycle,
lsr_w_reg,"lsr w0, w19, w20",Integer / shifts and bitfields,,E,latency,R0,W0,1.002,0.998,1.003,cycles,
lsr_w_reg,"lsr w0, w19, w20",Integer / shifts and bitfields,,E,latency,R1,W0,1,0.999,1.003,cycles,
asr_w_reg,"asr w0, w19, w20",Integer / shifts and bitfields,,P,throughput,,,6.926,6.708,7.13,per cycle,
asr_w_reg,"asr w0, w19, w20",Integer / shifts and bitfields,,P,latency,R0,W0,1,1,1,cycles,
asr_w_reg,"asr w0, w19, w20",Integer / shifts and bitfields,,P,latency,R1,W0,1,1,1,cycles,
asr_w_reg,"asr w0, w19, w20",Integer / shifts and bitfields,,E,throughput,,,3.999,3.991,4.011,per cycle,
asr_w_reg,"asr w0, w19, w20",Integer / shifts and bitfields,,E,latency,R0,W0,1,1,1,cycles,
asr_w_reg,"asr w0, w19, w20",Integer / shifts and bitfields,,E,latency,R1,W0,1,0.999,1.003,cycles,
ror_w_reg,"ror w0, w19, w20",Integer / shifts and bitfields,,P,throughput,,,6.693,6.39,6.738,per cycle,
ror_w_reg,"ror w0, w19, w20",Integer / shifts and bitfields,,P,latency,R0,W0,1,1,1,cycles,
ror_w_reg,"ror w0, w19, w20",Integer / shifts and bitfields,,P,latency,R1,W0,1,1,1,cycles,
ror_w_reg,"ror w0, w19, w20",Integer / shifts and bitfields,,E,throughput,,,3.999,3.999,4.03,per cycle,
ror_w_reg,"ror w0, w19, w20",Integer / shifts and bitfields,,E,latency,R0,W0,1,0.996,1.001,cycles,
ror_w_reg,"ror w0, w19, w20",Integer / shifts and bitfields,,E,latency,R1,W0,1,1,1,cycles,
ubfx_w,"ubfx w0, w19, #5, #7",Integer / shifts and bitfields,,P,throughput,,,7.637,7.61,7.703,per cycle,
ubfx_w,"ubfx w0, w19, #5, #7",Integer / shifts and bitfields,,P,latency,R0,W0,1,1,1,cycles,
ubfx_w,"ubfx w0, w19, #5, #7",Integer / shifts and bitfields,,E,throughput,,,3.999,3.987,4.001,per cycle,
ubfx_w,"ubfx w0, w19, #5, #7",Integer / shifts and bitfields,,E,latency,R0,W0,1.001,1,1.002,cycles,
sbfx_w,"sbfx w0, w19, #5, #7",Integer / shifts and bitfields,,P,throughput,,,7.608,7.567,7.676,per cycle,
sbfx_w,"sbfx w0, w19, #5, #7",Integer / shifts and bitfields,,P,latency,R0,W0,1,1,1,cycles,
sbfx_w,"sbfx w0, w19, #5, #7",Integer / shifts and bitfields,,E,throughput,,,4.001,3.992,4.002,per cycle,
sbfx_w,"sbfx w0, w19, #5, #7",Integer / shifts and bitfields,,E,latency,R0,W0,1,1,1.001,cycles,
ubfiz_w,"ubfiz w0, w19, #5, #7",Integer / shifts and bitfields,,P,throughput,,,7.664,7.534,7.726,per cycle,
ubfiz_w,"ubfiz w0, w19, #5, #7",Integer / shifts and bitfields,,P,latency,R0,W0,1,1,1,cycles,
ubfiz_w,"ubfiz w0, w19, #5, #7",Integer / shifts and bitfields,,E,throughput,,,4,3.995,4.005,per cycle,
ubfiz_w,"ubfiz w0, w19, #5, #7",Integer / shifts and bitfields,,E,latency,R0,W0,1,0.999,1.002,cycles,
sbfiz_w,"sbfiz w0, w19, #5, #7",Integer / shifts and bitfields,,P,throughput,,,7.672,7.549,7.729,per cycle,
sbfiz_w,"sbfiz w0, w19, #5, #7",Integer / shifts and bitfields,,P,latency,R0,W0,1,1,1,cycles,
sbfiz_w,"sbfiz w0, w19, #5, #7",Integer / shifts and bitfields,,E,throughput,,,3.999,3.99,4.001,per cycle,
sbfiz_w,"sbfiz w0, w19, #5, #7",Integer / shifts and bitfields,,E,latency,R0,W0,1,1,1.002,cycles,
bfi_w,"bfi w0, w19, #5, #7",Integer / shifts and bitfields,,P,throughput,,,1,1,1.001,per cycle,
bfi_w,"bfi w0, w19, #5, #7",Integer / shifts and bitfields,,P,latency,RW0,RW0,1,1,1,cycles,
bfi_w,"bfi w0, w19, #5, #7",Integer / shifts and bitfields,,P,latency,R0,RW0,1,0.999,1,cycles,tied-with-destination
bfi_w,"bfi w0, w19, #5, #7",Integer / shifts and bitfields,,E,throughput,,,1,0.999,1.002,per cycle,
bfi_w,"bfi w0, w19, #5, #7",Integer / shifts and bitfields,,E,latency,RW0,RW0,1,0.998,1.004,cycles,
bfi_w,"bfi w0, w19, #5, #7",Integer / shifts and bitfields,,E,latency,R0,RW0,1,1,1.002,cycles,tied-with-destination
bfxil_w,"bfxil w0, w19, #5, #7",Integer / shifts and bitfields,,P,throughput,,,1,1,1,per cycle,
bfxil_w,"bfxil w0, w19, #5, #7",Integer / shifts and bitfields,,P,latency,RW0,RW0,1,1,1,cycles,
bfxil_w,"bfxil w0, w19, #5, #7",Integer / shifts and bitfields,,P,latency,R0,RW0,1,1,1,cycles,tied-with-destination
bfxil_w,"bfxil w0, w19, #5, #7",Integer / shifts and bitfields,,E,throughput,,,1,0.997,1.003,per cycle,
bfxil_w,"bfxil w0, w19, #5, #7",Integer / shifts and bitfields,,E,latency,RW0,RW0,1,1,1.003,cycles,
bfxil_w,"bfxil w0, w19, #5, #7",Integer / shifts and bitfields,,E,latency,R0,RW0,1,0.999,1.002,cycles,tied-with-destination
bfc_w,"bfc w0, #5, #7",Integer / shifts and bitfields,,P,throughput,,,1.0,1,1,per cycle,
bfc_w,"bfc w0, #5, #7",Integer / shifts and bitfields,,P,latency,RW0,RW0,1,1,1,cycles,
bfc_w,"bfc w0, #5, #7",Integer / shifts and bitfields,,E,throughput,,,1,1,1.002,per cycle,
bfc_w,"bfc w0, #5, #7",Integer / shifts and bitfields,,E,latency,RW0,RW0,1.001,1,1.006,cycles,
extr_w,"extr w0, w19, w20, #13",Integer / shifts and bitfields,,P,throughput,,,0.973,0.972,0.979,per cycle,
extr_w,"extr w0, w19, w20, #13",Integer / shifts and bitfields,,P,latency,R0,W0,1.002,1.001,1.003,cycles,
extr_w,"extr w0, w19, w20, #13",Integer / shifts and bitfields,,P,latency,R1,W0,2.001,1.999,2.001,cycles,
extr_w,"extr w0, w19, w20, #13",Integer / shifts and bitfields,,E,throughput,,,1,0.999,1,per cycle,
extr_w,"extr w0, w19, w20, #13",Integer / shifts and bitfields,,E,latency,R0,W0,1,0.999,1.004,cycles,
extr_w,"extr w0, w19, w20, #13",Integer / shifts and bitfields,,E,latency,R1,W0,2,1.996,2.003,cycles,
sxtb_w,"sxtb w0, w19",Integer / shifts and bitfields,,P,throughput,,,7.663,7.618,7.722,per cycle,
sxtb_w,"sxtb w0, w19",Integer / shifts and bitfields,,P,latency,R0,W0,1,1,1,cycles,
sxtb_w,"sxtb w0, w19",Integer / shifts and bitfields,,E,throughput,,,3.995,3.982,4.001,per cycle,
sxtb_w,"sxtb w0, w19",Integer / shifts and bitfields,,E,latency,R0,W0,1,1,1,cycles,
sxth_w,"sxth w0, w19",Integer / shifts and bitfields,,P,throughput,,,7.619,7.586,7.676,per cycle,
sxth_w,"sxth w0, w19",Integer / shifts and bitfields,,P,latency,R0,W0,1,0.999,1.001,cycles,
sxth_w,"sxth w0, w19",Integer / shifts and bitfields,,E,throughput,,,3.999,3.972,4.001,per cycle,
sxth_w,"sxth w0, w19",Integer / shifts and bitfields,,E,latency,R0,W0,1,0.996,1,cycles,
sxtw,"sxtw x0, w19",Integer / shifts and bitfields,,P,throughput,,,7.658,7.624,7.685,per cycle,
sxtw,"sxtw x0, w19",Integer / shifts and bitfields,,P,latency,R0,W0,1,1,1,cycles,
sxtw,"sxtw x0, w19",Integer / shifts and bitfields,,E,throughput,,,4,3.999,4.005,per cycle,
sxtw,"sxtw x0, w19",Integer / shifts and bitfields,,E,latency,R0,W0,1,0.999,1.002,cycles,
uxtb,"uxtb w0, w19",Integer / shifts and bitfields,,P,throughput,,,7.646,7.592,7.782,per cycle,
uxtb,"uxtb w0, w19",Integer / shifts and bitfields,,P,latency,R0,W0,1,1,1,cycles,
uxtb,"uxtb w0, w19",Integer / shifts and bitfields,,E,throughput,,,3.999,3.981,4.001,per cycle,
uxtb,"uxtb w0, w19",Integer / shifts and bitfields,,E,latency,R0,W0,1,0.996,1,cycles,
uxth,"uxth w0, w19",Integer / shifts and bitfields,,P,throughput,,,7.642,7.618,7.672,per cycle,
uxth,"uxth w0, w19",Integer / shifts and bitfields,,P,latency,R0,W0,1,1,1,cycles,
uxth,"uxth w0, w19",Integer / shifts and bitfields,,E,throughput,,,4.001,4,4.001,per cycle,
uxth,"uxth w0, w19",Integer / shifts and bitfields,,E,latency,R0,W0,1,1,1.004,cycles,
clz_x,"clz x0, x19",Integer / bit manipulation,,P,throughput,,,7.551,7.513,7.759,per cycle,
clz_x,"clz x0, x19",Integer / bit manipulation,,P,latency,R0,W0,1,1,1,cycles,
clz_x,"clz x0, x19",Integer / bit manipulation,,E,throughput,,,4.001,4,4.016,per cycle,
clz_x,"clz x0, x19",Integer / bit manipulation,,E,latency,R0,W0,1,1,1,cycles,
cls_x,"cls x0, x19",Integer / bit manipulation,,P,throughput,,,7.625,7.547,7.678,per cycle,
cls_x,"cls x0, x19",Integer / bit manipulation,,P,latency,R0,W0,1,1,1,cycles,
cls_x,"cls x0, x19",Integer / bit manipulation,,E,throughput,,,3.999,3.973,4.001,per cycle,
cls_x,"cls x0, x19",Integer / bit manipulation,,E,latency,R0,W0,1,1,1.002,cycles,
rbit_x,"rbit x0, x19",Integer / bit manipulation,,P,throughput,,,7.665,7.601,7.709,per cycle,
rbit_x,"rbit x0, x19",Integer / bit manipulation,,P,latency,R0,W0,1,1,1,cycles,
rbit_x,"rbit x0, x19",Integer / bit manipulation,,E,throughput,,,4.001,3.985,4.001,per cycle,
rbit_x,"rbit x0, x19",Integer / bit manipulation,,E,latency,R0,W0,1,0.999,1,cycles,
rev_x,"rev x0, x19",Integer / bit manipulation,,P,throughput,,,7.645,7.382,7.704,per cycle,
rev_x,"rev x0, x19",Integer / bit manipulation,,P,latency,R0,W0,1,1,1,cycles,
rev_x,"rev x0, x19",Integer / bit manipulation,,E,throughput,,,4,3.98,4.001,per cycle,
rev_x,"rev x0, x19",Integer / bit manipulation,,E,latency,R0,W0,1,1,1.003,cycles,
rev16_x,"rev16 x0, x19",Integer / bit manipulation,,P,throughput,,,7.652,7.543,7.719,per cycle,
rev16_x,"rev16 x0, x19",Integer / bit manipulation,,P,latency,R0,W0,1,1,1,cycles,
rev16_x,"rev16 x0, x19",Integer / bit manipulation,,E,throughput,,,3.999,3.99,4,per cycle,
rev16_x,"rev16 x0, x19",Integer / bit manipulation,,E,latency,R0,W0,1,0.998,1.001,cycles,
clz_w,"clz w0, w19",Integer / bit manipulation,,P,throughput,,,7.662,7.642,7.709,per cycle,
clz_w,"clz w0, w19",Integer / bit manipulation,,P,latency,R0,W0,1,0.999,1,cycles,
clz_w,"clz w0, w19",Integer / bit manipulation,,E,throughput,,,3.998,3.975,4.001,per cycle,
clz_w,"clz w0, w19",Integer / bit manipulation,,E,latency,R0,W0,1,0.999,1.002,cycles,
cls_w,"cls w0, w19",Integer / bit manipulation,,P,throughput,,,7.618,7.571,7.654,per cycle,
cls_w,"cls w0, w19",Integer / bit manipulation,,P,latency,R0,W0,1,1,1,cycles,
cls_w,"cls w0, w19",Integer / bit manipulation,,E,throughput,,,4.001,3.999,4.002,per cycle,
cls_w,"cls w0, w19",Integer / bit manipulation,,E,latency,R0,W0,1,0.999,1,cycles,
rbit_w,"rbit w0, w19",Integer / bit manipulation,,P,throughput,,,7.654,7.623,7.864,per cycle,
rbit_w,"rbit w0, w19",Integer / bit manipulation,,P,latency,R0,W0,1,1,1,cycles,
rbit_w,"rbit w0, w19",Integer / bit manipulation,,E,throughput,,,4.001,3.982,4.001,per cycle,
rbit_w,"rbit w0, w19",Integer / bit manipulation,,E,latency,R0,W0,1,0.999,1,cycles,
rev_w,"rev w0, w19",Integer / bit manipulation,,P,throughput,,,7.67,7.631,7.725,per cycle,
rev_w,"rev w0, w19",Integer / bit manipulation,,P,latency,R0,W0,1,0.999,1,cycles,
rev_w,"rev w0, w19",Integer / bit manipulation,,E,throughput,,,4,3.983,4.004,per cycle,
rev_w,"rev w0, w19",Integer / bit manipulation,,E,latency,R0,W0,1,1,1,cycles,
rev16_w,"rev16 w0, w19",Integer / bit manipulation,,P,throughput,,,7.665,7.494,7.742,per cycle,
rev16_w,"rev16 w0, w19",Integer / bit manipulation,,P,latency,R0,W0,1,1,1,cycles,
rev16_w,"rev16 w0, w19",Integer / bit manipulation,,E,throughput,,,4,3.991,4.001,per cycle,
rev16_w,"rev16 w0, w19",Integer / bit manipulation,,E,latency,R0,W0,1,1,1,cycles,
rev32_x,"rev32 x0, x19",Integer / bit manipulation,,P,throughput,,,7.625,7.51,7.758,per cycle,
rev32_x,"rev32 x0, x19",Integer / bit manipulation,,P,latency,R0,W0,1,1,1.001,cycles,
rev32_x,"rev32 x0, x19",Integer / bit manipulation,,E,throughput,,,4.001,3.999,4.002,per cycle,
rev32_x,"rev32 x0, x19",Integer / bit manipulation,,E,latency,R0,W0,1,0.999,1,cycles,
cnt_x,"cnt x0, x19",Integer / bit manipulation,CSSC,P,throughput,,,1,0.999,1,per cycle,
cnt_x,"cnt x0, x19",Integer / bit manipulation,CSSC,P,latency,R0,W0,3,2.999,3.001,cycles,
cnt_x,"cnt x0, x19",Integer / bit manipulation,CSSC,E,throughput,,,1,1,1.001,per cycle,
cnt_x,"cnt x0, x19",Integer / bit manipulation,CSSC,E,latency,R0,W0,3.001,3,3.01,cycles,
ctz_x,"ctz x0, x19",Integer / bit manipulation,CSSC,P,throughput,,,7.652,7.49,7.798,per cycle,
ctz_x,"ctz x0, x19",Integer / bit manipulation,CSSC,P,latency,R0,W0,1,1,1,cycles,
ctz_x,"ctz x0, x19",Integer / bit manipulation,CSSC,E,throughput,,,4,3.998,4.001,per cycle,
ctz_x,"ctz x0, x19",Integer / bit manipulation,CSSC,E,latency,R0,W0,1,1,1,cycles,
abs_x,"abs x0, x19",Integer / bit manipulation,CSSC,P,throughput,,,3.881,3.831,3.925,per cycle,
abs_x,"abs x0, x19",Integer / bit manipulation,CSSC,P,latency,R0,W0,1,1,1,cycles,
abs_x,"abs x0, x19",Integer / bit manipulation,CSSC,E,throughput,,,3.999,3.992,4.003,per cycle,
abs_x,"abs x0, x19",Integer / bit manipulation,CSSC,E,latency,R0,W0,1,0.999,1,cycles,
smax_x_reg,"smax x0, x19, x20",Integer / bit manipulation,CSSC,P,throughput,,,1.874,1.81,1.939,per cycle,
smax_x_reg,"smax x0, x19, x20",Integer / bit manipulation,CSSC,P,latency,R0,W0,2.001,2,2.001,cycles,
smax_x_reg,"smax x0, x19, x20",Integer / bit manipulation,CSSC,P,latency,R1,W0,1.999,1.999,2,cycles,
smax_x_reg,"smax x0, x19, x20",Integer / bit manipulation,CSSC,E,throughput,,,2,1.999,2,per cycle,
smax_x_reg,"smax x0, x19, x20",Integer / bit manipulation,CSSC,E,latency,R0,W0,2,2,2.002,cycles,
smax_x_reg,"smax x0, x19, x20",Integer / bit manipulation,CSSC,E,latency,R1,W0,2,1.994,2.001,cycles,
smin_x_reg,"smin x0, x19, x20",Integer / bit manipulation,CSSC,P,throughput,,,1.876,1.788,1.992,per cycle,
smin_x_reg,"smin x0, x19, x20",Integer / bit manipulation,CSSC,P,latency,R0,W0,2.001,2.001,2.002,cycles,
smin_x_reg,"smin x0, x19, x20",Integer / bit manipulation,CSSC,P,latency,R1,W0,1.999,1.999,2,cycles,
smin_x_reg,"smin x0, x19, x20",Integer / bit manipulation,CSSC,E,throughput,,,2.001,2,2.002,per cycle,
smin_x_reg,"smin x0, x19, x20",Integer / bit manipulation,CSSC,E,latency,R0,W0,2,1.999,2,cycles,
smin_x_reg,"smin x0, x19, x20",Integer / bit manipulation,CSSC,E,latency,R1,W0,2,2,2.001,cycles,
umax_x_reg,"umax x0, x19, x20",Integer / bit manipulation,CSSC,P,throughput,,,1.906,1.853,1.968,per cycle,
umax_x_reg,"umax x0, x19, x20",Integer / bit manipulation,CSSC,P,latency,R0,W0,2,2,2.001,cycles,
umax_x_reg,"umax x0, x19, x20",Integer / bit manipulation,CSSC,P,latency,R1,W0,1.999,1.999,2,cycles,
umax_x_reg,"umax x0, x19, x20",Integer / bit manipulation,CSSC,E,throughput,,,2,1.954,2,per cycle,
umax_x_reg,"umax x0, x19, x20",Integer / bit manipulation,CSSC,E,latency,R0,W0,2,1.989,2.004,cycles,
umax_x_reg,"umax x0, x19, x20",Integer / bit manipulation,CSSC,E,latency,R1,W0,2,1.999,2.001,cycles,
umin_x_reg,"umin x0, x19, x20",Integer / bit manipulation,CSSC,P,throughput,,,1.939,1.893,1.969,per cycle,
umin_x_reg,"umin x0, x19, x20",Integer / bit manipulation,CSSC,P,latency,R0,W0,2.001,2,2.002,cycles,
umin_x_reg,"umin x0, x19, x20",Integer / bit manipulation,CSSC,P,latency,R1,W0,2,1.999,2,cycles,
umin_x_reg,"umin x0, x19, x20",Integer / bit manipulation,CSSC,E,throughput,,,2,1.999,2.001,per cycle,
umin_x_reg,"umin x0, x19, x20",Integer / bit manipulation,CSSC,E,latency,R0,W0,2,1.999,2.001,cycles,
umin_x_reg,"umin x0, x19, x20",Integer / bit manipulation,CSSC,E,latency,R1,W0,2,1.999,2.001,cycles,
smax_x_imm,"smax x0, x19, #5",Integer / bit manipulation,CSSC,P,throughput,,,2,2,2.001,per cycle,
smax_x_imm,"smax x0, x19, #5",Integer / bit manipulation,CSSC,P,latency,R0,W0,2,1.999,2.001,cycles,
smax_x_imm,"smax x0, x19, #5",Integer / bit manipulation,CSSC,E,throughput,,,1.999,1.999,2,per cycle,
smax_x_imm,"smax x0, x19, #5",Integer / bit manipulation,CSSC,E,latency,R0,W0,2,1.999,2.001,cycles,
umin_x_imm,"umin x0, x19, #5",Integer / bit manipulation,CSSC,P,throughput,,,2.001,2,2.002,per cycle,
umin_x_imm,"umin x0, x19, #5",Integer / bit manipulation,CSSC,P,latency,R0,W0,2,1.999,2,cycles,
umin_x_imm,"umin x0, x19, #5",Integer / bit manipulation,CSSC,E,throughput,,,2,2,2.001,per cycle,
umin_x_imm,"umin x0, x19, #5",Integer / bit manipulation,CSSC,E,latency,R0,W0,2,1.999,2,cycles,
cnt_w,"cnt w0, w19",Integer / bit manipulation,CSSC,P,throughput,,,1,0.999,1,per cycle,
cnt_w,"cnt w0, w19",Integer / bit manipulation,CSSC,P,latency,R0,W0,3.001,2.999,3.002,cycles,
cnt_w,"cnt w0, w19",Integer / bit manipulation,CSSC,E,throughput,,,1,0.999,1.001,per cycle,
cnt_w,"cnt w0, w19",Integer / bit manipulation,CSSC,E,latency,R0,W0,2.999,2.999,3,cycles,
ctz_w,"ctz w0, w19",Integer / bit manipulation,CSSC,P,throughput,,,7.717,7.655,7.822,per cycle,
ctz_w,"ctz w0, w19",Integer / bit manipulation,CSSC,P,latency,R0,W0,1,1,1,cycles,
ctz_w,"ctz w0, w19",Integer / bit manipulation,CSSC,E,throughput,,,3.999,3.922,4.001,per cycle,
ctz_w,"ctz w0, w19",Integer / bit manipulation,CSSC,E,latency,R0,W0,1,0.997,1,cycles,
abs_w,"abs w0, w19",Integer / bit manipulation,CSSC,P,throughput,,,3.867,3.743,3.997,per cycle,
abs_w,"abs w0, w19",Integer / bit manipulation,CSSC,P,latency,R0,W0,1,1,1,cycles,
abs_w,"abs w0, w19",Integer / bit manipulation,CSSC,E,throughput,,,4.004,3.996,4.012,per cycle,
abs_w,"abs w0, w19",Integer / bit manipulation,CSSC,E,latency,R0,W0,1,0.998,1.001,cycles,
smax_w_reg,"smax w0, w19, w20",Integer / bit manipulation,CSSC,P,throughput,,,1.902,1.79,1.923,per cycle,
smax_w_reg,"smax w0, w19, w20",Integer / bit manipulation,CSSC,P,latency,R0,W0,2,1.999,2.001,cycles,
smax_w_reg,"smax w0, w19, w20",Integer / bit manipulation,CSSC,P,latency,R1,W0,2,1.999,2,cycles,
smax_w_reg,"smax w0, w19, w20",Integer / bit manipulation,CSSC,E,throughput,,,1.999,1.995,2.001,per cycle,
smax_w_reg,"smax w0, w19, w20",Integer / bit manipulation,CSSC,E,latency,R0,W0,2,1.999,2.001,cycles,
smax_w_reg,"smax w0, w19, w20",Integer / bit manipulation,CSSC,E,latency,R1,W0,2,1.999,2.001,cycles,
smin_w_reg,"smin w0, w19, w20",Integer / bit manipulation,CSSC,P,throughput,,,1.902,1.863,1.981,per cycle,
smin_w_reg,"smin w0, w19, w20",Integer / bit manipulation,CSSC,P,latency,R0,W0,2,1.999,2,cycles,
smin_w_reg,"smin w0, w19, w20",Integer / bit manipulation,CSSC,P,latency,R1,W0,2.001,1.999,2.001,cycles,
smin_w_reg,"smin w0, w19, w20",Integer / bit manipulation,CSSC,E,throughput,,,1.999,1.993,2.001,per cycle,
smin_w_reg,"smin w0, w19, w20",Integer / bit manipulation,CSSC,E,latency,R0,W0,2,1.997,2.001,cycles,
smin_w_reg,"smin w0, w19, w20",Integer / bit manipulation,CSSC,E,latency,R1,W0,2.001,1.999,2.002,cycles,
umax_w_reg,"umax w0, w19, w20",Integer / bit manipulation,CSSC,P,throughput,,,1.893,1.858,1.959,per cycle,
umax_w_reg,"umax w0, w19, w20",Integer / bit manipulation,CSSC,P,latency,R0,W0,2,2,2.002,cycles,
umax_w_reg,"umax w0, w19, w20",Integer / bit manipulation,CSSC,P,latency,R1,W0,2,1.999,2.001,cycles,
umax_w_reg,"umax w0, w19, w20",Integer / bit manipulation,CSSC,E,throughput,,,2,1.998,2.001,per cycle,
umax_w_reg,"umax w0, w19, w20",Integer / bit manipulation,CSSC,E,latency,R0,W0,2,1.995,2.004,cycles,
umax_w_reg,"umax w0, w19, w20",Integer / bit manipulation,CSSC,E,latency,R1,W0,2.001,2,2.002,cycles,
umin_w_reg,"umin w0, w19, w20",Integer / bit manipulation,CSSC,P,throughput,,,1.901,1.773,1.943,per cycle,
umin_w_reg,"umin w0, w19, w20",Integer / bit manipulation,CSSC,P,latency,R0,W0,2,2,2.001,cycles,
umin_w_reg,"umin w0, w19, w20",Integer / bit manipulation,CSSC,P,latency,R1,W0,2,1.999,2,cycles,
umin_w_reg,"umin w0, w19, w20",Integer / bit manipulation,CSSC,E,throughput,,,2,1.991,2.003,per cycle,
umin_w_reg,"umin w0, w19, w20",Integer / bit manipulation,CSSC,E,latency,R0,W0,2,1.999,2.001,cycles,
umin_w_reg,"umin w0, w19, w20",Integer / bit manipulation,CSSC,E,latency,R1,W0,2,1.999,2.004,cycles,
smax_w_imm,"smax w0, w19, #5",Integer / bit manipulation,CSSC,P,throughput,,,2.001,1.999,2.001,per cycle,
smax_w_imm,"smax w0, w19, #5",Integer / bit manipulation,CSSC,P,latency,R0,W0,2,2,2.001,cycles,
smax_w_imm,"smax w0, w19, #5",Integer / bit manipulation,CSSC,E,throughput,,,1.998,1.995,2,per cycle,
smax_w_imm,"smax w0, w19, #5",Integer / bit manipulation,CSSC,E,latency,R0,W0,2,1.999,2.001,cycles,
umin_w_imm,"umin w0, w19, #5",Integer / bit manipulation,CSSC,P,throughput,,,2.001,1.999,2.001,per cycle,
umin_w_imm,"umin w0, w19, #5",Integer / bit manipulation,CSSC,P,latency,R0,W0,2,2,2.001,cycles,
umin_w_imm,"umin w0, w19, #5",Integer / bit manipulation,CSSC,E,throughput,,,1.999,1.992,2.001,per cycle,
umin_w_imm,"umin w0, w19, #5",Integer / bit manipulation,CSSC,E,latency,R0,W0,2,1.999,2.002,cycles,
csel_x,"csel x0, x19, x20, ne",Integer / conditional,,P,throughput,,,3.579,1.583,3.839,per cycle,
csel_x,"csel x0, x19, x20, ne",Integer / conditional,,P,latency,R0,W0,1,1,1,cycles,
csel_x,"csel x0, x19, x20, ne",Integer / conditional,,P,latency,R1,W0,1,1,1,cycles,
csel_x,"csel x0, x19, x20, ne",Integer / conditional,,P,latency,nzcv,W0,1,1,1,cycles,
csel_x,"csel x0, x19, x20, ne",Integer / conditional,,E,throughput,,,4,3.994,4.019,per cycle,
csel_x,"csel x0, x19, x20, ne",Integer / conditional,,E,latency,R0,W0,1,1,1,cycles,
csel_x,"csel x0, x19, x20, ne",Integer / conditional,,E,latency,R1,W0,1,0.999,1,cycles,
csel_x,"csel x0, x19, x20, ne",Integer / conditional,,E,latency,nzcv,W0,1,1,1.001,cycles,
csinc_x,"csinc x0, x19, x20, ne",Integer / conditional,,P,throughput,,,3.593,3.511,3.876,per cycle,
csinc_x,"csinc x0, x19, x20, ne",Integer / conditional,,P,latency,R0,W0,1,1,1,cycles,
csinc_x,"csinc x0, x19, x20, ne",Integer / conditional,,P,latency,R1,W0,1,1,1,cycles,
csinc_x,"csinc x0, x19, x20, ne",Integer / conditional,,P,latency,nzcv,W0,1,1,1,cycles,
csinc_x,"csinc x0, x19, x20, ne",Integer / conditional,,E,throughput,,,3.999,3.987,4,per cycle,
csinc_x,"csinc x0, x19, x20, ne",Integer / conditional,,E,latency,R0,W0,1,1,1.001,cycles,
csinc_x,"csinc x0, x19, x20, ne",Integer / conditional,,E,latency,R1,W0,1,1,1.001,cycles,
csinc_x,"csinc x0, x19, x20, ne",Integer / conditional,,E,latency,nzcv,W0,1,1,1.006,cycles,
csinv_x,"csinv x0, x19, x20, ne",Integer / conditional,,P,throughput,,,3.545,3.539,3.666,per cycle,
csinv_x,"csinv x0, x19, x20, ne",Integer / conditional,,P,latency,R0,W0,1,0.999,1,cycles,
csinv_x,"csinv x0, x19, x20, ne",Integer / conditional,,P,latency,R1,W0,1,1,1,cycles,
csinv_x,"csinv x0, x19, x20, ne",Integer / conditional,,P,latency,nzcv,W0,1,1,1,cycles,
csinv_x,"csinv x0, x19, x20, ne",Integer / conditional,,E,throughput,,,4.001,4,4.013,per cycle,
csinv_x,"csinv x0, x19, x20, ne",Integer / conditional,,E,latency,R0,W0,1,0.999,1.001,cycles,
csinv_x,"csinv x0, x19, x20, ne",Integer / conditional,,E,latency,R1,W0,1,1,1.016,cycles,
csinv_x,"csinv x0, x19, x20, ne",Integer / conditional,,E,latency,nzcv,W0,1,0.997,1.001,cycles,
csneg_x,"csneg x0, x19, x20, ne",Integer / conditional,,P,throughput,,,3.677,3.618,4.103,per cycle,
csneg_x,"csneg x0, x19, x20, ne",Integer / conditional,,P,latency,R0,W0,1,1,1,cycles,
csneg_x,"csneg x0, x19, x20, ne",Integer / conditional,,P,latency,R1,W0,1,1,1,cycles,
csneg_x,"csneg x0, x19, x20, ne",Integer / conditional,,P,latency,nzcv,W0,1,1,1.001,cycles,
csneg_x,"csneg x0, x19, x20, ne",Integer / conditional,,E,throughput,,,4,4,4.005,per cycle,
csneg_x,"csneg x0, x19, x20, ne",Integer / conditional,,E,latency,R0,W0,1,1,1.002,cycles,
csneg_x,"csneg x0, x19, x20, ne",Integer / conditional,,E,latency,R1,W0,1,1,1,cycles,
csneg_x,"csneg x0, x19, x20, ne",Integer / conditional,,E,latency,nzcv,W0,1,1,1.005,cycles,
cset_x,"cset x0, ne",Integer / conditional,,P,throughput,,,4,3.999,4.001,per cycle,
cset_x,"cset x0, ne",Integer / conditional,,P,latency,nzcv,W0,1,1,1.001,cycles,
cset_x,"cset x0, ne",Integer / conditional,,E,throughput,,,4.005,4,4.01,per cycle,
cset_x,"cset x0, ne",Integer / conditional,,E,latency,nzcv,W0,1,0.999,1,cycles,
csetm_x,"csetm x0, ne",Integer / conditional,,P,throughput,,,4,3.998,4.001,per cycle,
csetm_x,"csetm x0, ne",Integer / conditional,,P,latency,nzcv,W0,1,0.999,1,cycles,
csetm_x,"csetm x0, ne",Integer / conditional,,E,throughput,,,4,3.999,4,per cycle,
csetm_x,"csetm x0, ne",Integer / conditional,,E,latency,nzcv,W0,1,0.999,1.01,cycles,
cinc_x,"cinc x0, x19, ne",Integer / conditional,,P,throughput,,,3.871,3.759,3.981,per cycle,
cinc_x,"cinc x0, x19, ne",Integer / conditional,,P,latency,R0,W0,1,1,1,cycles,
cinc_x,"cinc x0, x19, ne",Integer / conditional,,P,latency,nzcv,W0,1,0.999,1,cycles,
cinc_x,"cinc x0, x19, ne",Integer / conditional,,E,throughput,,,4,3.998,4.011,per cycle,
cinc_x,"cinc x0, x19, ne",Integer / conditional,,E,latency,R0,W0,1,0.999,1,cycles,
cinc_x,"cinc x0, x19, ne",Integer / conditional,,E,latency,nzcv,W0,1,0.997,1,cycles,
cinv_x,"cinv x0, x19, ne",Integer / conditional,,P,throughput,,,3.919,3.884,4.037,per cycle,
cinv_x,"cinv x0, x19, ne",Integer / conditional,,P,latency,R0,W0,1,1,1,cycles,
cinv_x,"cinv x0, x19, ne",Integer / conditional,,P,latency,nzcv,W0,1,1,1.001,cycles,
cinv_x,"cinv x0, x19, ne",Integer / conditional,,E,throughput,,,4,3.996,4.03,per cycle,
cinv_x,"cinv x0, x19, ne",Integer / conditional,,E,latency,R0,W0,1,0.996,1.001,cycles,
cinv_x,"cinv x0, x19, ne",Integer / conditional,,E,latency,nzcv,W0,1,0.997,1.001,cycles,
cneg_x,"cneg x0, x19, ne",Integer / conditional,,P,throughput,,,3.938,3.863,4.035,per cycle,
cneg_x,"cneg x0, x19, ne",Integer / conditional,,P,latency,R0,W0,1,1,1,cycles,
cneg_x,"cneg x0, x19, ne",Integer / conditional,,P,latency,nzcv,W0,0.999,0.998,1.001,cycles,
cneg_x,"cneg x0, x19, ne",Integer / conditional,,E,throughput,,,4,3.995,4.001,per cycle,
cneg_x,"cneg x0, x19, ne",Integer / conditional,,E,latency,R0,W0,1,1,1,cycles,
cneg_x,"cneg x0, x19, ne",Integer / conditional,,E,latency,nzcv,W0,1,1,1,cycles,
ccmp_x_reg,"ccmp x19, x20, #0, ne",Integer / conditional,,P,throughput,,,1,1,1.001,per cycle,limited-by-own-chain
ccmp_x_reg,"ccmp x19, x20, #0, ne",Integer / conditional,,P,latency,R0,nzcv,1,0.999,1.001,cycles,
ccmp_x_reg,"ccmp x19, x20, #0, ne",Integer / conditional,,P,latency,R1,nzcv,1,0.999,1.001,cycles,
ccmp_x_reg,"ccmp x19, x20, #0, ne",Integer / conditional,,P,latency,nzcv,nzcv,1,0.999,1,cycles,
ccmp_x_reg,"ccmp x19, x20, #0, ne",Integer / conditional,,E,throughput,,,1,0.991,1.001,per cycle,limited-by-own-chain
ccmp_x_reg,"ccmp x19, x20, #0, ne",Integer / conditional,,E,latency,R0,nzcv,1,1,1.008,cycles,
ccmp_x_reg,"ccmp x19, x20, #0, ne",Integer / conditional,,E,latency,R1,nzcv,1,0.996,1,cycles,
ccmp_x_reg,"ccmp x19, x20, #0, ne",Integer / conditional,,E,latency,nzcv,nzcv,1,1,1.003,cycles,
ccmp_x_imm,"ccmp x19, #5, #0, ne",Integer / conditional,,P,throughput,,,1,1,1.001,per cycle,limited-by-own-chain
ccmp_x_imm,"ccmp x19, #5, #0, ne",Integer / conditional,,P,latency,R0,nzcv,1,1,1.001,cycles,
ccmp_x_imm,"ccmp x19, #5, #0, ne",Integer / conditional,,P,latency,nzcv,nzcv,1,1,1,cycles,
ccmp_x_imm,"ccmp x19, #5, #0, ne",Integer / conditional,,E,throughput,,,1,1,1.002,per cycle,limited-by-own-chain
ccmp_x_imm,"ccmp x19, #5, #0, ne",Integer / conditional,,E,latency,R0,nzcv,1,1,1.006,cycles,
ccmp_x_imm,"ccmp x19, #5, #0, ne",Integer / conditional,,E,latency,nzcv,nzcv,1,1,1.002,cycles,
ccmn_x_reg,"ccmn x19, x20, #0, ne",Integer / conditional,,P,throughput,,,1,1,1.001,per cycle,limited-by-own-chain
ccmn_x_reg,"ccmn x19, x20, #0, ne",Integer / conditional,,P,latency,R0,nzcv,1,1,1.001,cycles,
ccmn_x_reg,"ccmn x19, x20, #0, ne",Integer / conditional,,P,latency,R1,nzcv,1,1,1.001,cycles,
ccmn_x_reg,"ccmn x19, x20, #0, ne",Integer / conditional,,P,latency,nzcv,nzcv,1,1,1,cycles,
ccmn_x_reg,"ccmn x19, x20, #0, ne",Integer / conditional,,E,throughput,,,1,0.998,1.002,per cycle,limited-by-own-chain
ccmn_x_reg,"ccmn x19, x20, #0, ne",Integer / conditional,,E,latency,R0,nzcv,1,0.999,1.002,cycles,
ccmn_x_reg,"ccmn x19, x20, #0, ne",Integer / conditional,,E,latency,R1,nzcv,1.001,0.999,1.01,cycles,
ccmn_x_reg,"ccmn x19, x20, #0, ne",Integer / conditional,,E,latency,nzcv,nzcv,1,0.999,1,cycles,
csel_w,"csel w0, w19, w20, ne",Integer / conditional,,P,throughput,,,3.553,3.46,3.886,per cycle,
csel_w,"csel w0, w19, w20, ne",Integer / conditional,,P,latency,R0,W0,1,1,1.001,cycles,
csel_w,"csel w0, w19, w20, ne",Integer / conditional,,P,latency,R1,W0,1,1,1,cycles,
csel_w,"csel w0, w19, w20, ne",Integer / conditional,,P,latency,nzcv,W0,1,1,1,cycles,
csel_w,"csel w0, w19, w20, ne",Integer / conditional,,E,throughput,,,4,3.994,4.001,per cycle,
csel_w,"csel w0, w19, w20, ne",Integer / conditional,,E,latency,R0,W0,1,1,1.001,cycles,
csel_w,"csel w0, w19, w20, ne",Integer / conditional,,E,latency,R1,W0,1,0.999,1,cycles,
csel_w,"csel w0, w19, w20, ne",Integer / conditional,,E,latency,nzcv,W0,1,1,1.004,cycles,
csinc_w,"csinc w0, w19, w20, ne",Integer / conditional,,P,throughput,,,3.422,3.347,3.577,per cycle,
csinc_w,"csinc w0, w19, w20, ne",Integer / conditional,,P,latency,R0,W0,1,1,1.001,cycles,
csinc_w,"csinc w0, w19, w20, ne",Integer / conditional,,P,latency,R1,W0,1,0.996,1,cycles,
csinc_w,"csinc w0, w19, w20, ne",Integer / conditional,,P,latency,nzcv,W0,1,1,1.025,cycles,
csinc_w,"csinc w0, w19, w20, ne",Integer / conditional,,E,throughput,,,4,3.995,4.004,per cycle,
csinc_w,"csinc w0, w19, w20, ne",Integer / conditional,,E,latency,R0,W0,1,0.999,1,cycles,
csinc_w,"csinc w0, w19, w20, ne",Integer / conditional,,E,latency,R1,W0,1,1,1.002,cycles,
csinc_w,"csinc w0, w19, w20, ne",Integer / conditional,,E,latency,nzcv,W0,1,0.999,1,cycles,
csinv_w,"csinv w0, w19, w20, ne",Integer / conditional,,P,throughput,,,3.51,3.298,3.613,per cycle,
csinv_w,"csinv w0, w19, w20, ne",Integer / conditional,,P,latency,R0,W0,1,1,1,cycles,
csinv_w,"csinv w0, w19, w20, ne",Integer / conditional,,P,latency,R1,W0,1,1,1,cycles,
csinv_w,"csinv w0, w19, w20, ne",Integer / conditional,,P,latency,nzcv,W0,1,1,1.001,cycles,
csinv_w,"csinv w0, w19, w20, ne",Integer / conditional,,E,throughput,,,4,4,4.001,per cycle,
csinv_w,"csinv w0, w19, w20, ne",Integer / conditional,,E,latency,R0,W0,1,1,1,cycles,
csinv_w,"csinv w0, w19, w20, ne",Integer / conditional,,E,latency,R1,W0,1.001,1,1.004,cycles,
csinv_w,"csinv w0, w19, w20, ne",Integer / conditional,,E,latency,nzcv,W0,1,0.99,1,cycles,
csneg_w,"csneg w0, w19, w20, ne",Integer / conditional,,P,throughput,,,3.754,2.929,3.878,per cycle,
csneg_w,"csneg w0, w19, w20, ne",Integer / conditional,,P,latency,R0,W0,1,1,1,cycles,
csneg_w,"csneg w0, w19, w20, ne",Integer / conditional,,P,latency,R1,W0,1,1,1,cycles,
csneg_w,"csneg w0, w19, w20, ne",Integer / conditional,,P,latency,nzcv,W0,1,1,1,cycles,
csneg_w,"csneg w0, w19, w20, ne",Integer / conditional,,E,throughput,,,4,3.991,4,per cycle,
csneg_w,"csneg w0, w19, w20, ne",Integer / conditional,,E,latency,R0,W0,1,0.998,1,cycles,
csneg_w,"csneg w0, w19, w20, ne",Integer / conditional,,E,latency,R1,W0,1,0.998,1.002,cycles,
csneg_w,"csneg w0, w19, w20, ne",Integer / conditional,,E,latency,nzcv,W0,1,1,1,cycles,
cset_w,"cset w0, ne",Integer / conditional,,P,throughput,,,4,3.998,4.001,per cycle,
cset_w,"cset w0, ne",Integer / conditional,,P,latency,nzcv,W0,1,1,1,cycles,
cset_w,"cset w0, ne",Integer / conditional,,E,throughput,,,4,4,4.002,per cycle,
cset_w,"cset w0, ne",Integer / conditional,,E,latency,nzcv,W0,1,1,1,cycles,
csetm_w,"csetm w0, ne",Integer / conditional,,P,throughput,,,4,3.998,4,per cycle,
csetm_w,"csetm w0, ne",Integer / conditional,,P,latency,nzcv,W0,1,1,1,cycles,
csetm_w,"csetm w0, ne",Integer / conditional,,E,throughput,,,3.999,3.999,4,per cycle,
csetm_w,"csetm w0, ne",Integer / conditional,,E,latency,nzcv,W0,1,1,1,cycles,
cinc_w,"cinc w0, w19, ne",Integer / conditional,,P,throughput,,,3.928,3.854,3.961,per cycle,
cinc_w,"cinc w0, w19, ne",Integer / conditional,,P,latency,R0,W0,1,1,1,cycles,
cinc_w,"cinc w0, w19, ne",Integer / conditional,,P,latency,nzcv,W0,1,0.999,1.001,cycles,
cinc_w,"cinc w0, w19, ne",Integer / conditional,,E,throughput,,,4,3.999,4,per cycle,
cinc_w,"cinc w0, w19, ne",Integer / conditional,,E,latency,R0,W0,1,1,1,cycles,
cinc_w,"cinc w0, w19, ne",Integer / conditional,,E,latency,nzcv,W0,1,1,1,cycles,
cinv_w,"cinv w0, w19, ne",Integer / conditional,,P,throughput,,,3.782,3.763,3.939,per cycle,
cinv_w,"cinv w0, w19, ne",Integer / conditional,,P,latency,R0,W0,1,1,1,cycles,
cinv_w,"cinv w0, w19, ne",Integer / conditional,,P,latency,nzcv,W0,1,0.999,1,cycles,
cinv_w,"cinv w0, w19, ne",Integer / conditional,,E,throughput,,,4,3.999,4.001,per cycle,
cinv_w,"cinv w0, w19, ne",Integer / conditional,,E,latency,R0,W0,1,1,1,cycles,
cinv_w,"cinv w0, w19, ne",Integer / conditional,,E,latency,nzcv,W0,1,1,1,cycles,
cneg_w,"cneg w0, w19, ne",Integer / conditional,,P,throughput,,,3.913,3.789,4.032,per cycle,
cneg_w,"cneg w0, w19, ne",Integer / conditional,,P,latency,R0,W0,1,1,1,cycles,
cneg_w,"cneg w0, w19, ne",Integer / conditional,,P,latency,nzcv,W0,1,0.999,1.001,cycles,
cneg_w,"cneg w0, w19, ne",Integer / conditional,,E,throughput,,,4,4,4.004,per cycle,
cneg_w,"cneg w0, w19, ne",Integer / conditional,,E,latency,R0,W0,1,1,1,cycles,
cneg_w,"cneg w0, w19, ne",Integer / conditional,,E,latency,nzcv,W0,1,1,1.004,cycles,
ccmp_w_reg,"ccmp w19, w20, #0, ne",Integer / conditional,,P,throughput,,,1,0.999,1.001,per cycle,limited-by-own-chain
ccmp_w_reg,"ccmp w19, w20, #0, ne",Integer / conditional,,P,latency,R0,nzcv,1,1,1.001,cycles,
ccmp_w_reg,"ccmp w19, w20, #0, ne",Integer / conditional,,P,latency,R1,nzcv,1.001,1,1.003,cycles,
ccmp_w_reg,"ccmp w19, w20, #0, ne",Integer / conditional,,P,latency,nzcv,nzcv,1,0.999,1,cycles,
ccmp_w_reg,"ccmp w19, w20, #0, ne",Integer / conditional,,E,throughput,,,1,0.999,1,per cycle,limited-by-own-chain
ccmp_w_reg,"ccmp w19, w20, #0, ne",Integer / conditional,,E,latency,R0,nzcv,1,0.999,1,cycles,
ccmp_w_reg,"ccmp w19, w20, #0, ne",Integer / conditional,,E,latency,R1,nzcv,1,0.998,1,cycles,
ccmp_w_reg,"ccmp w19, w20, #0, ne",Integer / conditional,,E,latency,nzcv,nzcv,1,1,1,cycles,
ccmp_w_imm,"ccmp w19, #5, #0, ne",Integer / conditional,,P,throughput,,,1,0.999,1,per cycle,limited-by-own-chain
ccmp_w_imm,"ccmp w19, #5, #0, ne",Integer / conditional,,P,latency,R0,nzcv,1.001,1,1.001,cycles,
ccmp_w_imm,"ccmp w19, #5, #0, ne",Integer / conditional,,P,latency,nzcv,nzcv,1,1,1,cycles,
ccmp_w_imm,"ccmp w19, #5, #0, ne",Integer / conditional,,E,throughput,,,1,1,1.001,per cycle,limited-by-own-chain
ccmp_w_imm,"ccmp w19, #5, #0, ne",Integer / conditional,,E,latency,R0,nzcv,1,0.999,1,cycles,
ccmp_w_imm,"ccmp w19, #5, #0, ne",Integer / conditional,,E,latency,nzcv,nzcv,1,0.999,1,cycles,
ccmn_w_reg,"ccmn w19, w20, #0, ne",Integer / conditional,,P,throughput,,,1,1,1,per cycle,limited-by-own-chain
ccmn_w_reg,"ccmn w19, w20, #0, ne",Integer / conditional,,P,latency,R0,nzcv,1,0.999,1.001,cycles,
ccmn_w_reg,"ccmn w19, w20, #0, ne",Integer / conditional,,P,latency,R1,nzcv,1,1,1.001,cycles,
ccmn_w_reg,"ccmn w19, w20, #0, ne",Integer / conditional,,P,latency,nzcv,nzcv,1,1,1.001,cycles,
ccmn_w_reg,"ccmn w19, w20, #0, ne",Integer / conditional,,E,throughput,,,1,0.998,1,per cycle,limited-by-own-chain
ccmn_w_reg,"ccmn w19, w20, #0, ne",Integer / conditional,,E,latency,R0,nzcv,1,0.999,1.003,cycles,
ccmn_w_reg,"ccmn w19, w20, #0, ne",Integer / conditional,,E,latency,R1,nzcv,1,0.998,1,cycles,
ccmn_w_reg,"ccmn w19, w20, #0, ne",Integer / conditional,,E,latency,nzcv,nzcv,1,1,1,cycles,
mrs_nzcv,"mrs x0, nzcv",Integer / flags,,P,throughput,,,2,1.999,2.001,per cycle,
mrs_nzcv,"mrs x0, nzcv",Integer / flags,,P,latency,nzcv,W0,1,1,1.001,cycles,
mrs_nzcv,"mrs x0, nzcv",Integer / flags,,E,throughput,,,4,3.99,4.003,per cycle,
mrs_nzcv,"mrs x0, nzcv",Integer / flags,,E,latency,nzcv,W0,1,1,1,cycles,
msr_nzcv,"msr nzcv, x19",Integer / flags,,P,throughput,,,2,2,2,per cycle,
msr_nzcv,"msr nzcv, x19",Integer / flags,,P,latency,R0,nzcv,1,0.999,1.001,cycles,
msr_nzcv,"msr nzcv, x19",Integer / flags,,E,throughput,,,4,3.997,4.001,per cycle,
msr_nzcv,"msr nzcv, x19",Integer / flags,,E,latency,R0,nzcv,1,1,1.001,cycles,
cfinv,cfinv,Integer / flags,FlagM,P,throughput,,,1,0.999,1.001,per cycle,limited-by-own-chain
cfinv,cfinv,Integer / flags,FlagM,P,latency,nzcv,nzcv,1,1,1,cycles,
cfinv,cfinv,Integer / flags,FlagM,E,throughput,,,1,1,1.001,per cycle,limited-by-own-chain
cfinv,cfinv,Integer / flags,FlagM,E,latency,nzcv,nzcv,1,1,1,cycles,
rmif,"rmif x19, #3, #15",Integer / flags,FlagM,P,throughput,,,1,1,1,per cycle,
rmif,"rmif x19, #3, #15",Integer / flags,FlagM,P,latency,R0,nzcv,1,0.999,1.001,cycles,
rmif,"rmif x19, #3, #15",Integer / flags,FlagM,E,throughput,,,1,0.998,1,per cycle,
rmif,"rmif x19, #3, #15",Integer / flags,FlagM,E,latency,R0,nzcv,1,1,1.001,cycles,
setf8,setf8 w19,Integer / flags,FlagM,P,throughput,,,1,0.999,1,per cycle,
setf8,setf8 w19,Integer / flags,FlagM,P,latency,R0,nzcv,1,1,1.001,cycles,
setf8,setf8 w19,Integer / flags,FlagM,E,throughput,,,1,0.999,1,per cycle,
setf8,setf8 w19,Integer / flags,FlagM,E,latency,R0,nzcv,1,1,1.001,cycles,
setf16,setf16 w19,Integer / flags,FlagM,P,throughput,,,1,1,1,per cycle,
setf16,setf16 w19,Integer / flags,FlagM,P,latency,R0,nzcv,1,1,1.001,cycles,
setf16,setf16 w19,Integer / flags,FlagM,E,throughput,,,1,0.996,1,per cycle,
setf16,setf16 w19,Integer / flags,FlagM,E,latency,R0,nzcv,1,1,1.014,cycles,
axflag,axflag,Integer / flags,FlagM2,P,throughput,,,1,0.999,1,per cycle,limited-by-own-chain
axflag,axflag,Integer / flags,FlagM2,P,latency,nzcv,nzcv,1,1,1,cycles,
axflag,axflag,Integer / flags,FlagM2,E,throughput,,,1,1,1,per cycle,limited-by-own-chain
axflag,axflag,Integer / flags,FlagM2,E,latency,nzcv,nzcv,1,1,1,cycles,
xaflag,xaflag,Integer / flags,FlagM2,P,throughput,,,1,0.999,1,per cycle,limited-by-own-chain
xaflag,xaflag,Integer / flags,FlagM2,P,latency,nzcv,nzcv,1,1,1,cycles,
xaflag,xaflag,Integer / flags,FlagM2,E,throughput,,,1,0.999,1.001,per cycle,limited-by-own-chain
xaflag,xaflag,Integer / flags,FlagM2,E,latency,nzcv,nzcv,1,1,1,cycles,
mul_x,"mul x0, x19, x20",Integer / multiply,,P,throughput,,,2.998,2.997,3.001,per cycle,
mul_x,"mul x0, x19, x20",Integer / multiply,,P,latency,R0,W0,3,2.999,3.001,cycles,
mul_x,"mul x0, x19, x20",Integer / multiply,,P,latency,R1,W0,2.999,2.999,3.001,cycles,
mul_x,"mul x0, x19, x20",Integer / multiply,,E,throughput,,,1,0.999,1.001,per cycle,
mul_x,"mul x0, x19, x20",Integer / multiply,,E,latency,R0,W0,3,2.996,3.001,cycles,
mul_x,"mul x0, x19, x20",Integer / multiply,,E,latency,R1,W0,3,2.998,3.001,cycles,
madd_x,"madd x0, x19, x20, x21",Integer / multiply,,P,throughput,,,2.412,2.252,2.679,per cycle,
madd_x,"madd x0, x19, x20, x21",Integer / multiply,,P,latency,R0,W0,4,3.999,4.001,cycles,
madd_x,"madd x0, x19, x20, x21",Integer / multiply,,P,latency,R1,W0,4,3.999,4.002,cycles,
madd_x,"madd x0, x19, x20, x21",Integer / multiply,,P,latency,R2,W0,1,0.999,1,cycles,
madd_x,"madd x0, x19, x20, x21",Integer / multiply,,E,throughput,,,1,0.999,1,per cycle,
madd_x,"madd x0, x19, x20, x21",Integer / multiply,,E,latency,R0,W0,3,2.999,3,cycles,
madd_x,"madd x0, x19, x20, x21",Integer / multiply,,E,latency,R1,W0,3,3,3,cycles,
madd_x,"madd x0, x19, x20, x21",Integer / multiply,,E,latency,R2,W0,1,1,1,cycles,
msub_x,"msub x0, x19, x20, x21",Integer / multiply,,P,throughput,,,2.796,2.588,2.818,per cycle,
msub_x,"msub x0, x19, x20, x21",Integer / multiply,,P,latency,R0,W0,4,3.999,4.001,cycles,
msub_x,"msub x0, x19, x20, x21",Integer / multiply,,P,latency,R1,W0,4,3.999,4.001,cycles,
msub_x,"msub x0, x19, x20, x21",Integer / multiply,,P,latency,R2,W0,1,1,1,cycles,
msub_x,"msub x0, x19, x20, x21",Integer / multiply,,E,throughput,,,1,0.999,1,per cycle,
msub_x,"msub x0, x19, x20, x21",Integer / multiply,,E,latency,R0,W0,3,3,3,cycles,
msub_x,"msub x0, x19, x20, x21",Integer / multiply,,E,latency,R1,W0,2.999,2.999,3,cycles,
msub_x,"msub x0, x19, x20, x21",Integer / multiply,,E,latency,R2,W0,1,1,1,cycles,
mneg_x,"mneg x0, x19, x20",Integer / multiply,,P,throughput,,,2.806,2.761,2.966,per cycle,
mneg_x,"mneg x0, x19, x20",Integer / multiply,,P,latency,R0,W0,2.999,2.999,3,cycles,
mneg_x,"mneg x0, x19, x20",Integer / multiply,,P,latency,R1,W0,3.001,3,3.002,cycles,
mneg_x,"mneg x0, x19, x20",Integer / multiply,,E,throughput,,,1,1,1,per cycle,
mneg_x,"mneg x0, x19, x20",Integer / multiply,,E,latency,R0,W0,3,3,3,cycles,
mneg_x,"mneg x0, x19, x20",Integer / multiply,,E,latency,R1,W0,3,3,3.002,cycles,
mul_w,"mul w0, w19, w20",Integer / multiply,,P,throughput,,,2.88,2.691,2.915,per cycle,
mul_w,"mul w0, w19, w20",Integer / multiply,,P,latency,R0,W0,3,2.999,3,cycles,
mul_w,"mul w0, w19, w20",Integer / multiply,,P,latency,R1,W0,3,2.999,3.001,cycles,
mul_w,"mul w0, w19, w20",Integer / multiply,,E,throughput,,,1,0.999,1,per cycle,
mul_w,"mul w0, w19, w20",Integer / multiply,,E,latency,R0,W0,3,3,3.002,cycles,
mul_w,"mul w0, w19, w20",Integer / multiply,,E,latency,R1,W0,3,3,3,cycles,
madd_w,"madd w0, w19, w20, w21",Integer / multiply,,P,throughput,,,2.706,2.656,2.867,per cycle,
madd_w,"madd w0, w19, w20, w21",Integer / multiply,,P,latency,R0,W0,4,3.999,4.001,cycles,
madd_w,"madd w0, w19, w20, w21",Integer / multiply,,P,latency,R1,W0,4.001,3.999,4.001,cycles,
madd_w,"madd w0, w19, w20, w21",Integer / multiply,,P,latency,R2,W0,1,0.999,1,cycles,
madd_w,"madd w0, w19, w20, w21",Integer / multiply,,E,throughput,,,1,0.998,1,per cycle,
madd_w,"madd w0, w19, w20, w21",Integer / multiply,,E,latency,R0,W0,3,2.997,3,cycles,
madd_w,"madd w0, w19, w20, w21",Integer / multiply,,E,latency,R1,W0,3,2.999,3,cycles,
madd_w,"madd w0, w19, w20, w21",Integer / multiply,,E,latency,R2,W0,1,1,1,cycles,
msub_w,"msub w0, w19, w20, w21",Integer / multiply,,P,throughput,,,2.793,2.711,2.92,per cycle,
msub_w,"msub w0, w19, w20, w21",Integer / multiply,,P,latency,R0,W0,4,3.999,4.001,cycles,
msub_w,"msub w0, w19, w20, w21",Integer / multiply,,P,latency,R1,W0,4.001,3.999,4.002,cycles,
msub_w,"msub w0, w19, w20, w21",Integer / multiply,,P,latency,R2,W0,1,1,1,cycles,
msub_w,"msub w0, w19, w20, w21",Integer / multiply,,E,throughput,,,1.001,1,1.004,per cycle,
msub_w,"msub w0, w19, w20, w21",Integer / multiply,,E,latency,R0,W0,3,3,3.005,cycles,
msub_w,"msub w0, w19, w20, w21",Integer / multiply,,E,latency,R1,W0,3,2.995,3.007,cycles,
msub_w,"msub w0, w19, w20, w21",Integer / multiply,,E,latency,R2,W0,1,0.999,1,cycles,
mneg_w,"mneg w0, w19, w20",Integer / multiply,,P,throughput,,,2.936,2.838,3.042,per cycle,
mneg_w,"mneg w0, w19, w20",Integer / multiply,,P,latency,R0,W0,3,2.999,3.001,cycles,
mneg_w,"mneg w0, w19, w20",Integer / multiply,,P,latency,R1,W0,2.999,2.999,3.001,cycles,
mneg_w,"mneg w0, w19, w20",Integer / multiply,,E,throughput,,,1,1,1.001,per cycle,
mneg_w,"mneg w0, w19, w20",Integer / multiply,,E,latency,R0,W0,3,2.995,3.004,cycles,
mneg_w,"mneg w0, w19, w20",Integer / multiply,,E,latency,R1,W0,3,2.999,3.005,cycles,
smull,"smull x0, w19, w20",Integer / multiply,,P,throughput,,,2.819,2.683,2.959,per cycle,
smull,"smull x0, w19, w20",Integer / multiply,,P,latency,R0,W0,3.001,3,3.001,cycles,
smull,"smull x0, w19, w20",Integer / multiply,,P,latency,R1,W0,2.999,2.999,3.001,cycles,
smull,"smull x0, w19, w20",Integer / multiply,,E,throughput,,,1,0.998,1.001,per cycle,
smull,"smull x0, w19, w20",Integer / multiply,,E,latency,R0,W0,3,2.999,3,cycles,
smull,"smull x0, w19, w20",Integer / multiply,,E,latency,R1,W0,2.999,2.999,3.003,cycles,
umull,"umull x0, w19, w20",Integer / multiply,,P,throughput,,,2.961,2.823,3.019,per cycle,
umull,"umull x0, w19, w20",Integer / multiply,,P,latency,R0,W0,3,2.999,3.001,cycles,
umull,"umull x0, w19, w20",Integer / multiply,,P,latency,R1,W0,2.999,2.999,3.001,cycles,
umull,"umull x0, w19, w20",Integer / multiply,,E,throughput,,,1,0.999,1,per cycle,
umull,"umull x0, w19, w20",Integer / multiply,,E,latency,R0,W0,3,3,3.002,cycles,
umull,"umull x0, w19, w20",Integer / multiply,,E,latency,R1,W0,3,2.996,3.002,cycles,
smaddl,"smaddl x0, w19, w20, x21",Integer / multiply,,P,throughput,,,2.806,2.772,2.861,per cycle,
smaddl,"smaddl x0, w19, w20, x21",Integer / multiply,,P,latency,R0,W0,4.001,3.999,4.001,cycles,
smaddl,"smaddl x0, w19, w20, x21",Integer / multiply,,P,latency,R1,W0,3.999,3.999,4.001,cycles,
smaddl,"smaddl x0, w19, w20, x21",Integer / multiply,,P,latency,R2,W0,1,1,1.001,cycles,
smaddl,"smaddl x0, w19, w20, x21",Integer / multiply,,E,throughput,,,0.999,0.999,1.001,per cycle,
smaddl,"smaddl x0, w19, w20, x21",Integer / multiply,,E,latency,R0,W0,3.001,2.969,3.02,cycles,
smaddl,"smaddl x0, w19, w20, x21",Integer / multiply,,E,latency,R1,W0,3.001,2.996,3.019,cycles,
smaddl,"smaddl x0, w19, w20, x21",Integer / multiply,,E,latency,R2,W0,1,0.999,1.001,cycles,
umaddl,"umaddl x0, w19, w20, x21",Integer / multiply,,P,throughput,,,2.757,2.576,2.842,per cycle,
umaddl,"umaddl x0, w19, w20, x21",Integer / multiply,,P,latency,R0,W0,3.999,3.998,4.001,cycles,
umaddl,"umaddl x0, w19, w20, x21",Integer / multiply,,P,latency,R1,W0,4,3.999,4.001,cycles,
umaddl,"umaddl x0, w19, w20, x21",Integer / multiply,,P,latency,R2,W0,1,0.999,1,cycles,
umaddl,"umaddl x0, w19, w20, x21",Integer / multiply,,E,throughput,,,1,0.999,1.001,per cycle,
umaddl,"umaddl x0, w19, w20, x21",Integer / multiply,,E,latency,R0,W0,2.999,2.996,3.005,cycles,
umaddl,"umaddl x0, w19, w20, x21",Integer / multiply,,E,latency,R1,W0,2.999,2.998,3.002,cycles,
umaddl,"umaddl x0, w19, w20, x21",Integer / multiply,,E,latency,R2,W0,1,1,1,cycles,
smsubl,"smsubl x0, w19, w20, x21",Integer / multiply,,P,throughput,,,2.778,2.668,2.806,per cycle,
smsubl,"smsubl x0, w19, w20, x21",Integer / multiply,,P,latency,R0,W0,4,3.999,4.002,cycles,
smsubl,"smsubl x0, w19, w20, x21",Integer / multiply,,P,latency,R1,W0,3.999,3.999,4.001,cycles,
smsubl,"smsubl x0, w19, w20, x21",Integer / multiply,,P,latency,R2,W0,1,1,1,cycles,
smsubl,"smsubl x0, w19, w20, x21",Integer / multiply,,E,throughput,,,1,0.999,1.002,per cycle,
smsubl,"smsubl x0, w19, w20, x21",Integer / multiply,,E,latency,R0,W0,3,2.995,3,cycles,
smsubl,"smsubl x0, w19, w20, x21",Integer / multiply,,E,latency,R1,W0,3.001,3,3.003,cycles,
smsubl,"smsubl x0, w19, w20, x21",Integer / multiply,,E,latency,R2,W0,1,1,1.001,cycles,
smulh,"smulh x0, x19, x20",Integer / multiply,,P,throughput,,,2.908,2.75,3.171,per cycle,
smulh,"smulh x0, x19, x20",Integer / multiply,,P,latency,R0,W0,3,2.999,3.001,cycles,
smulh,"smulh x0, x19, x20",Integer / multiply,,P,latency,R1,W0,3.001,2.999,3.001,cycles,
smulh,"smulh x0, x19, x20",Integer / multiply,,E,throughput,,,0.999,0.995,1,per cycle,
smulh,"smulh x0, x19, x20",Integer / multiply,,E,latency,R0,W0,3.001,2.988,3.005,cycles,
smulh,"smulh x0, x19, x20",Integer / multiply,,E,latency,R1,W0,3,2.999,3.003,cycles,
umulh,"umulh x0, x19, x20",Integer / multiply,,P,throughput,,,3.003,2.896,3.071,per cycle,
umulh,"umulh x0, x19, x20",Integer / multiply,,P,latency,R0,W0,2.999,2.999,3.001,cycles,
umulh,"umulh x0, x19, x20",Integer / multiply,,P,latency,R1,W0,3.001,2.999,3.001,cycles,
umulh,"umulh x0, x19, x20",Integer / multiply,,E,throughput,,,1,1,1.001,per cycle,
umulh,"umulh x0, x19, x20",Integer / multiply,,E,latency,R0,W0,3,2.998,3,cycles,
umulh,"umulh x0, x19, x20",Integer / multiply,,E,latency,R1,W0,3,2.999,3.002,cycles,
udiv_x_q_small,"udiv x0, x19, x20",Integer / divide,,P,throughput,,,0.5,0.5,0.5,per cycle,
udiv_x_q_small,"udiv x0, x19, x20",Integer / divide,,P,latency,R0,W0,7.001,6.997,7.002,cycles,
udiv_x_q_small,"udiv x0, x19, x20",Integer / divide,,E,throughput,,,0.143,0.143,0.143,per cycle,
udiv_x_q_small,"udiv x0, x19, x20",Integer / divide,,E,latency,R0,W0,6.999,6.993,7.002,cycles,
udiv_x_q_max,"udiv x0, x19, x20",Integer / divide,,P,throughput,,,0.5,0.5,0.5,per cycle,
udiv_x_q_max,"udiv x0, x19, x20",Integer / divide,,P,latency,R0,W0,6.999,6.998,7.002,cycles,
udiv_x_q_max,"udiv x0, x19, x20",Integer / divide,,E,throughput,,,0.143,0.143,0.143,per cycle,
udiv_x_q_max,"udiv x0, x19, x20",Integer / divide,,E,latency,R0,W0,7,6.997,7.001,cycles,
udiv_x_via_divisor,"udiv x0, x19, x20",Integer / divide,,P,throughput,,,0.5,0.5,0.5,per cycle,
udiv_x_via_divisor,"udiv x0, x19, x20",Integer / divide,,P,latency,R1,W0,6.999,6.996,7,cycles,
udiv_x_via_divisor,"udiv x0, x19, x20",Integer / divide,,E,throughput,,,0.111,0.111,0.111,per cycle,
udiv_x_via_divisor,"udiv x0, x19, x20",Integer / divide,,E,latency,R1,W0,9.0,8.984,9.021,cycles,
udiv_x_q_zero,"udiv x0, x19, x20",Integer / divide,,P,throughput,,,0.5,0.5,0.5,per cycle,
udiv_x_q_zero,"udiv x0, x19, x20",Integer / divide,,P,latency,R0,W0,7,6.998,7.002,cycles,
udiv_x_q_zero,"udiv x0, x19, x20",Integer / divide,,E,throughput,,,0.125,0.124,0.125,per cycle,
udiv_x_q_zero,"udiv x0, x19, x20",Integer / divide,,E,latency,R0,W0,7.999,7.996,8.006,cycles,
sdiv_x_q_small,"sdiv x0, x19, x20",Integer / divide,,P,throughput,,,0.5,0.5,0.5,per cycle,
sdiv_x_q_small,"sdiv x0, x19, x20",Integer / divide,,P,latency,R0,W0,6.999,6.998,7.001,cycles,
sdiv_x_q_small,"sdiv x0, x19, x20",Integer / divide,,E,throughput,,,0.143,0.142,0.143,per cycle,
sdiv_x_q_small,"sdiv x0, x19, x20",Integer / divide,,E,latency,R0,W0,6.999,6.996,7.03,cycles,
sdiv_x_q_max,"sdiv x0, x19, x20",Integer / divide,,P,throughput,,,0.5,0.5,0.5,per cycle,
sdiv_x_q_max,"sdiv x0, x19, x20",Integer / divide,,P,latency,R0,W0,7.001,6.998,7.003,cycles,
sdiv_x_q_max,"sdiv x0, x19, x20",Integer / divide,,E,throughput,,,0.143,0.143,0.143,per cycle,
sdiv_x_q_max,"sdiv x0, x19, x20",Integer / divide,,E,latency,R0,W0,6.998,6.997,7.031,cycles,
sdiv_x_via_divisor,"sdiv x0, x19, x20",Integer / divide,,P,throughput,,,0.5,0.5,0.5,per cycle,
sdiv_x_via_divisor,"sdiv x0, x19, x20",Integer / divide,,P,latency,R1,W0,7.001,6.997,7.003,cycles,
sdiv_x_via_divisor,"sdiv x0, x19, x20",Integer / divide,,E,throughput,,,0.111,0.111,0.111,per cycle,
sdiv_x_via_divisor,"sdiv x0, x19, x20",Integer / divide,,E,latency,R1,W0,9.004,8.997,9.053,cycles,
udiv_w_q_small,"udiv w0, w19, w20",Integer / divide,,P,throughput,,,0.5,0.5,0.5,per cycle,
udiv_w_q_small,"udiv w0, w19, w20",Integer / divide,,P,latency,R0,W0,6.998,6.996,7.004,cycles,
udiv_w_q_small,"udiv w0, w19, w20",Integer / divide,,E,throughput,,,0.143,0.143,0.143,per cycle,
udiv_w_q_small,"udiv w0, w19, w20",Integer / divide,,E,latency,R0,W0,7,6.987,7.011,cycles,
udiv_w_q_max,"udiv w0, w19, w20",Integer / divide,,P,throughput,,,0.5,0.5,0.5,per cycle,
udiv_w_q_max,"udiv w0, w19, w20",Integer / divide,,P,latency,R0,W0,7.002,6.999,7.002,cycles,
udiv_w_q_max,"udiv w0, w19, w20",Integer / divide,,E,throughput,,,0.143,0.143,0.143,per cycle,
udiv_w_q_max,"udiv w0, w19, w20",Integer / divide,,E,latency,R0,W0,7,6.997,7.01,cycles,
udiv_w_via_divisor,"udiv w0, w19, w20",Integer / divide,,P,throughput,,,0.5,0.5,0.5,per cycle,
udiv_w_via_divisor,"udiv w0, w19, w20",Integer / divide,,P,latency,R1,W0,6.998,6.997,7.001,cycles,
udiv_w_via_divisor,"udiv w0, w19, w20",Integer / divide,,E,throughput,,,0.111,0.111,0.111,per cycle,
udiv_w_via_divisor,"udiv w0, w19, w20",Integer / divide,,E,latency,R1,W0,8.999,8.997,9.005,cycles,
udiv_w_q_zero,"udiv w0, w19, w20",Integer / divide,,P,throughput,,,0.5,0.5,0.5,per cycle,
udiv_w_q_zero,"udiv w0, w19, w20",Integer / divide,,P,latency,R0,W0,7.002,6.998,7.003,cycles,
udiv_w_q_zero,"udiv w0, w19, w20",Integer / divide,,E,throughput,,,0.125,0.125,0.125,per cycle,
udiv_w_q_zero,"udiv w0, w19, w20",Integer / divide,,E,latency,R0,W0,8.001,7.999,8.004,cycles,
sdiv_w_q_small,"sdiv w0, w19, w20",Integer / divide,,P,throughput,,,0.5,0.5,0.5,per cycle,
sdiv_w_q_small,"sdiv w0, w19, w20",Integer / divide,,P,latency,R0,W0,6.998,6.998,7.003,cycles,
sdiv_w_q_small,"sdiv w0, w19, w20",Integer / divide,,E,throughput,,,0.143,0.143,0.143,per cycle,
sdiv_w_q_small,"sdiv w0, w19, w20",Integer / divide,,E,latency,R0,W0,7,6.998,7.002,cycles,
sdiv_w_q_max,"sdiv w0, w19, w20",Integer / divide,,P,throughput,,,0.5,0.5,0.5,per cycle,
sdiv_w_q_max,"sdiv w0, w19, w20",Integer / divide,,P,latency,R0,W0,7,6.998,7.002,cycles,
sdiv_w_q_max,"sdiv w0, w19, w20",Integer / divide,,E,throughput,,,0.143,0.143,0.143,per cycle,
sdiv_w_q_max,"sdiv w0, w19, w20",Integer / divide,,E,latency,R0,W0,7,6.999,7.002,cycles,
sdiv_w_via_divisor,"sdiv w0, w19, w20",Integer / divide,,P,throughput,,,0.5,0.5,0.5,per cycle,
sdiv_w_via_divisor,"sdiv w0, w19, w20",Integer / divide,,P,latency,R1,W0,7.001,6.996,7.004,cycles,
sdiv_w_via_divisor,"sdiv w0, w19, w20",Integer / divide,,E,throughput,,,0.111,0.111,0.111,per cycle,
sdiv_w_via_divisor,"sdiv w0, w19, w20",Integer / divide,,E,latency,R1,W0,9,8.998,9.007,cycles,
crc32b,"crc32b w0, w19, w20",Integer / CRC32,CRC32,P,throughput,,,1,1,1,per cycle,
crc32b,"crc32b w0, w19, w20",Integer / CRC32,CRC32,P,latency,R0,W0,2.999,2.999,3.001,cycles,
crc32b,"crc32b w0, w19, w20",Integer / CRC32,CRC32,P,latency,R1,W0,3,2.999,3.001,cycles,
crc32b,"crc32b w0, w19, w20",Integer / CRC32,CRC32,E,throughput,,,1,0.999,1,per cycle,
crc32b,"crc32b w0, w19, w20",Integer / CRC32,CRC32,E,latency,R0,W0,3,3,3.007,cycles,
crc32b,"crc32b w0, w19, w20",Integer / CRC32,CRC32,E,latency,R1,W0,3,3,3.01,cycles,
crc32h,"crc32h w0, w19, w20",Integer / CRC32,CRC32,P,throughput,,,1,0.999,1,per cycle,
crc32h,"crc32h w0, w19, w20",Integer / CRC32,CRC32,P,latency,R0,W0,3,2.999,3.001,cycles,
crc32h,"crc32h w0, w19, w20",Integer / CRC32,CRC32,P,latency,R1,W0,3,2.999,3.001,cycles,
crc32h,"crc32h w0, w19, w20",Integer / CRC32,CRC32,E,throughput,,,1,0.999,1,per cycle,
crc32h,"crc32h w0, w19, w20",Integer / CRC32,CRC32,E,latency,R0,W0,3,3,3.008,cycles,
crc32h,"crc32h w0, w19, w20",Integer / CRC32,CRC32,E,latency,R1,W0,3,2.999,3.01,cycles,
crc32w,"crc32w w0, w19, w20",Integer / CRC32,CRC32,P,throughput,,,1,0.999,1,per cycle,
crc32w,"crc32w w0, w19, w20",Integer / CRC32,CRC32,P,latency,R0,W0,3,2.998,3.002,cycles,
crc32w,"crc32w w0, w19, w20",Integer / CRC32,CRC32,P,latency,R1,W0,3.001,3,3.001,cycles,
crc32w,"crc32w w0, w19, w20",Integer / CRC32,CRC32,E,throughput,,,1,0.998,1,per cycle,
crc32w,"crc32w w0, w19, w20",Integer / CRC32,CRC32,E,latency,R0,W0,3,2.993,3.005,cycles,
crc32w,"crc32w w0, w19, w20",Integer / CRC32,CRC32,E,latency,R1,W0,3,3,3.007,cycles,
crc32x,"crc32x w0, w19, x20",Integer / CRC32,CRC32,P,throughput,,,1,0.999,1,per cycle,
crc32x,"crc32x w0, w19, x20",Integer / CRC32,CRC32,P,latency,R0,W0,2.999,2.999,3.001,cycles,
crc32x,"crc32x w0, w19, x20",Integer / CRC32,CRC32,P,latency,R1,W0,3.001,2.999,3.001,cycles,
crc32x,"crc32x w0, w19, x20",Integer / CRC32,CRC32,E,throughput,,,1,0.996,1,per cycle,
crc32x,"crc32x w0, w19, x20",Integer / CRC32,CRC32,E,latency,R0,W0,3,2.999,3.006,cycles,
crc32x,"crc32x w0, w19, x20",Integer / CRC32,CRC32,E,latency,R1,W0,3,2.999,3.008,cycles,
crc32cb,"crc32cb w0, w19, w20",Integer / CRC32,CRC32,P,throughput,,,1,1,1,per cycle,
crc32cb,"crc32cb w0, w19, w20",Integer / CRC32,CRC32,P,latency,R0,W0,3,2.999,3.001,cycles,
crc32cb,"crc32cb w0, w19, w20",Integer / CRC32,CRC32,P,latency,R1,W0,3,2.999,3.001,cycles,
crc32cb,"crc32cb w0, w19, w20",Integer / CRC32,CRC32,E,throughput,,,1,1,1.005,per cycle,
crc32cb,"crc32cb w0, w19, w20",Integer / CRC32,CRC32,E,latency,R0,W0,3,2.998,3.016,cycles,
crc32cb,"crc32cb w0, w19, w20",Integer / CRC32,CRC32,E,latency,R1,W0,3,3,3,cycles,
crc32ch,"crc32ch w0, w19, w20",Integer / CRC32,CRC32,P,throughput,,,1,0.999,1,per cycle,
crc32ch,"crc32ch w0, w19, w20",Integer / CRC32,CRC32,P,latency,R0,W0,3,2.999,3.001,cycles,
crc32ch,"crc32ch w0, w19, w20",Integer / CRC32,CRC32,P,latency,R1,W0,3.001,2.999,3.001,cycles,
crc32ch,"crc32ch w0, w19, w20",Integer / CRC32,CRC32,E,throughput,,,1,0.994,1,per cycle,
crc32ch,"crc32ch w0, w19, w20",Integer / CRC32,CRC32,E,latency,R0,W0,3,2.999,3.007,cycles,
crc32ch,"crc32ch w0, w19, w20",Integer / CRC32,CRC32,E,latency,R1,W0,3,2.989,3.001,cycles,
crc32cw,"crc32cw w0, w19, w20",Integer / CRC32,CRC32,P,throughput,,,1,0.999,1,per cycle,
crc32cw,"crc32cw w0, w19, w20",Integer / CRC32,CRC32,P,latency,R0,W0,3,2.999,3.001,cycles,
crc32cw,"crc32cw w0, w19, w20",Integer / CRC32,CRC32,P,latency,R1,W0,3,2.999,3.001,cycles,
crc32cw,"crc32cw w0, w19, w20",Integer / CRC32,CRC32,E,throughput,,,1,1,1.003,per cycle,
crc32cw,"crc32cw w0, w19, w20",Integer / CRC32,CRC32,E,latency,R0,W0,3,2.999,3.001,cycles,
crc32cw,"crc32cw w0, w19, w20",Integer / CRC32,CRC32,E,latency,R1,W0,3,2.997,3.016,cycles,
crc32cx,"crc32cx w0, w19, x20",Integer / CRC32,CRC32,P,throughput,,,1,0.999,1,per cycle,
crc32cx,"crc32cx w0, w19, x20",Integer / CRC32,CRC32,P,latency,R0,W0,3,2.998,3.001,cycles,
crc32cx,"crc32cx w0, w19, x20",Integer / CRC32,CRC32,P,latency,R1,W0,3,2.999,3.001,cycles,
crc32cx,"crc32cx w0, w19, x20",Integer / CRC32,CRC32,E,throughput,,,1,0.997,1,per cycle,
crc32cx,"crc32cx w0, w19, x20",Integer / CRC32,CRC32,E,latency,R0,W0,3,2.998,3.002,cycles,
crc32cx,"crc32cx w0, w19, x20",Integer / CRC32,CRC32,E,latency,R1,W0,3,3,3.005,cycles,
ldr_x_base,"ldr x0, [x27]",Load / integer,,P,throughput,,,3.001,2.999,3.001,per cycle,
ldr_x_base,"ldr x0, [x27]",Load / integer,,P,latency,A0,W0,3,2.999,3.016,cycles,
ldr_x_base,"ldr x0, [x27]",Load / integer,,E,throughput,,,2,1.988,2.003,per cycle,
ldr_x_base,"ldr x0, [x27]",Load / integer,,E,latency,A0,W0,3.002,2.998,3.007,cycles,
ldr_x_imm,"ldr x0, [x27, #8]",Load / integer,,P,throughput,,,2.999,2.999,3.001,per cycle,
ldr_x_imm,"ldr x0, [x27, #8]",Load / integer,,P,latency,A0,W0,3.001,2.999,3.015,cycles,
ldr_x_imm,"ldr x0, [x27, #8]",Load / integer,,E,throughput,,,2,1.997,2,per cycle,
ldr_x_imm,"ldr x0, [x27, #8]",Load / integer,,E,latency,A0,W0,3.004,3.001,3.01,cycles,
ldur_x,"ldur x0, [x27, #8]",Load / integer,,P,throughput,,,3.001,2.999,3.002,per cycle,
ldur_x,"ldur x0, [x27, #8]",Load / integer,,P,latency,A0,W0,3.001,2.999,3.016,cycles,
ldur_x,"ldur x0, [x27, #8]",Load / integer,,E,throughput,,,2,1.994,2.009,per cycle,
ldur_x,"ldur x0, [x27, #8]",Load / integer,,E,latency,A0,W0,3.003,2.998,3.01,cycles,
ldur_x_unaligned,"ldur x0, [x27, #3]",Load / integer,,P,throughput,,,3.001,2.999,3.002,per cycle,
ldur_x_unaligned,"ldur x0, [x27, #3]",Load / integer,,P,latency,A0,W0,3.999,3.999,4.001,cycles,
ldur_x_unaligned,"ldur x0, [x27, #3]",Load / integer,,E,throughput,,,1.999,1.992,2.029,per cycle,
ldur_x_unaligned,"ldur x0, [x27, #3]",Load / integer,,E,latency,A0,W0,4.002,3.998,4.012,cycles,
ldur_x_split,"ldur x0, [x27, #60]",Load / integer,,P,throughput,,,2.999,2.999,3,per cycle,
ldur_x_split,"ldur x0, [x27, #60]",Load / integer,,P,latency,A0,W0,4.06,4.058,4.06,cycles,
ldur_x_split,"ldur x0, [x27, #60]",Load / integer,,E,throughput,,,2,1.986,2.007,per cycle,
ldur_x_split,"ldur x0, [x27, #60]",Load / integer,,E,latency,A0,W0,7.093,7.043,7.132,cycles,
ldr_x_idx,"ldr x0, [x27, x20]",Load / integer,,P,throughput,,,3,3,3.001,per cycle,
ldr_x_idx,"ldr x0, [x27, x20]",Load / integer,,P,latency,A0,W0,3,2.999,3.017,cycles,
ldr_x_idx,"ldr x0, [x27, x20]",Load / integer,,P,latency,R1,W0,4,4,4.001,cycles,
ldr_x_idx,"ldr x0, [x27, x20]",Load / integer,,E,throughput,,,2.001,2,2.003,per cycle,
ldr_x_idx,"ldr x0, [x27, x20]",Load / integer,,E,latency,A0,W0,3.002,3,3.022,cycles,
ldr_x_idx,"ldr x0, [x27, x20]",Load / integer,,E,latency,R1,W0,4.001,3.999,4.004,cycles,
ldr_x_idx_lsl3,"ldr x0, [x27, x20, lsl #3]",Load / integer,,P,throughput,,,3,3,3.001,per cycle,
ldr_x_idx_lsl3,"ldr x0, [x27, x20, lsl #3]",Load / integer,,P,latency,A0,W0,3,2.999,3,cycles,
ldr_x_idx_lsl3,"ldr x0, [x27, x20, lsl #3]",Load / integer,,P,latency,R1,W0,4,3.999,4.001,cycles,
ldr_x_idx_lsl3,"ldr x0, [x27, x20, lsl #3]",Load / integer,,E,throughput,,,2,1.999,2,per cycle,
ldr_x_idx_lsl3,"ldr x0, [x27, x20, lsl #3]",Load / integer,,E,latency,A0,W0,2.999,2.997,3.015,cycles,
ldr_x_idx_lsl3,"ldr x0, [x27, x20, lsl #3]",Load / integer,,E,latency,R1,W0,4.002,3.997,4.007,cycles,
ldr_x_idx_sxtw,"ldr x0, [x27, w20, sxtw]",Load / integer,,P,throughput,,,3.001,3,3.001,per cycle,
ldr_x_idx_sxtw,"ldr x0, [x27, w20, sxtw]",Load / integer,,P,latency,A0,W0,3,2.999,3.016,cycles,
ldr_x_idx_sxtw,"ldr x0, [x27, w20, sxtw]",Load / integer,,P,latency,R1,W0,4,3.999,4,cycles,
ldr_x_idx_sxtw,"ldr x0, [x27, w20, sxtw]",Load / integer,,E,throughput,,,2,1.992,2,per cycle,
ldr_x_idx_sxtw,"ldr x0, [x27, w20, sxtw]",Load / integer,,E,latency,A0,W0,3.001,3,3.008,cycles,
ldr_x_idx_sxtw,"ldr x0, [x27, w20, sxtw]",Load / integer,,E,latency,R1,W0,4,3.99,4.001,cycles,
ldr_x_idx_uxtw_lsl3,"ldr x0, [x27, w20, uxtw #3]",Load / integer,,P,throughput,,,3.001,3,3.001,per cycle,
ldr_x_idx_uxtw_lsl3,"ldr x0, [x27, w20, uxtw #3]",Load / integer,,P,latency,A0,W0,3,2.999,3.05,cycles,
ldr_x_idx_uxtw_lsl3,"ldr x0, [x27, w20, uxtw #3]",Load / integer,,P,latency,R1,W0,4,3.999,4.001,cycles,
ldr_x_idx_uxtw_lsl3,"ldr x0, [x27, w20, uxtw #3]",Load / integer,,E,throughput,,,2,1.999,2.001,per cycle,
ldr_x_idx_uxtw_lsl3,"ldr x0, [x27, w20, uxtw #3]",Load / integer,,E,latency,A0,W0,3.002,2.999,3.017,cycles,
ldr_x_idx_uxtw_lsl3,"ldr x0, [x27, w20, uxtw #3]",Load / integer,,E,latency,R1,W0,4.005,3.996,4.019,cycles,
ldr_x_pre,"ldr x0, [x1, #8]!",Load / integer,,P,throughput,,,3.001,3,3.001,per cycle,
ldr_x_pre,"ldr x0, [x1, #8]!",Load / integer,,P,latency,RW1,RW1,1,1,1,cycles,
ldr_x_pre,"ldr x0, [x1, #8]!",Load / integer,,E,throughput,,,1.999,1.993,2,per cycle,
ldr_x_pre,"ldr x0, [x1, #8]!",Load / integer,,E,latency,RW1,RW1,1,1,1.001,cycles,
ldr_x_post,"ldr x0, [x1], #8",Load / integer,,P,throughput,,,3.426,3.405,3.503,per cycle,
ldr_x_post,"ldr x0, [x1], #8",Load / integer,,P,latency,RW1,RW1,1,1,1,cycles,
ldr_x_post,"ldr x0, [x1], #8",Load / integer,,E,throughput,,,2.001,2,2.005,per cycle,
ldr_x_post,"ldr x0, [x1], #8",Load / integer,,E,latency,RW1,RW1,1,1,1.002,cycles,
ldr_w_idx,"ldr w0, [x27, x20]",Load / integer,,P,throughput,,,3,2.999,3,per cycle,
ldr_w_idx,"ldr w0, [x27, x20]",Load / integer,,P,latency,R1,W0,4,3.999,4.001,cycles,
ldr_w_idx,"ldr w0, [x27, x20]",Load / integer,,E,throughput,,,1.999,1.994,2.001,per cycle,
ldr_w_idx,"ldr w0, [x27, x20]",Load / integer,,E,latency,R1,W0,4,3.996,4.004,cycles,
ldr_w_idx_lsl2,"ldr w0, [x27, x20, lsl #2]",Load / integer,,P,throughput,,,3,2.999,3.001,per cycle,
ldr_w_idx_lsl2,"ldr w0, [x27, x20, lsl #2]",Load / integer,,P,latency,R1,W0,3.999,3.999,4.001,cycles,
ldr_w_idx_lsl2,"ldr w0, [x27, x20, lsl #2]",Load / integer,,E,throughput,,,1.999,1.999,2.003,per cycle,
ldr_w_idx_lsl2,"ldr w0, [x27, x20, lsl #2]",Load / integer,,E,latency,R1,W0,4,3.995,4.002,cycles,
ldrsw_idx,"ldrsw x0, [x27, x20]",Load / integer,,P,throughput,,,3,2.999,3,per cycle,
ldrsw_idx,"ldrsw x0, [x27, x20]",Load / integer,,P,latency,R1,W0,4,3.999,4.001,cycles,
ldrsw_idx,"ldrsw x0, [x27, x20]",Load / integer,,E,throughput,,,1.999,1.988,2.001,per cycle,
ldrsw_idx,"ldrsw x0, [x27, x20]",Load / integer,,E,latency,R1,W0,4.001,3.997,4.003,cycles,
ldrh_idx,"ldrh w0, [x27, x20]",Load / integer,,P,throughput,,,3.001,3,3.001,per cycle,
ldrh_idx,"ldrh w0, [x27, x20]",Load / integer,,P,latency,R1,W0,4,3.999,4.001,cycles,
ldrh_idx,"ldrh w0, [x27, x20]",Load / integer,,E,throughput,,,2,1.999,2.002,per cycle,
ldrh_idx,"ldrh w0, [x27, x20]",Load / integer,,E,latency,R1,W0,4.003,3.998,4.005,cycles,
ldrsh_idx,"ldrsh x0, [x27, x20]",Load / integer,,P,throughput,,,3,3,3,per cycle,
ldrsh_idx,"ldrsh x0, [x27, x20]",Load / integer,,P,latency,R1,W0,4,3.999,4.001,cycles,
ldrsh_idx,"ldrsh x0, [x27, x20]",Load / integer,,E,throughput,,,2,1.999,2.003,per cycle,
ldrsh_idx,"ldrsh x0, [x27, x20]",Load / integer,,E,latency,R1,W0,4,3.999,4.005,cycles,
ldrb_idx,"ldrb w0, [x27, x20]",Load / integer,,P,throughput,,,3,2.999,3.001,per cycle,
ldrb_idx,"ldrb w0, [x27, x20]",Load / integer,,P,latency,R1,W0,3.999,3.999,4,cycles,
ldrb_idx,"ldrb w0, [x27, x20]",Load / integer,,E,throughput,,,2.001,1.985,2.001,per cycle,
ldrb_idx,"ldrb w0, [x27, x20]",Load / integer,,E,latency,R1,W0,4.002,4,4.054,cycles,
ldrsb_idx,"ldrsb x0, [x27, x20]",Load / integer,,P,throughput,,,3,3,3.001,per cycle,
ldrsb_idx,"ldrsb x0, [x27, x20]",Load / integer,,P,latency,R1,W0,4,4,4.001,cycles,
ldrsb_idx,"ldrsb x0, [x27, x20]",Load / integer,,E,throughput,,,1.999,1.993,2,per cycle,
ldrsb_idx,"ldrsb x0, [x27, x20]",Load / integer,,E,latency,R1,W0,4,3.998,4,cycles,
ldr_w_base,"ldr w0, [x27]",Load / integer,,P,throughput,,,3.001,2.984,3.001,per cycle,
ldr_w_base,"ldr w0, [x27]",Load / integer,,E,throughput,,,1.998,1.876,2,per cycle,
ldrb_base,"ldrb w0, [x27]",Load / integer,,P,throughput,,,3.001,2.999,3.002,per cycle,
ldrb_base,"ldrb w0, [x27]",Load / integer,,E,throughput,,,1.999,1.976,2.021,per cycle,
ldrh_base,"ldrh w0, [x27]",Load / integer,,P,throughput,,,2.999,2.997,2.999,per cycle,
ldrh_base,"ldrh w0, [x27]",Load / integer,,E,throughput,,,2,2,2.001,per cycle,
ldrsw_base,"ldrsw x0, [x27]",Load / integer,,P,throughput,,,3.001,2.999,3.001,per cycle,
ldrsw_base,"ldrsw x0, [x27]",Load / integer,,E,throughput,,,2,1.998,2.001,per cycle,
ldp_x,"ldp x0, x1, [x27]",Load / integer,,P,throughput,,,3,2.999,3.001,per cycle,
ldp_x,"ldp x0, x1, [x27]",Load / integer,,P,latency,A0,W0,3,2.999,3.017,cycles,
ldp_x,"ldp x0, x1, [x27]",Load / integer,,P,latency,A0,W1,3.999,3.999,4.001,cycles,
ldp_x,"ldp x0, x1, [x27]",Load / integer,,E,throughput,,,2,1.998,2.001,per cycle,
ldp_x,"ldp x0, x1, [x27]",Load / integer,,E,latency,A0,W0,3.002,3,3.005,cycles,
ldp_x,"ldp x0, x1, [x27]",Load / integer,,E,latency,A0,W1,3.999,3.998,4.004,cycles,
ldp_w,"ldp w0, w1, [x27]",Load / integer,,P,throughput,,,3,2.999,3.001,per cycle,
ldp_w,"ldp w0, w1, [x27]",Load / integer,,E,throughput,,,2,1.999,2.002,per cycle,
ldpsw,"ldpsw x0, x1, [x27]",Load / integer,,P,throughput,,,3,2.999,3.001,per cycle,
ldpsw,"ldpsw x0, x1, [x27]",Load / integer,,E,throughput,,,2,2,2.002,per cycle,
ldp_x_post,"ldp x0, x1, [x2], #16",Load / integer,,P,throughput,,,2.666,2.665,2.668,per cycle,
ldp_x_post,"ldp x0, x1, [x2], #16",Load / integer,,P,latency,RW2,RW2,1,1,1,cycles,
ldp_x_post,"ldp x0, x1, [x2], #16",Load / integer,,E,throughput,,,2,1.985,2,per cycle,
ldp_x_post,"ldp x0, x1, [x2], #16",Load / integer,,E,latency,RW2,RW2,1,1,1.002,cycles,
prfm_pldl1keep,"prfm pldl1keep, [x27]",Load / integer,,P,throughput,,,3.001,2.998,3.001,per cycle,
prfm_pldl1keep,"prfm pldl1keep, [x27]",Load / integer,,E,throughput,,,2,1.982,2.002,per cycle,
ldr_d_base,"ldr d0, [x27]",Load / FP and SIMD,,P,throughput,,,3.001,2.999,3.001,per cycle,
ldr_d_base,"ldr d0, [x27]",Load / FP and SIMD,,P,latency,A0,W0,9.998,9.997,10.003,cycles,"round-trip-via-fmovx,d"
ldr_d_base,"ldr d0, [x27]",Load / FP and SIMD,,E,throughput,,,1.999,1.999,2.001,per cycle,
ldr_d_base,"ldr d0, [x27]",Load / FP and SIMD,,E,latency,A0,W0,8.003,7.993,8.013,cycles,"round-trip-via-fmovx,d"
ldr_q_base,"ldr q0, [x27]",Load / FP and SIMD,,P,throughput,,,2.999,2.999,2.999,per cycle,
ldr_q_base,"ldr q0, [x27]",Load / FP and SIMD,,P,latency,A0,W0,10.003,10.002,10.006,cycles,"round-trip-via-fmovx,d"
ldr_q_base,"ldr q0, [x27]",Load / FP and SIMD,,E,throughput,,,2,1.999,2.012,per cycle,
ldr_q_base,"ldr q0, [x27]",Load / FP and SIMD,,E,latency,A0,W0,8.003,7.99,8.005,cycles,"round-trip-via-fmovx,d"
ldr_s_idx,"ldr s0, [x27, x20]",Load / FP and SIMD,,P,throughput,,,3.001,3,3.001,per cycle,
ldr_s_idx,"ldr s0, [x27, x20]",Load / FP and SIMD,,P,latency,R1,W0,9.998,9.997,9.999,cycles,"round-trip-via-fmovx,d"
ldr_s_idx,"ldr s0, [x27, x20]",Load / FP and SIMD,,E,throughput,,,2,1.973,2.001,per cycle,
ldr_s_idx,"ldr s0, [x27, x20]",Load / FP and SIMD,,E,latency,R1,W0,8.002,7.983,8.006,cycles,"round-trip-via-fmovx,d"
ldr_d_idx,"ldr d0, [x27, x20]",Load / FP and SIMD,,P,throughput,,,3,3,3,per cycle,
ldr_d_idx,"ldr d0, [x27, x20]",Load / FP and SIMD,,P,latency,A0,W0,10.001,9.998,10.004,cycles,"round-trip-via-fmovx,d"
ldr_d_idx,"ldr d0, [x27, x20]",Load / FP and SIMD,,P,latency,R1,W0,10.001,9.999,10.003,cycles,"round-trip-via-fmovx,d"
ldr_d_idx,"ldr d0, [x27, x20]",Load / FP and SIMD,,E,throughput,,,2,1.988,2,per cycle,
ldr_d_idx,"ldr d0, [x27, x20]",Load / FP and SIMD,,E,latency,A0,W0,8.001,7.974,8.007,cycles,"round-trip-via-fmovx,d"
ldr_d_idx,"ldr d0, [x27, x20]",Load / FP and SIMD,,E,latency,R1,W0,8.008,8.008,8.04,cycles,"round-trip-via-fmovx,d"
ldur_q,"ldur q0, [x27, #8]",Load / FP and SIMD,,P,throughput,,,3.001,2.999,3.002,per cycle,
ldur_q,"ldur q0, [x27, #8]",Load / FP and SIMD,,P,latency,A0,W0,10.002,9.998,10.004,cycles,"round-trip-via-fmovx,d"
ldur_q,"ldur q0, [x27, #8]",Load / FP and SIMD,,E,throughput,,,2,1.979,2.003,per cycle,
ldur_q,"ldur q0, [x27, #8]",Load / FP and SIMD,,E,latency,A0,W0,8.001,7.994,8.018,cycles,"round-trip-via-fmovx,d"
ldp_d,"ldp d0, d1, [x27]",Load / FP and SIMD,,P,throughput,,,3.001,2.998,3.002,per cycle,
ldp_d,"ldp d0, d1, [x27]",Load / FP and SIMD,,P,latency,A0,W0,9.997,9.995,9.998,cycles,"round-trip-via-fmovx,d"
ldp_d,"ldp d0, d1, [x27]",Load / FP and SIMD,,P,latency,A0,W1,9.998,9.997,10.001,cycles,"round-trip-via-fmovx,d"
ldp_d,"ldp d0, d1, [x27]",Load / FP and SIMD,,E,throughput,,,1.999,1.989,2.001,per cycle,
ldp_d,"ldp d0, d1, [x27]",Load / FP and SIMD,,E,latency,A0,W0,7.999,7.993,8.029,cycles,"round-trip-via-fmovx,d"
ldp_d,"ldp d0, d1, [x27]",Load / FP and SIMD,,E,latency,A0,W1,8,7.998,8.006,cycles,"round-trip-via-fmovx,d"
ldp_q,"ldp q0, q1, [x27]",Load / FP and SIMD,,P,throughput,,,1.518,1.515,1.522,per cycle,
ldp_q,"ldp q0, q1, [x27]",Load / FP and SIMD,,P,latency,A0,W0,9.998,9.997,10.003,cycles,"round-trip-via-fmovx,d"
ldp_q,"ldp q0, q1, [x27]",Load / FP and SIMD,,P,latency,A0,W1,10.931,10.92,10.937,cycles,"round-trip-via-fmovx,d"
ldp_q,"ldp q0, q1, [x27]",Load / FP and SIMD,,E,throughput,,,1,0.988,1,per cycle,
ldp_q,"ldp q0, q1, [x27]",Load / FP and SIMD,,E,latency,A0,W0,8.003,7.997,8.03,cycles,"round-trip-via-fmovx,d"
ldp_q,"ldp q0, q1, [x27]",Load / FP and SIMD,,E,latency,A0,W1,7.997,7.681,8.012,cycles,"round-trip-via-fmovx,d"
ld1_16b,"ld1 { v0.16b }, [x27]",Load / FP and SIMD,,P,throughput,,,2.999,2.998,3.001,per cycle,
ld1_16b,"ld1 { v0.16b }, [x27]",Load / FP and SIMD,,P,latency,A0,W0,10.002,9.997,10.004,cycles,"round-trip-via-fmovx,d"
ld1_16b,"ld1 { v0.16b }, [x27]",Load / FP and SIMD,,E,throughput,,,2,1.972,2.001,per cycle,
ld1_16b,"ld1 { v0.16b }, [x27]",Load / FP and SIMD,,E,latency,A0,W0,8,7.994,8.002,cycles,"round-trip-via-fmovx,d"
ld1_2x16b,"ld1 { v0.16b, v1.16b }, [x27]",Load / FP and SIMD,,P,throughput,,,1.5,1.499,1.501,per cycle,
ld1_2x16b,"ld1 { v0.16b, v1.16b }, [x27]",Load / FP and SIMD,,E,throughput,,,1,0.994,1,per cycle,
ld1_3x16b,"ld1 { v0.16b, v1.16b, v2.16b }, [x27]",Load / FP and SIMD,,P,throughput,,,1,1,1,per cycle,
ld1_3x16b,"ld1 { v0.16b, v1.16b, v2.16b }, [x27]",Load / FP and SIMD,,E,throughput,,,0.667,0.659,0.667,per cycle,
ld1_4x16b,"ld1 { v0.16b, v1.16b, v2.16b, v3.16b }, [x27]",Load / FP and SIMD,,P,throughput,,,0.75,0.75,0.75,per cycle,
ld1_4x16b,"ld1 { v0.16b, v1.16b, v2.16b, v3.16b }, [x27]",Load / FP and SIMD,,E,throughput,,,0.5,0.494,0.5,per cycle,
ld2_16b,"ld2 { v0.16b, v1.16b }, [x27]",Load / FP and SIMD,,P,throughput,,,1,1,1,per cycle,
ld2_16b,"ld2 { v0.16b, v1.16b }, [x27]",Load / FP and SIMD,,E,throughput,,,1,0.999,1.032,per cycle,
ld3_16b,"ld3 { v0.16b, v1.16b, v2.16b }, [x27]",Load / FP and SIMD,,P,throughput,,,1,1,1.012,per cycle,
ld3_16b,"ld3 { v0.16b, v1.16b, v2.16b }, [x27]",Load / FP and SIMD,,E,throughput,,,0.667,0.667,0.667,per cycle,
ld4_16b,"ld4 { v0.16b, v1.16b, v2.16b, v3.16b }, [x27]",Load / FP and SIMD,,P,throughput,,,0.5,0.494,0.501,per cycle,
ld4_16b,"ld4 { v0.16b, v1.16b, v2.16b, v3.16b }, [x27]",Load / FP and SIMD,,E,throughput,,,0.375,0.373,0.375,per cycle,
ld1r_4s,"ld1r { v0.4s }, [x27]",Load / FP and SIMD,,P,throughput,,,3.001,2.998,3.002,per cycle,
ld1r_4s,"ld1r { v0.4s }, [x27]",Load / FP and SIMD,,E,throughput,,,2,1.991,2.001,per cycle,
ld1r_2d,"ld1r { v0.2d }, [x27]",Load / FP and SIMD,,P,throughput,,,3.001,2.998,3.002,per cycle,
ld1r_2d,"ld1r { v0.2d }, [x27]",Load / FP and SIMD,,P,latency,A0,W0,11.997,11.995,12.005,cycles,"round-trip-via-fmovx,d"
ld1r_2d,"ld1r { v0.2d }, [x27]",Load / FP and SIMD,,E,throughput,,,2,1.987,2.01,per cycle,
ld1r_2d,"ld1r { v0.2d }, [x27]",Load / FP and SIMD,,E,latency,A0,W0,9.992,9.981,10.009,cycles,"round-trip-via-fmovx,d"
ld1_lane_d,"ld1 { v0.d }[0], [x27]",Load / FP and SIMD,,P,throughput,,,2.514,2.338,2.52,per cycle,
ld1_lane_d,"ld1 { v0.d }[0], [x27]",Load / FP and SIMD,,E,throughput,,,2,1.992,2.001,per cycle,
str_x,"str x19, [x27, #0]",Store / integer,,P,throughput,,,2.001,1.999,2.001,per cycle,
str_x,"str x19, [x27, #0]",Store / integer,,E,throughput,,,1,0.999,1.001,per cycle,
str_x_same,"str x19, [x27]",Store / integer,,P,throughput,,,1.999,1.998,2.001,per cycle,
str_x_same,"str x19, [x27]",Store / integer,,E,throughput,,,1,0.998,1,per cycle,
stur_x,"stur x19, [x27, #1]",Store / integer,,P,throughput,,,2.001,1.999,2.001,per cycle,
stur_x,"stur x19, [x27, #1]",Store / integer,,E,throughput,,,1,0.995,1.001,per cycle,
str_w,"str w19, [x27, #0]",Store / integer,,P,throughput,,,1.999,1.999,2.001,per cycle,
str_w,"str w19, [x27, #0]",Store / integer,,E,throughput,,,1,0.998,1.001,per cycle,
strh,"strh w19, [x27, #0]",Store / integer,,P,throughput,,,2.001,1.999,2.001,per cycle,
strh,"strh w19, [x27, #0]",Store / integer,,E,throughput,,,1,0.999,1,per cycle,
strb,"strb w19, [x27, #0]",Store / integer,,P,throughput,,,2,1.999,2.001,per cycle,
strb,"strb w19, [x27, #0]",Store / integer,,E,throughput,,,1,0.997,1,per cycle,
str_x_idx,"str x19, [x27, x20]",Store / integer,,P,throughput,,,2,1.999,2,per cycle,
str_x_idx,"str x19, [x27, x20]",Store / integer,,E,throughput,,,1,0.999,1.002,per cycle,
str_x_idx_lsl3,"str x19, [x27, x20, lsl #3]",Store / integer,,P,throughput,,,2,1.999,2,per cycle,
str_x_idx_lsl3,"str x19, [x27, x20, lsl #3]",Store / integer,,E,throughput,,,1,1,1.005,per cycle,
str_x_pre,"str x19, [x0, #8]!",Store / integer,,P,throughput,,,2,1.999,2.001,per cycle,
str_x_pre,"str x19, [x0, #8]!",Store / integer,,P,latency,RW1,RW1,1,1,1,cycles,
str_x_pre,"str x19, [x0, #8]!",Store / integer,,E,throughput,,,1,0.999,1.002,per cycle,
str_x_pre,"str x19, [x0, #8]!",Store / integer,,E,latency,RW1,RW1,1,1,1.003,cycles,
str_x_post,"str x19, [x0], #8",Store / integer,,P,throughput,,,2.001,1.999,2.001,per cycle,
str_x_post,"str x19, [x0], #8",Store / integer,,P,latency,RW1,RW1,1,1,1,cycles,
str_x_post,"str x19, [x0], #8",Store / integer,,E,throughput,,,1,0.995,1.001,per cycle,
str_x_post,"str x19, [x0], #8",Store / integer,,E,latency,RW1,RW1,1.001,1,1.002,cycles,
stp_x,"stp x19, x20, [x27, #0]",Store / integer,,P,throughput,,,1.999,1.999,2.001,per cycle,
stp_x,"stp x19, x20, [x27, #0]",Store / integer,,E,throughput,,,1,0.999,1,per cycle,
stp_w,"stp w19, w20, [x27, #0]",Store / integer,,P,throughput,,,1.999,1.999,2.001,per cycle,
stp_w,"stp w19, w20, [x27, #0]",Store / integer,,E,throughput,,,1,0.998,1,per cycle,
stp_x_pre,"stp x19, x20, [x0, #16]!",Store / integer,,P,throughput,,,2,2,2.001,per cycle,
stp_x_pre,"stp x19, x20, [x0, #16]!",Store / integer,,P,latency,RW2,RW2,1,1,1,cycles,
stp_x_pre,"stp x19, x20, [x0, #16]!",Store / integer,,E,throughput,,,1,0.999,1.001,per cycle,
stp_x_pre,"stp x19, x20, [x0, #16]!",Store / integer,,E,latency,RW2,RW2,1,1,1,cycles,
str_xzr,"str xzr, [x27, #0]",Store / integer,,P,throughput,,,1.999,1.999,2,per cycle,
str_xzr,"str xzr, [x27, #0]",Store / integer,,E,throughput,,,1,1,1,per cycle,
str_s,"str s12, [x27, #0]",Store / FP and SIMD,,P,throughput,,,2,1.999,2.001,per cycle,
str_s,"str s12, [x27, #0]",Store / FP and SIMD,,E,throughput,,,1,1,1.001,per cycle,
str_d,"str d12, [x27, #0]",Store / FP and SIMD,,P,throughput,,,2,1.999,2,per cycle,
str_d,"str d12, [x27, #0]",Store / FP and SIMD,,E,throughput,,,1,0.999,1,per cycle,
str_q,"str q12, [x27, #0]",Store / FP and SIMD,,P,throughput,,,2,1.999,2.001,per cycle,
str_q,"str q12, [x27, #0]",Store / FP and SIMD,,E,throughput,,,1,0.999,1,per cycle,
stp_d,"stp d12, d13, [x27, #0]",Store / FP and SIMD,,P,throughput,,,2,1.999,2.001,per cycle,
stp_d,"stp d12, d13, [x27, #0]",Store / FP and SIMD,,E,throughput,,,1,1,1.001,per cycle,
stp_q,"stp q12, q13, [x27, #0]",Store / FP and SIMD,,P,throughput,,,1,1,1.001,per cycle,
stp_q,"stp q12, q13, [x27, #0]",Store / FP and SIMD,,E,throughput,,,0.5,0.5,0.5,per cycle,
st1_16b,"st1 { v12.16b }, [x27]",Store / FP and SIMD,,P,throughput,,,2,1.999,2.001,per cycle,
st1_16b,"st1 { v12.16b }, [x27]",Store / FP and SIMD,,E,throughput,,,0.999,0.999,1,per cycle,
st1_2x16b,"st1 { v12.16b, v13.16b }, [x27]",Store / FP and SIMD,,P,throughput,,,1,1,1,per cycle,
st1_2x16b,"st1 { v12.16b, v13.16b }, [x27]",Store / FP and SIMD,,E,throughput,,,0.5,0.5,0.5,per cycle,
st1_4x16b,"st1 { v12.16b, v13.16b, v14.16b, v15.16b }, [x27]",Store / FP and SIMD,,P,throughput,,,0.5,0.5,0.5,per cycle,
st1_4x16b,"st1 { v12.16b, v13.16b, v14.16b, v15.16b }, [x27]",Store / FP and SIMD,,E,throughput,,,0.25,0.249,0.25,per cycle,
st2_16b,"st2 { v12.16b, v13.16b }, [x27]",Store / FP and SIMD,,P,throughput,,,0.999,0.999,1,per cycle,
st2_16b,"st2 { v12.16b, v13.16b }, [x27]",Store / FP and SIMD,,E,throughput,,,0.5,0.5,0.5,per cycle,
st3_16b,"st3 { v12.16b, v13.16b, v14.16b }, [x27]",Store / FP and SIMD,,P,throughput,,,0.666,0.666,0.667,per cycle,
st3_16b,"st3 { v12.16b, v13.16b, v14.16b }, [x27]",Store / FP and SIMD,,E,throughput,,,0.333,0.333,0.333,per cycle,
st4_16b,"st4 { v12.16b, v13.16b, v14.16b, v15.16b }, [x27]",Store / FP and SIMD,,P,throughput,,,0.477,0.473,0.483,per cycle,
st4_16b,"st4 { v12.16b, v13.16b, v14.16b, v15.16b }, [x27]",Store / FP and SIMD,,E,throughput,,,0.25,0.249,0.251,per cycle,
st1_lane_d,"st1 { v12.d }[1], [x27]",Store / FP and SIMD,,P,throughput,,,2.001,2,2.002,per cycle,
st1_lane_d,"st1 { v12.d }[1], [x27]",Store / FP and SIMD,,E,throughput,,,1,0.996,1.001,per cycle,
stlf_x,"str x0, [x27]; ldr x0, [x27]; add x0, x0, #1",Store-to-load forwarding,,P,latency,RW0,RW0,0.658,0.657,0.658,cycles,
stlf_x,"str x0, [x27]; ldr x0, [x27]; add x0, x0, #1",Store-to-load forwarding,,E,latency,RW0,RW0,3.602,3.582,3.629,cycles,
stlf_x_const,"str x0, [x27]; ldr x0, [x27]",Store-to-load forwarding,,P,latency,RW0,RW0,5.333,4.082,5.504,cycles,
stlf_x_const,"str x0, [x27]; ldr x0, [x27]",Store-to-load forwarding,,E,latency,RW0,RW0,3.667,3.555,3.725,cycles,
stlf_w,"str w0, [x27]; ldr w0, [x27]; add w0, w0, #1",Store-to-load forwarding,,P,latency,RW0,RW0,0.658,0.658,0.658,cycles,
stlf_w,"str w0, [x27]; ldr w0, [x27]; add w0, w0, #1",Store-to-load forwarding,,E,latency,RW0,RW0,3.601,3.585,3.615,cycles,
stlf_b,"strb w0, [x27]; ldrb w0, [x27]; add w0, w0, #1",Store-to-load forwarding,,P,latency,RW0,RW0,5.999,5.998,6,cycles,
stlf_b,"strb w0, [x27]; ldrb w0, [x27]; add w0, w0, #1",Store-to-load forwarding,,E,latency,RW0,RW0,4.435,4.433,4.446,cycles,
stlf_x_to_w,"str x0, [x27]; ldr w0, [x27]; add w0, w0, #1",Store-to-load forwarding,,P,latency,RW0,RW0,6,5.998,6.001,cycles,
stlf_x_to_w,"str x0, [x27]; ldr w0, [x27]; add w0, w0, #1",Store-to-load forwarding,,E,latency,RW0,RW0,4.435,4.431,4.436,cycles,
stlf_w_to_x_fail,"str w0, [x27]; ldr x0, [x27]; add x0, x0, #1",Store-to-load forwarding,,P,latency,RW0,RW0,5.999,5.998,6.001,cycles,
stlf_w_to_x_fail,"str w0, [x27]; ldr x0, [x27]; add x0, x0, #1",Store-to-load forwarding,,E,latency,RW0,RW0,4.432,4.431,4.435,cycles,
stlf_2w_to_x,"str w0, [x27]; str w0, [x27, #4]; ldr x0, [x27]; add x0, x0, #1",Store-to-load forwarding,,P,latency,RW0,RW0,6.02,5.998,6.069,cycles,
stlf_2w_to_x,"str w0, [x27]; str w0, [x27, #4]; ldr x0, [x27]; add x0, x0, #1",Store-to-load forwarding,,E,latency,RW0,RW0,4.272,4.267,4.273,cycles,
stlf_stp_x,"stp x0, x0, [x27]; ldr x0, [x27, #8]; add x0, x0, #1",Store-to-load forwarding,,P,latency,RW0,RW0,6.008,6.001,6.019,cycles,
stlf_stp_x,"stp x0, x0, [x27]; ldr x0, [x27, #8]; add x0, x0, #1",Store-to-load forwarding,,E,latency,RW0,RW0,6.972,6.903,7.171,cycles,
stlf_x_offset,"str x0, [x27, #16]; ldr x0, [x27, #16]; add x0, x0, #1",Store-to-load forwarding,,P,latency,RW0,RW0,0.658,0.657,0.658,cycles,
stlf_x_offset,"str x0, [x27, #16]; ldr x0, [x27, #16]; add x0, x0, #1",Store-to-load forwarding,,E,latency,RW0,RW0,3.597,3.504,3.626,cycles,
stlf_d_const,"str d0, [x27]; ldr d0, [x27]",Store-to-load forwarding,,P,latency,RW0,RW0,7.26,7.258,7.269,cycles,
stlf_d_const,"str d0, [x27]; ldr d0, [x27]",Store-to-load forwarding,,E,latency,RW0,RW0,6.006,6.001,6.049,cycles,
stlf_q_const,"str q0, [x27]; ldr q0, [x27]",Store-to-load forwarding,,P,latency,RW0,RW0,7.258,7.257,7.264,cycles,
stlf_q_const,"str q0, [x27]; ldr q0, [x27]",Store-to-load forwarding,,E,latency,RW0,RW0,5.999,5.994,6.033,cycles,
stlf_x_far,"str x0, [x27]; nop; nop; nop; nop; nop; nop; nop; nop; nop; nop; nop; nop; ldr x0, [x27]; add x0, x0, #1",Store-to-load forwarding,,P,latency,RW0,RW0,0.5,0.5,0.5,cycles,
stlf_x_far,"str x0, [x27]; nop; nop; nop; nop; nop; nop; nop; nop; nop; nop; nop; nop; ldr x0, [x27]; add x0, x0, #1",Store-to-load forwarding,,E,latency,RW0,RW0,4.424,4.422,4.426,cycles,
fadd_d,"fadd d0, d12, d13",FP / arithmetic,,P,throughput,,,4.001,3.999,4.002,per cycle,
fadd_d,"fadd d0, d12, d13",FP / arithmetic,,P,latency,R0,W0,2.114,2.114,2.115,cycles,
fadd_d,"fadd d0, d12, d13",FP / arithmetic,,P,latency,R1,W0,2.114,2.113,2.115,cycles,
fadd_d,"fadd d0, d12, d13",FP / arithmetic,,E,throughput,,,3,2.992,3.001,per cycle,
fadd_d,"fadd d0, d12, d13",FP / arithmetic,,E,latency,R0,W0,2.5,2.499,2.5,cycles,
fadd_d,"fadd d0, d12, d13",FP / arithmetic,,E,latency,R1,W0,2.5,2.499,2.501,cycles,
fsub_d,"fsub d0, d12, d13",FP / arithmetic,,P,throughput,,,3.999,3.998,4.002,per cycle,
fsub_d,"fsub d0, d12, d13",FP / arithmetic,,P,latency,R0,W0,2.115,2.113,2.115,cycles,
fsub_d,"fsub d0, d12, d13",FP / arithmetic,,P,latency,R1,W0,2.115,2.113,2.115,cycles,
fsub_d,"fsub d0, d12, d13",FP / arithmetic,,E,throughput,,,3,2.998,3.001,per cycle,
fsub_d,"fsub d0, d12, d13",FP / arithmetic,,E,latency,R0,W0,2.499,2.495,2.501,cycles,
fsub_d,"fsub d0, d12, d13",FP / arithmetic,,E,latency,R1,W0,2.5,2.494,2.501,cycles,
fmul_d,"fmul d0, d12, d13",FP / arithmetic,,P,throughput,,,3.999,3.998,4.003,per cycle,
fmul_d,"fmul d0, d12, d13",FP / arithmetic,,P,latency,R0,W0,3.001,2.999,3.001,cycles,
fmul_d,"fmul d0, d12, d13",FP / arithmetic,,P,latency,R1,W0,3,2.999,3,cycles,
fmul_d,"fmul d0, d12, d13",FP / arithmetic,,E,throughput,,,3,2.997,3.002,per cycle,
fmul_d,"fmul d0, d12, d13",FP / arithmetic,,E,latency,R0,W0,3.5,3.498,3.502,cycles,
fmul_d,"fmul d0, d12, d13",FP / arithmetic,,E,latency,R1,W0,3.501,3.499,3.502,cycles,
fnmul_d,"fnmul d0, d12, d13",FP / arithmetic,,P,throughput,,,4.002,3.999,4.002,per cycle,
fnmul_d,"fnmul d0, d12, d13",FP / arithmetic,,P,latency,R0,W0,2.999,2.999,3.001,cycles,
fnmul_d,"fnmul d0, d12, d13",FP / arithmetic,,P,latency,R1,W0,3,3,3.001,cycles,
fnmul_d,"fnmul d0, d12, d13",FP / arithmetic,,E,throughput,,,2.999,2.998,3.001,per cycle,
fnmul_d,"fnmul d0, d12, d13",FP / arithmetic,,E,latency,R0,W0,3.5,3.499,3.501,cycles,
fnmul_d,"fnmul d0, d12, d13",FP / arithmetic,,E,latency,R1,W0,3.5,3.497,3.501,cycles,
fdiv_d,"fdiv d0, d12, d13",FP / arithmetic,,P,throughput,,,1,1,1.001,per cycle,
fdiv_d,"fdiv d0, d12, d13",FP / arithmetic,,P,latency,R0,W0,8.998,8.996,9.005,cycles,
fdiv_d,"fdiv d0, d12, d13",FP / arithmetic,,P,latency,R1,W0,9.003,8.997,9.003,cycles,
fdiv_d,"fdiv d0, d12, d13",FP / arithmetic,,E,throughput,,,1,1,1.001,per cycle,
fdiv_d,"fdiv d0, d12, d13",FP / arithmetic,,E,latency,R0,W0,9.998,9.993,10.001,cycles,
fdiv_d,"fdiv d0, d12, d13",FP / arithmetic,,E,latency,R1,W0,10.001,10,10.004,cycles,
fmadd_d,"fmadd d0, d12, d13, d14",FP / arithmetic,,P,throughput,,,3.999,3.998,4.002,per cycle,
fmadd_d,"fmadd d0, d12, d13, d14",FP / arithmetic,,P,latency,R0,W0,3.117,3.116,3.118,cycles,
fmadd_d,"fmadd d0, d12, d13, d14",FP / arithmetic,,P,latency,R1,W0,3.116,3.115,3.117,cycles,
fmadd_d,"fmadd d0, d12, d13, d14",FP / arithmetic,,P,latency,R2,W0,3.117,3.116,3.118,cycles,
fmadd_d,"fmadd d0, d12, d13, d14",FP / arithmetic,,E,throughput,,,2.999,2.998,3,per cycle,
fmadd_d,"fmadd d0, d12, d13, d14",FP / arithmetic,,E,latency,R0,W0,3.502,3.498,3.505,cycles,
fmadd_d,"fmadd d0, d12, d13, d14",FP / arithmetic,,E,latency,R1,W0,3.5,3.498,3.502,cycles,
fmadd_d,"fmadd d0, d12, d13, d14",FP / arithmetic,,E,latency,R2,W0,3.5,3.498,3.501,cycles,
fmsub_d,"fmsub d0, d12, d13, d14",FP / arithmetic,,P,throughput,,,3.998,3.998,4.001,per cycle,
fmsub_d,"fmsub d0, d12, d13, d14",FP / arithmetic,,P,latency,R0,W0,3.117,3.115,3.118,cycles,
fmsub_d,"fmsub d0, d12, d13, d14",FP / arithmetic,,P,latency,R1,W0,3.116,3.115,3.117,cycles,
fmsub_d,"fmsub d0, d12, d13, d14",FP / arithmetic,,P,latency,R2,W0,3.117,3.116,3.118,cycles,
fmsub_d,"fmsub d0, d12, d13, d14",FP / arithmetic,,E,throughput,,,3,2.997,3.002,per cycle,
fmsub_d,"fmsub d0, d12, d13, d14",FP / arithmetic,,E,latency,R0,W0,3.499,3.499,3.502,cycles,
fmsub_d,"fmsub d0, d12, d13, d14",FP / arithmetic,,E,latency,R1,W0,3.5,3.498,3.5,cycles,
fmsub_d,"fmsub d0, d12, d13, d14",FP / arithmetic,,E,latency,R2,W0,3.499,3.499,3.501,cycles,
fnmadd_d,"fnmadd d0, d12, d13, d14",FP / arithmetic,,P,throughput,,,3.998,3.997,4.002,per cycle,
fnmadd_d,"fnmadd d0, d12, d13, d14",FP / arithmetic,,P,latency,R0,W0,3.117,3.117,3.118,cycles,
fnmadd_d,"fnmadd d0, d12, d13, d14",FP / arithmetic,,P,latency,R1,W0,3.116,3.115,3.116,cycles,
fnmadd_d,"fnmadd d0, d12, d13, d14",FP / arithmetic,,P,latency,R2,W0,3.117,3.117,3.117,cycles,
fnmadd_d,"fnmadd d0, d12, d13, d14",FP / arithmetic,,E,throughput,,,3.001,3,3.002,per cycle,
fnmadd_d,"fnmadd d0, d12, d13, d14",FP / arithmetic,,E,latency,R0,W0,3.5,3.499,3.5,cycles,
fnmadd_d,"fnmadd d0, d12, d13, d14",FP / arithmetic,,E,latency,R1,W0,3.499,3.497,3.501,cycles,
fnmadd_d,"fnmadd d0, d12, d13, d14",FP / arithmetic,,E,latency,R2,W0,3.5,3.499,3.501,cycles,
fmax_d,"fmax d0, d12, d13",FP / arithmetic,,P,throughput,,,3.999,3.998,4,per cycle,
fmax_d,"fmax d0, d12, d13",FP / arithmetic,,P,latency,R0,W0,1.6,1.6,1.6,cycles,
fmax_d,"fmax d0, d12, d13",FP / arithmetic,,P,latency,R1,W0,1.6,1.6,1.601,cycles,
fmax_d,"fmax d0, d12, d13",FP / arithmetic,,E,throughput,,,3,2.997,3.001,per cycle,
fmax_d,"fmax d0, d12, d13",FP / arithmetic,,E,latency,R0,W0,1.57,1.57,1.573,cycles,
fmax_d,"fmax d0, d12, d13",FP / arithmetic,,E,latency,R1,W0,1.57,1.569,1.57,cycles,
fmin_d,"fmin d0, d12, d13",FP / arithmetic,,P,throughput,,,4.002,3.998,4.002,per cycle,
fmin_d,"fmin d0, d12, d13",FP / arithmetic,,P,latency,R0,W0,1.6,1.599,1.601,cycles,
fmin_d,"fmin d0, d12, d13",FP / arithmetic,,P,latency,R1,W0,1.6,1.6,1.601,cycles,
fmin_d,"fmin d0, d12, d13",FP / arithmetic,,E,throughput,,,3,2.999,3.002,per cycle,
fmin_d,"fmin d0, d12, d13",FP / arithmetic,,E,latency,R0,W0,1.57,1.568,1.57,cycles,
fmin_d,"fmin d0, d12, d13",FP / arithmetic,,E,latency,R1,W0,1.57,1.565,1.57,cycles,
fmaxnm_d,"fmaxnm d0, d12, d13",FP / arithmetic,,P,throughput,,,3.998,3.998,3.999,per cycle,
fmaxnm_d,"fmaxnm d0, d12, d13",FP / arithmetic,,P,latency,R0,W0,1.6,1.6,1.6,cycles,
fmaxnm_d,"fmaxnm d0, d12, d13",FP / arithmetic,,P,latency,R1,W0,1.6,1.6,1.6,cycles,
fmaxnm_d,"fmaxnm d0, d12, d13",FP / arithmetic,,E,throughput,,,3,2.999,3.005,per cycle,
fmaxnm_d,"fmaxnm d0, d12, d13",FP / arithmetic,,E,latency,R0,W0,1.57,1.57,1.571,cycles,
fmaxnm_d,"fmaxnm d0, d12, d13",FP / arithmetic,,E,latency,R1,W0,1.57,1.569,1.571,cycles,
fminnm_d,"fminnm d0, d12, d13",FP / arithmetic,,P,throughput,,,3.999,3.999,4.002,per cycle,
fminnm_d,"fminnm d0, d12, d13",FP / arithmetic,,P,latency,R0,W0,1.6,1.599,1.6,cycles,
fminnm_d,"fminnm d0, d12, d13",FP / arithmetic,,P,latency,R1,W0,1.6,1.599,1.601,cycles,
fminnm_d,"fminnm d0, d12, d13",FP / arithmetic,,E,throughput,,,3,2.999,3.005,per cycle,
fminnm_d,"fminnm d0, d12, d13",FP / arithmetic,,E,latency,R0,W0,1.569,1.556,1.57,cycles,
fminnm_d,"fminnm d0, d12, d13",FP / arithmetic,,E,latency,R1,W0,1.57,1.557,1.571,cycles,
fabd_d,"fabd d0, d12, d13",FP / arithmetic,,P,throughput,,,4.002,3.999,4.003,per cycle,
fabd_d,"fabd d0, d12, d13",FP / arithmetic,,P,latency,R0,W0,2.114,2.113,2.115,cycles,
fabd_d,"fabd d0, d12, d13",FP / arithmetic,,P,latency,R1,W0,2.115,2.113,2.115,cycles,
fabd_d,"fabd d0, d12, d13",FP / arithmetic,,E,throughput,,,3.001,2.999,3.018,per cycle,
fabd_d,"fabd d0, d12, d13",FP / arithmetic,,E,latency,R0,W0,2.5,2.5,2.514,cycles,
fabd_d,"fabd d0, d12, d13",FP / arithmetic,,E,latency,R1,W0,2.5,2.499,2.504,cycles,
fmulx_d,"fmulx d0, d12, d13",FP / arithmetic,,P,throughput,,,4,3.998,4.002,per cycle,
fmulx_d,"fmulx d0, d12, d13",FP / arithmetic,,P,latency,R0,W0,3.001,2.999,3.001,cycles,
fmulx_d,"fmulx d0, d12, d13",FP / arithmetic,,P,latency,R1,W0,2.999,2.999,3.001,cycles,
fmulx_d,"fmulx d0, d12, d13",FP / arithmetic,,E,throughput,,,3.001,2.999,3.001,per cycle,
fmulx_d,"fmulx d0, d12, d13",FP / arithmetic,,E,latency,R0,W0,3.5,3.499,3.501,cycles,
fmulx_d,"fmulx d0, d12, d13",FP / arithmetic,,E,latency,R1,W0,3.5,3.499,3.5,cycles,
fabs_d,"fabs d0, d12",FP / arithmetic,,P,throughput,,,4.001,3.998,4.002,per cycle,
fabs_d,"fabs d0, d12",FP / arithmetic,,P,latency,R0,W0,2,1.999,2,cycles,
fabs_d,"fabs d0, d12",FP / arithmetic,,E,throughput,,,3,2.999,3,per cycle,
fabs_d,"fabs d0, d12",FP / arithmetic,,E,latency,R0,W0,2,1.999,2,cycles,
fneg_d,"fneg d0, d12",FP / arithmetic,,P,throughput,,,4.001,3.998,4.003,per cycle,
fneg_d,"fneg d0, d12",FP / arithmetic,,P,latency,R0,W0,2,1.999,2,cycles,
fneg_d,"fneg d0, d12",FP / arithmetic,,E,throughput,,,3.001,2.997,3.002,per cycle,
fneg_d,"fneg d0, d12",FP / arithmetic,,E,latency,R0,W0,2,2,2.001,cycles,
fsqrt_d,"fsqrt d0, d12",FP / arithmetic,,P,throughput,,,0.5,0.5,0.5,per cycle,
fsqrt_d,"fsqrt d0, d12",FP / arithmetic,,P,latency,R0,W0,11.997,11.995,12.004,cycles,
fsqrt_d,"fsqrt d0, d12",FP / arithmetic,,E,throughput,,,0.5,0.5,0.503,per cycle,
fsqrt_d,"fsqrt d0, d12",FP / arithmetic,,E,latency,R0,W0,13.001,12.992,13.023,cycles,
frecpe_d,"frecpe d0, d12",FP / arithmetic,,P,throughput,,,1,1,1,per cycle,
frecpe_d,"frecpe d0, d12",FP / arithmetic,,P,latency,R0,W0,2.999,2.999,3,cycles,
frecpe_d,"frecpe d0, d12",FP / arithmetic,,E,throughput,,,1,1,1.001,per cycle,
frecpe_d,"frecpe d0, d12",FP / arithmetic,,E,latency,R0,W0,3,2.989,3.002,cycles,
frsqrte_d,"frsqrte d0, d12",FP / arithmetic,,P,throughput,,,1.001,1,1.001,per cycle,
frsqrte_d,"frsqrte d0, d12",FP / arithmetic,,P,latency,R0,W0,2.999,2.999,3,cycles,
frsqrte_d,"frsqrte d0, d12",FP / arithmetic,,E,throughput,,,1,0.996,1,per cycle,
frsqrte_d,"frsqrte d0, d12",FP / arithmetic,,E,latency,R0,W0,3,2.999,3.001,cycles,
frecps_d,"frecps d0, d12, d13",FP / arithmetic,,P,throughput,,,4.002,4.001,4.002,per cycle,
frecps_d,"frecps d0, d12, d13",FP / arithmetic,,P,latency,R0,W0,3.116,3.115,3.117,cycles,
frecps_d,"frecps d0, d12, d13",FP / arithmetic,,P,latency,R1,W0,3.117,3.116,3.117,cycles,
frecps_d,"frecps d0, d12, d13",FP / arithmetic,,E,throughput,,,3,2.997,3.009,per cycle,
frecps_d,"frecps d0, d12, d13",FP / arithmetic,,E,latency,R0,W0,3.501,3.5,3.507,cycles,
frecps_d,"frecps d0, d12, d13",FP / arithmetic,,E,latency,R1,W0,3.5,3.5,3.506,cycles,
frsqrts_d,"frsqrts d0, d12, d13",FP / arithmetic,,P,throughput,,,3.999,3.999,4.002,per cycle,
frsqrts_d,"frsqrts d0, d12, d13",FP / arithmetic,,P,latency,R0,W0,3.117,3.115,3.117,cycles,
frsqrts_d,"frsqrts d0, d12, d13",FP / arithmetic,,P,latency,R1,W0,3.116,3.115,3.117,cycles,
frsqrts_d,"frsqrts d0, d12, d13",FP / arithmetic,,E,throughput,,,2.999,2.985,3,per cycle,
frsqrts_d,"frsqrts d0, d12, d13",FP / arithmetic,,E,latency,R0,W0,3.5,3.498,3.501,cycles,
frsqrts_d,"frsqrts d0, d12, d13",FP / arithmetic,,E,latency,R1,W0,3.5,3.499,3.596,cycles,
frecpx_d,"frecpx d0, d12",FP / arithmetic,,P,throughput,,,1,1,1.001,per cycle,
frecpx_d,"frecpx d0, d12",FP / arithmetic,,P,latency,R0,W0,3,2.999,3.001,cycles,
frecpx_d,"frecpx d0, d12",FP / arithmetic,,E,throughput,,,1,1,1.001,per cycle,
frecpx_d,"frecpx d0, d12",FP / arithmetic,,E,latency,R0,W0,3,3,3.004,cycles,
frinta_d,"frinta d0, d12",FP / arithmetic,,P,throughput,,,3.999,3.999,4.001,per cycle,
frinta_d,"frinta d0, d12",FP / arithmetic,,P,latency,R0,W0,3.001,2.999,3.001,cycles,
frinta_d,"frinta d0, d12",FP / arithmetic,,E,throughput,,,3,2.968,3,per cycle,
frinta_d,"frinta d0, d12",FP / arithmetic,,E,latency,R0,W0,3,3,3.005,cycles,
frinti_d,"frinti d0, d12",FP / arithmetic,,P,throughput,,,3.999,3.999,4.001,per cycle,
frinti_d,"frinti d0, d12",FP / arithmetic,,P,latency,R0,W0,3,2.999,3.001,cycles,
frinti_d,"frinti d0, d12",FP / arithmetic,,E,throughput,,,3,2.999,3.002,per cycle,
frinti_d,"frinti d0, d12",FP / arithmetic,,E,latency,R0,W0,3,2.998,3.007,cycles,
frintm_d,"frintm d0, d12",FP / arithmetic,,P,throughput,,,3.999,3.999,4.002,per cycle,
frintm_d,"frintm d0, d12",FP / arithmetic,,P,latency,R0,W0,3.001,3,3.001,cycles,
frintm_d,"frintm d0, d12",FP / arithmetic,,E,throughput,,,3,2.996,3.004,per cycle,
frintm_d,"frintm d0, d12",FP / arithmetic,,E,latency,R0,W0,3,3,3.003,cycles,
frintn_d,"frintn d0, d12",FP / arithmetic,,P,throughput,,,3.999,3.998,4.002,per cycle,
frintn_d,"frintn d0, d12",FP / arithmetic,,P,latency,R0,W0,3.001,2.999,3.001,cycles,
frintn_d,"frintn d0, d12",FP / arithmetic,,E,throughput,,,2.999,2.983,3.001,per cycle,
frintn_d,"frintn d0, d12",FP / arithmetic,,E,latency,R0,W0,3,2.996,3.001,cycles,
frintp_d,"frintp d0, d12",FP / arithmetic,,P,throughput,,,4.001,3.999,4.002,per cycle,
frintp_d,"frintp d0, d12",FP / arithmetic,,P,latency,R0,W0,2.999,2.999,3.001,cycles,
frintp_d,"frintp d0, d12",FP / arithmetic,,E,throughput,,,2.999,2.988,3.001,per cycle,
frintp_d,"frintp d0, d12",FP / arithmetic,,E,latency,R0,W0,3,3,3.015,cycles,
frintx_d,"frintx d0, d12",FP / arithmetic,,P,throughput,,,4.002,3.999,4.002,per cycle,
frintx_d,"frintx d0, d12",FP / arithmetic,,P,latency,R0,W0,2.999,2.999,3.001,cycles,
frintx_d,"frintx d0, d12",FP / arithmetic,,E,throughput,,,3,2.942,3.009,per cycle,
frintx_d,"frintx d0, d12",FP / arithmetic,,E,latency,R0,W0,3,3,3.017,cycles,
frintz_d,"frintz d0, d12",FP / arithmetic,,P,throughput,,,4.001,3.999,4.002,per cycle,
frintz_d,"frintz d0, d12",FP / arithmetic,,P,latency,R0,W0,2.999,2.999,3,cycles,
frintz_d,"frintz d0, d12",FP / arithmetic,,E,throughput,,,3,2.97,3.001,per cycle,
frintz_d,"frintz d0, d12",FP / arithmetic,,E,latency,R0,W0,3,2.999,3.004,cycles,
fmov_d_reg,"fmov d0, d12",FP / arithmetic,,P,throughput,,,4.001,3.999,4.002,per cycle,
fmov_d_reg,"fmov d0, d12",FP / arithmetic,,P,latency,R0,W0,1.999,1.999,2,cycles,
fmov_d_reg,"fmov d0, d12",FP / arithmetic,,E,throughput,,,3.001,3,3.007,per cycle,
fmov_d_reg,"fmov d0, d12",FP / arithmetic,,E,latency,R0,W0,2,2,2.02,cycles,
fmov_d_imm,"fmov d0, #1.0",FP / arithmetic,,P,throughput,,,4.001,3.999,4.002,per cycle,
fmov_d_imm,"fmov d0, #1.0",FP / arithmetic,,E,throughput,,,2.999,2.995,3.001,per cycle,
fcmp_d,"fcmp d12, d13",FP / arithmetic,,P,throughput,,,1.999,1.999,2,per cycle,
fcmp_d,"fcmp d12, d13",FP / arithmetic,,P,latency,R0,nzcv,4.001,3.999,4.002,cycles,round-trip-via-fcsel
fcmp_d,"fcmp d12, d13",FP / arithmetic,,P,latency,R1,nzcv,4.001,3.999,4.002,cycles,round-trip-via-fcsel
fcmp_d,"fcmp d12, d13",FP / arithmetic,,E,throughput,,,2,1.983,2.001,per cycle,
fcmp_d,"fcmp d12, d13",FP / arithmetic,,E,latency,R0,nzcv,4,3.998,4.025,cycles,round-trip-via-fcsel
fcmp_d,"fcmp d12, d13",FP / arithmetic,,E,latency,R1,nzcv,4,3.994,4.011,cycles,round-trip-via-fcsel
fcmp_d_zero,"fcmp d12, #0.0",FP / arithmetic,,P,throughput,,,2.104,2.073,2.115,per cycle,
fcmp_d_zero,"fcmp d12, #0.0",FP / arithmetic,,P,latency,R0,nzcv,4.001,3.999,4.001,cycles,round-trip-via-fcsel
fcmp_d_zero,"fcmp d12, #0.0",FP / arithmetic,,E,throughput,,,1.999,1.987,2,per cycle,
fcmp_d_zero,"fcmp d12, #0.0",FP / arithmetic,,E,latency,R0,nzcv,4,3.997,4.01,cycles,round-trip-via-fcsel
fcmpe_d,"fcmpe d12, d13",FP / arithmetic,,P,throughput,,,2.063,2.045,2.082,per cycle,
fcmpe_d,"fcmpe d12, d13",FP / arithmetic,,P,latency,R0,nzcv,3.999,3.999,4.001,cycles,round-trip-via-fcsel
fcmpe_d,"fcmpe d12, d13",FP / arithmetic,,P,latency,R1,nzcv,3.999,3.999,4.002,cycles,round-trip-via-fcsel
fcmpe_d,"fcmpe d12, d13",FP / arithmetic,,E,throughput,,,2,1.993,2,per cycle,
fcmpe_d,"fcmpe d12, d13",FP / arithmetic,,E,latency,R0,nzcv,4.001,4,4.014,cycles,round-trip-via-fcsel
fcmpe_d,"fcmpe d12, d13",FP / arithmetic,,E,latency,R1,nzcv,4.001,4,4.009,cycles,round-trip-via-fcsel
fccmp_d,"fccmp d12, d13, #0, ne",FP / arithmetic,,P,throughput,,,0.5,0.5,0.5,per cycle,limited-by-own-chain
fccmp_d,"fccmp d12, d13, #0, ne",FP / arithmetic,,P,latency,R0,nzcv,4,3.999,4.002,cycles,round-trip-via-fcsel
fccmp_d,"fccmp d12, d13, #0, ne",FP / arithmetic,,P,latency,R1,nzcv,4.001,3.999,4.001,cycles,round-trip-via-fcsel
fccmp_d,"fccmp d12, d13, #0, ne",FP / arithmetic,,P,latency,nzcv,nzcv,2.001,2,2.001,cycles,
fccmp_d,"fccmp d12, d13, #0, ne",FP / arithmetic,,E,throughput,,,0.5,0.499,0.502,per cycle,limited-by-own-chain
fccmp_d,"fccmp d12, d13, #0, ne",FP / arithmetic,,E,latency,R0,nzcv,4.007,4,4.011,cycles,round-trip-via-fcsel
fccmp_d,"fccmp d12, d13, #0, ne",FP / arithmetic,,E,latency,R1,nzcv,4,3.999,4.007,cycles,round-trip-via-fcsel
fccmp_d,"fccmp d12, d13, #0, ne",FP / arithmetic,,E,latency,nzcv,nzcv,2,2,2.007,cycles,
fcsel_d,"fcsel d0, d12, d13, ne",FP / arithmetic,,P,throughput,,,2,2,2,per cycle,
fcsel_d,"fcsel d0, d12, d13, ne",FP / arithmetic,,P,latency,R0,W0,2,2,2,cycles,
fcsel_d,"fcsel d0, d12, d13, ne",FP / arithmetic,,P,latency,R1,W0,2,2,2,cycles,
fcsel_d,"fcsel d0, d12, d13, ne",FP / arithmetic,,P,latency,nzcv,W0,4,4,4.001,cycles,round-trip-via-fcmp
fcsel_d,"fcsel d0, d12, d13, ne",FP / arithmetic,,E,throughput,,,3,2.997,3.009,per cycle,
fcsel_d,"fcsel d0, d12, d13, ne",FP / arithmetic,,E,latency,R0,W0,2,2,2.006,cycles,
fcsel_d,"fcsel d0, d12, d13, ne",FP / arithmetic,,E,latency,R1,W0,2,1.997,2.006,cycles,
fcsel_d,"fcsel d0, d12, d13, ne",FP / arithmetic,,E,latency,nzcv,W0,4.001,4,4.02,cycles,round-trip-via-fcmp
fadd_s,"fadd s0, s12, s13",FP / arithmetic,,P,throughput,,,3.999,3.998,4.002,per cycle,
fadd_s,"fadd s0, s12, s13",FP / arithmetic,,P,latency,R0,W0,2.114,2.114,2.115,cycles,
fadd_s,"fadd s0, s12, s13",FP / arithmetic,,P,latency,R1,W0,2.114,2.113,2.115,cycles,
fadd_s,"fadd s0, s12, s13",FP / arithmetic,,E,throughput,,,2.999,2.989,3,per cycle,
fadd_s,"fadd s0, s12, s13",FP / arithmetic,,E,latency,R0,W0,2.499,2.462,2.501,cycles,
fadd_s,"fadd s0, s12, s13",FP / arithmetic,,E,latency,R1,W0,2.499,2.447,2.5,cycles,
fsub_s,"fsub s0, s12, s13",FP / arithmetic,,P,throughput,,,4.001,3.999,4.002,per cycle,
fsub_s,"fsub s0, s12, s13",FP / arithmetic,,P,latency,R0,W0,2.114,2.092,2.115,cycles,
fsub_s,"fsub s0, s12, s13",FP / arithmetic,,P,latency,R1,W0,2.114,2.113,2.115,cycles,
fsub_s,"fsub s0, s12, s13",FP / arithmetic,,E,throughput,,,3,3,3.009,per cycle,
fsub_s,"fsub s0, s12, s13",FP / arithmetic,,E,latency,R0,W0,2.5,2.5,2.511,cycles,
fsub_s,"fsub s0, s12, s13",FP / arithmetic,,E,latency,R1,W0,2.5,2.499,2.61,cycles,
fmul_s,"fmul s0, s12, s13",FP / arithmetic,,P,throughput,,,4.001,3.998,4.002,per cycle,
fmul_s,"fmul s0, s12, s13",FP / arithmetic,,P,latency,R0,W0,3.001,2.999,3.001,cycles,
fmul_s,"fmul s0, s12, s13",FP / arithmetic,,P,latency,R1,W0,3,2.999,3.001,cycles,
fmul_s,"fmul s0, s12, s13",FP / arithmetic,,E,throughput,,,2.998,2.984,3,per cycle,
fmul_s,"fmul s0, s12, s13",FP / arithmetic,,E,latency,R0,W0,3.501,3.499,3.548,cycles,
fmul_s,"fmul s0, s12, s13",FP / arithmetic,,E,latency,R1,W0,3.501,3.497,3.537,cycles,
fnmul_s,"fnmul s0, s12, s13",FP / arithmetic,,P,throughput,,,3.999,3.998,4.002,per cycle,
fnmul_s,"fnmul s0, s12, s13",FP / arithmetic,,P,latency,R0,W0,3.001,2.999,3.001,cycles,
fnmul_s,"fnmul s0, s12, s13",FP / arithmetic,,P,latency,R1,W0,2.999,2.999,3.001,cycles,
fnmul_s,"fnmul s0, s12, s13",FP / arithmetic,,E,throughput,,,2.998,2.987,3.001,per cycle,
fnmul_s,"fnmul s0, s12, s13",FP / arithmetic,,E,latency,R0,W0,3.5,3.499,3.562,cycles,
fnmul_s,"fnmul s0, s12, s13",FP / arithmetic,,E,latency,R1,W0,3.501,3.45,3.516,cycles,
fdiv_s,"fdiv s0, s12, s13",FP / arithmetic,,P,throughput,,,1,1,1.001,per cycle,
fdiv_s,"fdiv s0, s12, s13",FP / arithmetic,,P,latency,R0,W0,6.999,6.997,7.002,cycles,
fdiv_s,"fdiv s0, s12, s13",FP / arithmetic,,P,latency,R1,W0,7.002,7,7.003,cycles,
fdiv_s,"fdiv s0, s12, s13",FP / arithmetic,,E,throughput,,,1.001,0.999,1.002,per cycle,
fdiv_s,"fdiv s0, s12, s13",FP / arithmetic,,E,latency,R0,W0,8,7.99,8.014,cycles,
fdiv_s,"fdiv s0, s12, s13",FP / arithmetic,,E,latency,R1,W0,8,7.995,8.005,cycles,
fmadd_s,"fmadd s0, s12, s13, s14",FP / arithmetic,,P,throughput,,,4.001,4,4.002,per cycle,
fmadd_s,"fmadd s0, s12, s13, s14",FP / arithmetic,,P,latency,R0,W0,3.116,3.116,3.117,cycles,
fmadd_s,"fmadd s0, s12, s13, s14",FP / arithmetic,,P,latency,R1,W0,3.117,3.116,3.117,cycles,
fmadd_s,"fmadd s0, s12, s13, s14",FP / arithmetic,,P,latency,R2,W0,3.116,3.115,3.116,cycles,
fmadd_s,"fmadd s0, s12, s13, s14",FP / arithmetic,,E,throughput,,,3,2.997,3.009,per cycle,
fmadd_s,"fmadd s0, s12, s13, s14",FP / arithmetic,,E,latency,R0,W0,3.5,3.5,3.562,cycles,
fmadd_s,"fmadd s0, s12, s13, s14",FP / arithmetic,,E,latency,R1,W0,3.502,3.5,3.566,cycles,
fmadd_s,"fmadd s0, s12, s13, s14",FP / arithmetic,,E,latency,R2,W0,3.5,3.499,3.545,cycles,
fmsub_s,"fmsub s0, s12, s13, s14",FP / arithmetic,,P,throughput,,,4.001,4,4.002,per cycle,
fmsub_s,"fmsub s0, s12, s13, s14",FP / arithmetic,,P,latency,R0,W0,3.116,3.115,3.118,cycles,
fmsub_s,"fmsub s0, s12, s13, s14",FP / arithmetic,,P,latency,R1,W0,3.117,3.116,3.117,cycles,
fmsub_s,"fmsub s0, s12, s13, s14",FP / arithmetic,,P,latency,R2,W0,3.116,3.116,3.117,cycles,
fmsub_s,"fmsub s0, s12, s13, s14",FP / arithmetic,,E,throughput,,,3,3,3,per cycle,
fmsub_s,"fmsub s0, s12, s13, s14",FP / arithmetic,,E,latency,R0,W0,3.501,3.5,3.528,cycles,
fmsub_s,"fmsub s0, s12, s13, s14",FP / arithmetic,,E,latency,R1,W0,3.5,3.484,3.5,cycles,
fmsub_s,"fmsub s0, s12, s13, s14",FP / arithmetic,,E,latency,R2,W0,3.5,3.499,3.562,cycles,
fnmadd_s,"fnmadd s0, s12, s13, s14",FP / arithmetic,,P,throughput,,,4.001,3.999,4.002,per cycle,
fnmadd_s,"fnmadd s0, s12, s13, s14",FP / arithmetic,,P,latency,R0,W0,3.116,3.115,3.117,cycles,
fnmadd_s,"fnmadd s0, s12, s13, s14",FP / arithmetic,,P,latency,R1,W0,3.116,3.116,3.117,cycles,
fnmadd_s,"fnmadd s0, s12, s13, s14",FP / arithmetic,,P,latency,R2,W0,3.116,3.115,3.117,cycles,
fnmadd_s,"fnmadd s0, s12, s13, s14",FP / arithmetic,,E,throughput,,,3,2.992,3.001,per cycle,
fnmadd_s,"fnmadd s0, s12, s13, s14",FP / arithmetic,,E,latency,R0,W0,3.5,3.499,3.596,cycles,
fnmadd_s,"fnmadd s0, s12, s13, s14",FP / arithmetic,,E,latency,R1,W0,3.5,3.499,3.565,cycles,
fnmadd_s,"fnmadd s0, s12, s13, s14",FP / arithmetic,,E,latency,R2,W0,3.5,3.498,3.537,cycles,
fmax_s,"fmax s0, s12, s13",FP / arithmetic,,P,throughput,,,4.001,3.999,4.002,per cycle,
fmax_s,"fmax s0, s12, s13",FP / arithmetic,,P,latency,R0,W0,1.6,1.6,1.6,cycles,
fmax_s,"fmax s0, s12, s13",FP / arithmetic,,P,latency,R1,W0,1.6,1.599,1.6,cycles,
fmax_s,"fmax s0, s12, s13",FP / arithmetic,,E,throughput,,,3,2.985,3.003,per cycle,
fmax_s,"fmax s0, s12, s13",FP / arithmetic,,E,latency,R0,W0,1.57,1.562,1.571,cycles,
fmax_s,"fmax s0, s12, s13",FP / arithmetic,,E,latency,R1,W0,1.57,1.569,1.572,cycles,
fmin_s,"fmin s0, s12, s13",FP / arithmetic,,P,throughput,,,4.001,4,4.002,per cycle,
fmin_s,"fmin s0, s12, s13",FP / arithmetic,,P,latency,R0,W0,1.599,1.599,1.6,cycles,
fmin_s,"fmin s0, s12, s13",FP / arithmetic,,P,latency,R1,W0,1.6,1.6,1.601,cycles,
fmin_s,"fmin s0, s12, s13",FP / arithmetic,,E,throughput,,,2.999,2.985,3,per cycle,
fmin_s,"fmin s0, s12, s13",FP / arithmetic,,E,latency,R0,W0,1.57,1.567,1.571,cycles,
fmin_s,"fmin s0, s12, s13",FP / arithmetic,,E,latency,R1,W0,1.57,1.562,1.57,cycles,
fmaxnm_s,"fmaxnm s0, s12, s13",FP / arithmetic,,P,throughput,,,3.999,3.998,4.001,per cycle,
fmaxnm_s,"fmaxnm s0, s12, s13",FP / arithmetic,,P,latency,R0,W0,1.6,1.6,1.6,cycles,
fmaxnm_s,"fmaxnm s0, s12, s13",FP / arithmetic,,P,latency,R1,W0,1.6,1.6,1.6,cycles,
fmaxnm_s,"fmaxnm s0, s12, s13",FP / arithmetic,,E,throughput,,,3,2.993,3.001,per cycle,
fmaxnm_s,"fmaxnm s0, s12, s13",FP / arithmetic,,E,latency,R0,W0,1.57,1.562,1.57,cycles,
fmaxnm_s,"fmaxnm s0, s12, s13",FP / arithmetic,,E,latency,R1,W0,1.57,1.562,1.57,cycles,
fminnm_s,"fminnm s0, s12, s13",FP / arithmetic,,P,throughput,,,3.999,3.999,4.002,per cycle,
fminnm_s,"fminnm s0, s12, s13",FP / arithmetic,,P,latency,R0,W0,1.6,1.6,1.601,cycles,
fminnm_s,"fminnm s0, s12, s13",FP / arithmetic,,P,latency,R1,W0,1.6,1.599,1.6,cycles,
fminnm_s,"fminnm s0, s12, s13",FP / arithmetic,,E,throughput,,,3,2.996,3.002,per cycle,
fminnm_s,"fminnm s0, s12, s13",FP / arithmetic,,E,latency,R0,W0,1.569,1.562,1.572,cycles,
fminnm_s,"fminnm s0, s12, s13",FP / arithmetic,,E,latency,R1,W0,1.57,1.556,1.571,cycles,
fabd_s,"fabd s0, s12, s13",FP / arithmetic,,P,throughput,,,4.001,3.998,4.002,per cycle,
fabd_s,"fabd s0, s12, s13",FP / arithmetic,,P,latency,R0,W0,2.114,2.113,2.115,cycles,
fabd_s,"fabd s0, s12, s13",FP / arithmetic,,P,latency,R1,W0,2.114,2.113,2.115,cycles,
fabd_s,"fabd s0, s12, s13",FP / arithmetic,,E,throughput,,,3.001,2.999,3.004,per cycle,
fabd_s,"fabd s0, s12, s13",FP / arithmetic,,E,latency,R0,W0,2.5,2.499,2.562,cycles,
fabd_s,"fabd s0, s12, s13",FP / arithmetic,,E,latency,R1,W0,2.501,2.499,2.562,cycles,
fmulx_s,"fmulx s0, s12, s13",FP / arithmetic,,P,throughput,,,4.001,3.999,4.003,per cycle,
fmulx_s,"fmulx s0, s12, s13",FP / arithmetic,,P,latency,R0,W0,3,2.999,3,cycles,
fmulx_s,"fmulx s0, s12, s13",FP / arithmetic,,P,latency,R1,W0,3.001,2.999,3.001,cycles,
fmulx_s,"fmulx s0, s12, s13",FP / arithmetic,,E,throughput,,,3,2.998,3.002,per cycle,
fmulx_s,"fmulx s0, s12, s13",FP / arithmetic,,E,latency,R0,W0,3.5,3.499,3.563,cycles,
fmulx_s,"fmulx s0, s12, s13",FP / arithmetic,,E,latency,R1,W0,3.5,3.498,3.563,cycles,
fabs_s,"fabs s0, s12",FP / arithmetic,,P,throughput,,,3.999,3.998,3.999,per cycle,
fabs_s,"fabs s0, s12",FP / arithmetic,,P,latency,R0,W0,2,1.999,2,cycles,
fabs_s,"fabs s0, s12",FP / arithmetic,,E,throughput,,,3,2.998,3.001,per cycle,
fabs_s,"fabs s0, s12",FP / arithmetic,,E,latency,R0,W0,2,1.999,2.001,cycles,
fneg_s,"fneg s0, s12",FP / arithmetic,,P,throughput,,,4,3.999,4.003,per cycle,
fneg_s,"fneg s0, s12",FP / arithmetic,,P,latency,R0,W0,2,1.999,2,cycles,
fneg_s,"fneg s0, s12",FP / arithmetic,,E,throughput,,,2.997,2.909,3.002,per cycle,
fneg_s,"fneg s0, s12",FP / arithmetic,,E,latency,R0,W0,2,1.995,2.001,cycles,
fsqrt_s,"fsqrt s0, s12",FP / arithmetic,,P,throughput,,,0.5,0.5,0.5,per cycle,
fsqrt_s,"fsqrt s0, s12",FP / arithmetic,,P,latency,R0,W0,9.001,8.997,9.003,cycles,
fsqrt_s,"fsqrt s0, s12",FP / arithmetic,,E,throughput,,,0.499,0.498,0.5,per cycle,
fsqrt_s,"fsqrt s0, s12",FP / arithmetic,,E,latency,R0,W0,10,9.995,10.004,cycles,
frecpe_s,"frecpe s0, s12",FP / arithmetic,,P,throughput,,,1,1,1,per cycle,
frecpe_s,"frecpe s0, s12",FP / arithmetic,,P,latency,R0,W0,3,2.998,3.001,cycles,
frecpe_s,"frecpe s0, s12",FP / arithmetic,,E,throughput,,,1,1,1.004,per cycle,
frecpe_s,"frecpe s0, s12",FP / arithmetic,,E,latency,R0,W0,3,2.997,3.005,cycles,
frsqrte_s,"frsqrte s0, s12",FP / arithmetic,,P,throughput,,,1,1,1.001,per cycle,
frsqrte_s,"frsqrte s0, s12",FP / arithmetic,,P,latency,R0,W0,3.001,3,3.001,cycles,
frsqrte_s,"frsqrte s0, s12",FP / arithmetic,,E,throughput,,,1,0.999,1.003,per cycle,
frsqrte_s,"frsqrte s0, s12",FP / arithmetic,,E,latency,R0,W0,3.001,2.999,3.005,cycles,
frecps_s,"frecps s0, s12, s13",FP / arithmetic,,P,throughput,,,3.998,3.998,3.999,per cycle,
frecps_s,"frecps s0, s12, s13",FP / arithmetic,,P,latency,R0,W0,3.116,3.116,3.117,cycles,
frecps_s,"frecps s0, s12, s13",FP / arithmetic,,P,latency,R1,W0,3.116,3.115,3.117,cycles,
frecps_s,"frecps s0, s12, s13",FP / arithmetic,,E,throughput,,,3,2.998,3.007,per cycle,
frecps_s,"frecps s0, s12, s13",FP / arithmetic,,E,latency,R0,W0,3.498,3.496,3.562,cycles,
frecps_s,"frecps s0, s12, s13",FP / arithmetic,,E,latency,R1,W0,3.5,3.5,3.563,cycles,
frsqrts_s,"frsqrts s0, s12, s13",FP / arithmetic,,P,throughput,,,4.002,4,4.002,per cycle,
frsqrts_s,"frsqrts s0, s12, s13",FP / arithmetic,,P,latency,R0,W0,3.116,3.115,3.117,cycles,
frsqrts_s,"frsqrts s0, s12, s13",FP / arithmetic,,P,latency,R1,W0,3.117,3.115,3.117,cycles,
frsqrts_s,"frsqrts s0, s12, s13",FP / arithmetic,,E,throughput,,,3,2.998,3.002,per cycle,
frsqrts_s,"frsqrts s0, s12, s13",FP / arithmetic,,E,latency,R0,W0,3.5,3.499,3.563,cycles,
frsqrts_s,"frsqrts s0, s12, s13",FP / arithmetic,,E,latency,R1,W0,3.5,3.499,3.562,cycles,
frecpx_s,"frecpx s0, s12",FP / arithmetic,,P,throughput,,,1,1,1,per cycle,
frecpx_s,"frecpx s0, s12",FP / arithmetic,,P,latency,R0,W0,3,2.991,3.002,cycles,
frecpx_s,"frecpx s0, s12",FP / arithmetic,,E,throughput,,,1,1,1.001,per cycle,
frecpx_s,"frecpx s0, s12",FP / arithmetic,,E,latency,R0,W0,2.999,2.995,3,cycles,
frinta_s,"frinta s0, s12",FP / arithmetic,,P,throughput,,,3.999,3.998,4.001,per cycle,
frinta_s,"frinta s0, s12",FP / arithmetic,,P,latency,R0,W0,3,2.999,3.001,cycles,
frinta_s,"frinta s0, s12",FP / arithmetic,,E,throughput,,,3.001,2.999,3.002,per cycle,
frinta_s,"frinta s0, s12",FP / arithmetic,,E,latency,R0,W0,2.999,2.998,3,cycles,
frinti_s,"frinti s0, s12",FP / arithmetic,,P,throughput,,,4.001,3.999,4.002,per cycle,
frinti_s,"frinti s0, s12",FP / arithmetic,,P,latency,R0,W0,3.001,2.999,3.001,cycles,
frinti_s,"frinti s0, s12",FP / arithmetic,,E,throughput,,,2.999,2.996,3.002,per cycle,
frinti_s,"frinti s0, s12",FP / arithmetic,,E,latency,R0,W0,3,3,3.001,cycles,
frintm_s,"frintm s0, s12",FP / arithmetic,,P,throughput,,,3.999,3.998,4.001,per cycle,
frintm_s,"frintm s0, s12",FP / arithmetic,,P,latency,R0,W0,3,2.999,3,cycles,
frintm_s,"frintm s0, s12",FP / arithmetic,,E,throughput,,,3,2.988,3.001,per cycle,
frintm_s,"frintm s0, s12",FP / arithmetic,,E,latency,R0,W0,3,2.999,3.01,cycles,
frintn_s,"frintn s0, s12",FP / arithmetic,,P,throughput,,,4.001,3.999,4.003,per cycle,
frintn_s,"frintn s0, s12",FP / arithmetic,,P,latency,R0,W0,2.999,2.999,3,cycles,
frintn_s,"frintn s0, s12",FP / arithmetic,,E,throughput,,,3.001,2.997,3.003,per cycle,
frintn_s,"frintn s0, s12",FP / arithmetic,,E,latency,R0,W0,3,2.998,3.024,cycles,
frintp_s,"frintp s0, s12",FP / arithmetic,,P,throughput,,,4.002,4.002,4.003,per cycle,
frintp_s,"frintp s0, s12",FP / arithmetic,,P,latency,R0,W0,2.999,2.999,3.001,cycles,
frintp_s,"frintp s0, s12",FP / arithmetic,,E,throughput,,,3,2.998,3.002,per cycle,
frintp_s,"frintp s0, s12",FP / arithmetic,,E,latency,R0,W0,3,2.997,3.001,cycles,
frintx_s,"frintx s0, s12",FP / arithmetic,,P,throughput,,,4.001,3.998,4.002,per cycle,
frintx_s,"frintx s0, s12",FP / arithmetic,,P,latency,R0,W0,2.999,2.999,3,cycles,
frintx_s,"frintx s0, s12",FP / arithmetic,,E,throughput,,,3,2.998,3.024,per cycle,
frintx_s,"frintx s0, s12",FP / arithmetic,,E,latency,R0,W0,3,2.996,3.003,cycles,
frintz_s,"frintz s0, s12",FP / arithmetic,,P,throughput,,,4.002,3.998,4.002,per cycle,
frintz_s,"frintz s0, s12",FP / arithmetic,,P,latency,R0,W0,3,2.999,3.001,cycles,
frintz_s,"frintz s0, s12",FP / arithmetic,,E,throughput,,,3.001,2.999,3.001,per cycle,
frintz_s,"frintz s0, s12",FP / arithmetic,,E,latency,R0,W0,3,3,3.001,cycles,
fmov_s_reg,"fmov s0, s12",FP / arithmetic,,P,throughput,,,4,3.998,4.002,per cycle,
fmov_s_reg,"fmov s0, s12",FP / arithmetic,,P,latency,R0,W0,1.999,1.999,2.001,cycles,
fmov_s_reg,"fmov s0, s12",FP / arithmetic,,E,throughput,,,3,2.999,3.002,per cycle,
fmov_s_reg,"fmov s0, s12",FP / arithmetic,,E,latency,R0,W0,2,1.999,2.004,cycles,
fmov_s_imm,"fmov s0, #1.0",FP / arithmetic,,P,throughput,,,4.002,3.998,4.002,per cycle,
fmov_s_imm,"fmov s0, #1.0",FP / arithmetic,,E,throughput,,,3,2.999,3.002,per cycle,
fcmp_s,"fcmp s12, s13",FP / arithmetic,,P,throughput,,,1.999,1.999,2,per cycle,
fcmp_s,"fcmp s12, s13",FP / arithmetic,,P,latency,R0,nzcv,4.001,3.999,4.001,cycles,round-trip-via-fcsel
fcmp_s,"fcmp s12, s13",FP / arithmetic,,P,latency,R1,nzcv,4,3.999,4.002,cycles,round-trip-via-fcsel
fcmp_s,"fcmp s12, s13",FP / arithmetic,,E,throughput,,,1.999,1.998,2.001,per cycle,
fcmp_s,"fcmp s12, s13",FP / arithmetic,,E,latency,R0,nzcv,4,3.999,4.001,cycles,round-trip-via-fcsel
fcmp_s,"fcmp s12, s13",FP / arithmetic,,E,latency,R1,nzcv,4,3.997,4.002,cycles,round-trip-via-fcsel
fcmp_s_zero,"fcmp s12, #0.0",FP / arithmetic,,P,throughput,,,2.003,2,2.1,per cycle,
fcmp_s_zero,"fcmp s12, #0.0",FP / arithmetic,,P,latency,R0,nzcv,4,3.998,4.001,cycles,round-trip-via-fcsel
fcmp_s_zero,"fcmp s12, #0.0",FP / arithmetic,,E,throughput,,,2,1.999,2.004,per cycle,
fcmp_s_zero,"fcmp s12, #0.0",FP / arithmetic,,E,latency,R0,nzcv,4,3.999,4.004,cycles,round-trip-via-fcsel
fcmpe_s,"fcmpe s12, s13",FP / arithmetic,,P,throughput,,,2.059,2.009,2.069,per cycle,
fcmpe_s,"fcmpe s12, s13",FP / arithmetic,,P,latency,R0,nzcv,4,3.999,4.001,cycles,round-trip-via-fcsel
fcmpe_s,"fcmpe s12, s13",FP / arithmetic,,P,latency,R1,nzcv,3.999,3.999,4.001,cycles,round-trip-via-fcsel
fcmpe_s,"fcmpe s12, s13",FP / arithmetic,,E,throughput,,,2,1.995,2.001,per cycle,
fcmpe_s,"fcmpe s12, s13",FP / arithmetic,,E,latency,R0,nzcv,4.001,4,4.002,cycles,round-trip-via-fcsel
fcmpe_s,"fcmpe s12, s13",FP / arithmetic,,E,latency,R1,nzcv,4.002,3.998,4.018,cycles,round-trip-via-fcsel
fccmp_s,"fccmp s12, s13, #0, ne",FP / arithmetic,,P,throughput,,,0.5,0.5,0.5,per cycle,limited-by-own-chain
fccmp_s,"fccmp s12, s13, #0, ne",FP / arithmetic,,P,latency,R0,nzcv,4,3.999,4.001,cycles,round-trip-via-fcsel
fccmp_s,"fccmp s12, s13, #0, ne",FP / arithmetic,,P,latency,R1,nzcv,3.999,3.998,4,cycles,round-trip-via-fcsel
fccmp_s,"fccmp s12, s13, #0, ne",FP / arithmetic,,P,latency,nzcv,nzcv,2,2,2.001,cycles,
fccmp_s,"fccmp s12, s13, #0, ne",FP / arithmetic,,E,throughput,,,0.5,0.499,0.5,per cycle,limited-by-own-chain
fccmp_s,"fccmp s12, s13, #0, ne",FP / arithmetic,,E,latency,R0,nzcv,4,3.998,4.024,cycles,round-trip-via-fcsel
fccmp_s,"fccmp s12, s13, #0, ne",FP / arithmetic,,E,latency,R1,nzcv,4,3.998,4.004,cycles,round-trip-via-fcsel
fccmp_s,"fccmp s12, s13, #0, ne",FP / arithmetic,,E,latency,nzcv,nzcv,2,2,2.011,cycles,
fcsel_s,"fcsel s0, s12, s13, ne",FP / arithmetic,,P,throughput,,,2,1.999,2,per cycle,
fcsel_s,"fcsel s0, s12, s13, ne",FP / arithmetic,,P,latency,R0,W0,2,2,2,cycles,
fcsel_s,"fcsel s0, s12, s13, ne",FP / arithmetic,,P,latency,R1,W0,2,2,2,cycles,
fcsel_s,"fcsel s0, s12, s13, ne",FP / arithmetic,,P,latency,nzcv,W0,4,4,4.001,cycles,round-trip-via-fcmp
fcsel_s,"fcsel s0, s12, s13, ne",FP / arithmetic,,E,throughput,,,3,2.993,3.011,per cycle,
fcsel_s,"fcsel s0, s12, s13, ne",FP / arithmetic,,E,latency,R0,W0,2,1.988,2.005,cycles,
fcsel_s,"fcsel s0, s12, s13, ne",FP / arithmetic,,E,latency,R1,W0,2,1.998,2.008,cycles,
fcsel_s,"fcsel s0, s12, s13, ne",FP / arithmetic,,E,latency,nzcv,W0,4,3.988,4.001,cycles,round-trip-via-fcmp
fmov_d_zero,"fmov d0, xzr",FP / arithmetic,,P,throughput,,,3.001,2.999,3.002,per cycle,
fmov_d_zero,"fmov d0, xzr",FP / arithmetic,,E,throughput,,,2,1.948,2,per cycle,
movi_d_zero,"movi d0, #0",FP / arithmetic,,P,throughput,,,10.002,9.998,10.003,per cycle,
movi_d_zero,"movi d0, #0",FP / arithmetic,,E,throughput,,,6,5.988,6.044,per cycle,
fadd_h,"fadd h0, h12, h13",FP / half precision,FP16,P,throughput,,,4.001,3.998,4.002,per cycle,
fadd_h,"fadd h0, h12, h13",FP / half precision,FP16,P,latency,R0,W0,2.114,2.114,2.114,cycles,
fadd_h,"fadd h0, h12, h13",FP / half precision,FP16,P,latency,R1,W0,2.114,2.113,2.115,cycles,
fadd_h,"fadd h0, h12, h13",FP / half precision,FP16,E,throughput,,,3,2.989,3.004,per cycle,
fadd_h,"fadd h0, h12, h13",FP / half precision,FP16,E,latency,R0,W0,2.505,2.5,2.561,cycles,
fadd_h,"fadd h0, h12, h13",FP / half precision,FP16,E,latency,R1,W0,2.5,2.499,2.562,cycles,
fmul_h,"fmul h0, h12, h13",FP / half precision,FP16,P,throughput,,,3.999,3.998,4.001,per cycle,
fmul_h,"fmul h0, h12, h13",FP / half precision,FP16,P,latency,R0,W0,3.117,3.116,3.118,cycles,
fmul_h,"fmul h0, h12, h13",FP / half precision,FP16,P,latency,R1,W0,3.116,3.115,3.117,cycles,
fmul_h,"fmul h0, h12, h13",FP / half precision,FP16,E,throughput,,,3,2.99,3,per cycle,
fmul_h,"fmul h0, h12, h13",FP / half precision,FP16,E,latency,R0,W0,3.5,3.499,3.563,cycles,
fmul_h,"fmul h0, h12, h13",FP / half precision,FP16,E,latency,R1,W0,3.5,3.496,3.563,cycles,
fdiv_h,"fdiv h0, h12, h13",FP / half precision,FP16,P,throughput,,,1,1,1,per cycle,
fdiv_h,"fdiv h0, h12, h13",FP / half precision,FP16,P,latency,R0,W0,7,6.999,7.003,cycles,
fdiv_h,"fdiv h0, h12, h13",FP / half precision,FP16,P,latency,R1,W0,7,6.997,7.004,cycles,
fdiv_h,"fdiv h0, h12, h13",FP / half precision,FP16,E,throughput,,,1,0.993,1.001,per cycle,
fdiv_h,"fdiv h0, h12, h13",FP / half precision,FP16,E,latency,R0,W0,7,6.999,7.003,cycles,
fdiv_h,"fdiv h0, h12, h13",FP / half precision,FP16,E,latency,R1,W0,7,6.999,7.011,cycles,
fmadd_h,"fmadd h0, h12, h13, h14",FP / half precision,FP16,P,throughput,,,3.999,3.999,4.001,per cycle,
fmadd_h,"fmadd h0, h12, h13, h14",FP / half precision,FP16,P,latency,R0,W0,3.116,3.116,3.117,cycles,
fmadd_h,"fmadd h0, h12, h13, h14",FP / half precision,FP16,P,latency,R1,W0,3.117,3.115,3.117,cycles,
fmadd_h,"fmadd h0, h12, h13, h14",FP / half precision,FP16,P,latency,R2,W0,3.116,3.116,3.118,cycles,
fmadd_h,"fmadd h0, h12, h13, h14",FP / half precision,FP16,E,throughput,,,3,2.997,3.008,per cycle,
fmadd_h,"fmadd h0, h12, h13, h14",FP / half precision,FP16,E,latency,R0,W0,3.5,3.5,3.501,cycles,
fmadd_h,"fmadd h0, h12, h13, h14",FP / half precision,FP16,E,latency,R1,W0,3.5,3.496,3.504,cycles,
fmadd_h,"fmadd h0, h12, h13, h14",FP / half precision,FP16,E,latency,R2,W0,3.5,3.499,3.506,cycles,
fsqrt_h,"fsqrt h0, h12",FP / half precision,FP16,P,throughput,,,0.5,0.5,0.5,per cycle,
fsqrt_h,"fsqrt h0, h12",FP / half precision,FP16,P,latency,R0,W0,7.999,7.997,8.002,cycles,
fsqrt_h,"fsqrt h0, h12",FP / half precision,FP16,E,throughput,,,0.5,0.499,0.501,per cycle,
fsqrt_h,"fsqrt h0, h12",FP / half precision,FP16,E,latency,R0,W0,8.001,8,8.016,cycles,
fcmp_h,"fcmp h12, h13",FP / half precision,FP16,P,throughput,,,1.999,1.999,2.001,per cycle,
fcmp_h,"fcmp h12, h13",FP / half precision,FP16,P,latency,R0,nzcv,4.001,3.999,4.002,cycles,round-trip-via-fcsel
fcmp_h,"fcmp h12, h13",FP / half precision,FP16,P,latency,R1,nzcv,4,3.999,4.001,cycles,round-trip-via-fcsel
fcmp_h,"fcmp h12, h13",FP / half precision,FP16,E,throughput,,,2,1.999,2.002,per cycle,
fcmp_h,"fcmp h12, h13",FP / half precision,FP16,E,latency,R0,nzcv,3.999,3.991,4,cycles,round-trip-via-fcsel
fcmp_h,"fcmp h12, h13",FP / half precision,FP16,E,latency,R1,nzcv,4,3.995,4.006,cycles,round-trip-via-fcsel
fcvt_h_to_s,"fcvt s0, h12",FP / half precision,FP16,P,throughput,,,4,3.999,4.002,per cycle,
fcvt_h_to_s,"fcvt s0, h12",FP / half precision,FP16,E,throughput,,,3,2.982,3.002,per cycle,
fcvt_s_to_h,"fcvt h0, s12",FP / half precision,FP16,P,throughput,,,4,3.998,4.002,per cycle,
fcvt_s_to_h,"fcvt h0, s12",FP / half precision,FP16,E,throughput,,,3,2.998,3.002,per cycle,
fcvt_h_d_roundtrip,"fcvt d0, h1; fcvt h1, d0",FP / half precision,FP16,P,latency,RW1,RW1,6,5.998,6.002,cycles,
fcvt_h_d_roundtrip,"fcvt d0, h1; fcvt h1, d0",FP / half precision,FP16,E,latency,RW1,RW1,6,5.998,6.011,cycles,
fcvt_d_to_s,"fcvt s0, d12",FP / conversion,,P,throughput,,,3.999,3.998,4.002,per cycle,
fcvt_d_to_s,"fcvt s0, d12",FP / conversion,,E,throughput,,,2.999,2.986,3,per cycle,
fcvt_s_to_d,"fcvt d0, s12",FP / conversion,,P,throughput,,,4,3.998,4.003,per cycle,
fcvt_s_to_d,"fcvt d0, s12",FP / conversion,,E,throughput,,,3,2.992,3.008,per cycle,
fcvt_s_d_roundtrip,"fcvt d0, s1; fcvt s1, d0",FP / conversion,,P,latency,RW1,RW1,6,5.998,6.003,cycles,
fcvt_s_d_roundtrip,"fcvt d0, s1; fcvt s1, d0",FP / conversion,,E,latency,RW1,RW1,6.001,5.999,6.031,cycles,
fmov_d_from_x,"fmov d0, x19",FP / conversion,,P,throughput,,,3,2.998,3.001,per cycle,
fmov_d_from_x,"fmov d0, x19",FP / conversion,,P,latency,R0,W0,9.999,9.998,10.002,cycles,"round-trip-via-fmovx,d"
fmov_d_from_x,"fmov d0, x19",FP / conversion,,E,throughput,,,2.001,2,2.003,per cycle,
fmov_d_from_x,"fmov d0, x19",FP / conversion,,E,latency,R0,W0,8,7.999,8.011,cycles,"round-trip-via-fmovx,d"
fmov_x_from_d,"fmov x0, d12",FP / conversion,,P,throughput,,,1.979,1.974,1.982,per cycle,
fmov_x_from_d,"fmov x0, d12",FP / conversion,,P,latency,R0,W0,9.999,9.997,10.004,cycles,"round-trip-via-fmovd,x"
fmov_x_from_d,"fmov x0, d12",FP / conversion,,E,throughput,,,2,1.996,2,per cycle,
fmov_x_from_d,"fmov x0, d12",FP / conversion,,E,latency,R0,W0,8.016,8,8.034,cycles,"round-trip-via-fmovd,x"
fmov_s_from_w,"fmov s0, w19",FP / conversion,,P,throughput,,,3,2.998,3.002,per cycle,
fmov_s_from_w,"fmov s0, w19",FP / conversion,,P,latency,R0,W0,10.003,9.998,10.004,cycles,"round-trip-via-fmovx,d"
fmov_s_from_w,"fmov s0, w19",FP / conversion,,E,throughput,,,2,1.993,2.006,per cycle,
fmov_s_from_w,"fmov s0, w19",FP / conversion,,E,latency,R0,W0,7.997,7.906,8.003,cycles,"round-trip-via-fmovx,d"
fmov_w_from_s,"fmov w0, s12",FP / conversion,,P,throughput,,,1.953,1.93,1.953,per cycle,
fmov_w_from_s,"fmov w0, s12",FP / conversion,,P,latency,R0,W0,9.999,9.997,10.004,cycles,"round-trip-via-fmovd,x"
fmov_w_from_s,"fmov w0, s12",FP / conversion,,E,throughput,,,2.002,2,2.005,per cycle,
fmov_w_from_s,"fmov w0, s12",FP / conversion,,E,latency,R0,W0,8,7.996,8.004,cycles,"round-trip-via-fmovd,x"
fmov_d1_from_x,"fmov v0.d[1], x19",FP / conversion,,P,throughput,,,2.504,2.442,2.606,per cycle,
fmov_d1_from_x,"fmov v0.d[1], x19",FP / conversion,,E,throughput,,,2,1.994,2.001,per cycle,
fmov_x_from_d1,"fmov x0, v12.d[1]",FP / conversion,,P,throughput,,,1.952,1.932,1.958,per cycle,
fmov_x_from_d1,"fmov x0, v12.d[1]",FP / conversion,,E,throughput,,,2,1.996,2.001,per cycle,
scvtf_d_x,"scvtf d0, x19",FP / conversion,,P,throughput,,,3,3,3.005,per cycle,
scvtf_d_x,"scvtf d0, x19",FP / conversion,,P,latency,R0,W0,9.999,9.998,10.001,cycles,"round-trip-via-fmovx,d"
scvtf_d_x,"scvtf d0, x19",FP / conversion,,E,throughput,,,2,1.998,2,per cycle,
scvtf_d_x,"scvtf d0, x19",FP / conversion,,E,latency,R0,W0,8.001,7.999,8.002,cycles,"round-trip-via-fmovx,d"
ucvtf_d_x,"ucvtf d0, x19",FP / conversion,,P,throughput,,,3,3,3.001,per cycle,
ucvtf_d_x,"ucvtf d0, x19",FP / conversion,,P,latency,R0,W0,10,9.999,10.001,cycles,"round-trip-via-fmovx,d"
ucvtf_d_x,"ucvtf d0, x19",FP / conversion,,E,throughput,,,2,1.999,2.001,per cycle,
ucvtf_d_x,"ucvtf d0, x19",FP / conversion,,E,latency,R0,W0,8.002,8.001,8.005,cycles,"round-trip-via-fmovx,d"
scvtf_s_w,"scvtf s0, w19",FP / conversion,,P,throughput,,,3,2.999,3.002,per cycle,
scvtf_s_w,"scvtf s0, w19",FP / conversion,,P,latency,R0,W0,10,9.998,10.002,cycles,"round-trip-via-fmovx,d"
scvtf_s_w,"scvtf s0, w19",FP / conversion,,E,throughput,,,2,1.999,2.004,per cycle,
scvtf_s_w,"scvtf s0, w19",FP / conversion,,E,latency,R0,W0,8,7.994,8,cycles,"round-trip-via-fmovx,d"
scvtf_d_w,"scvtf d0, w19",FP / conversion,,P,throughput,,,3,2.999,3.001,per cycle,
scvtf_d_w,"scvtf d0, w19",FP / conversion,,P,latency,R0,W0,10,9.998,10.002,cycles,"round-trip-via-fmovx,d"
scvtf_d_w,"scvtf d0, w19",FP / conversion,,E,throughput,,,2,1.996,2.001,per cycle,
scvtf_d_w,"scvtf d0, w19",FP / conversion,,E,latency,R0,W0,7.999,7.997,8.029,cycles,"round-trip-via-fmovx,d"
scvtf_d_d,"scvtf d0, d12",FP / conversion,,P,throughput,,,3.999,3.998,4.002,per cycle,
scvtf_d_d,"scvtf d0, d12",FP / conversion,,P,latency,R0,W0,3,2.999,3.001,cycles,
scvtf_d_d,"scvtf d0, d12",FP / conversion,,E,throughput,,,3.001,2.998,3.001,per cycle,
scvtf_d_d,"scvtf d0, d12",FP / conversion,,E,latency,R0,W0,3,2.999,3.001,cycles,
scvtf_d_x_fixed,"scvtf d0, x19, #16",FP / conversion,,P,throughput,,,3,3,3.001,per cycle,
scvtf_d_x_fixed,"scvtf d0, x19, #16",FP / conversion,,P,latency,R0,W0,9.999,9.998,10.001,cycles,"round-trip-via-fmovx,d"
scvtf_d_x_fixed,"scvtf d0, x19, #16",FP / conversion,,E,throughput,,,2,1.994,2,per cycle,
scvtf_d_x_fixed,"scvtf d0, x19, #16",FP / conversion,,E,latency,R0,W0,7.999,7.995,8,cycles,"round-trip-via-fmovx,d"
fcvtzs_x_d,"fcvtzs x0, d12",FP / conversion,,P,throughput,,,1.971,1.969,1.972,per cycle,
fcvtzs_x_d,"fcvtzs x0, d12",FP / conversion,,P,latency,R0,W0,12.004,11.997,12.004,cycles,"round-trip-via-fmovd,x"
fcvtzs_x_d,"fcvtzs x0, d12",FP / conversion,,E,throughput,,,2,2,2,per cycle,
fcvtzs_x_d,"fcvtzs x0, d12",FP / conversion,,E,latency,R0,W0,10.001,10,10.018,cycles,"round-trip-via-fmovd,x"
fcvtzu_x_d,"fcvtzu x0, d12",FP / conversion,,P,throughput,,,1.976,1.971,1.979,per cycle,
fcvtzu_x_d,"fcvtzu x0, d12",FP / conversion,,P,latency,R0,W0,12.001,11.997,12.004,cycles,"round-trip-via-fmovd,x"
fcvtzu_x_d,"fcvtzu x0, d12",FP / conversion,,E,throughput,,,2,1.994,2,per cycle,
fcvtzu_x_d,"fcvtzu x0, d12",FP / conversion,,E,latency,R0,W0,10,9.996,10.019,cycles,"round-trip-via-fmovd,x"
fcvtas_x_d,"fcvtas x0, d12",FP / conversion,,P,throughput,,,1.971,1.966,1.978,per cycle,
fcvtas_x_d,"fcvtas x0, d12",FP / conversion,,P,latency,R0,W0,11.998,11.996,12.004,cycles,"round-trip-via-fmovd,x"
fcvtas_x_d,"fcvtas x0, d12",FP / conversion,,E,throughput,,,2,1.998,2,per cycle,
fcvtas_x_d,"fcvtas x0, d12",FP / conversion,,E,latency,R0,W0,10.001,9.999,10.002,cycles,"round-trip-via-fmovd,x"
fcvtau_x_d,"fcvtau x0, d12",FP / conversion,,P,throughput,,,1.97,1.958,1.98,per cycle,
fcvtau_x_d,"fcvtau x0, d12",FP / conversion,,P,latency,R0,W0,11.999,11.997,12.004,cycles,"round-trip-via-fmovd,x"
fcvtau_x_d,"fcvtau x0, d12",FP / conversion,,E,throughput,,,2,1.987,2,per cycle,
fcvtau_x_d,"fcvtau x0, d12",FP / conversion,,E,latency,R0,W0,10.001,9.999,10.035,cycles,"round-trip-via-fmovd,x"
fcvtms_x_d,"fcvtms x0, d12",FP / conversion,,P,throughput,,,1.97,1.966,1.972,per cycle,
fcvtms_x_d,"fcvtms x0, d12",FP / conversion,,P,latency,R0,W0,12.001,11.998,12.006,cycles,"round-trip-via-fmovd,x"
fcvtms_x_d,"fcvtms x0, d12",FP / conversion,,E,throughput,,,2,1.997,2.001,per cycle,
fcvtms_x_d,"fcvtms x0, d12",FP / conversion,,E,latency,R0,W0,9.999,9.998,10.001,cycles,"round-trip-via-fmovd,x"
fcvtmu_x_d,"fcvtmu x0, d12",FP / conversion,,P,throughput,,,1.977,1.963,1.979,per cycle,
fcvtmu_x_d,"fcvtmu x0, d12",FP / conversion,,P,latency,R0,W0,11.998,11.997,12.002,cycles,"round-trip-via-fmovd,x"
fcvtmu_x_d,"fcvtmu x0, d12",FP / conversion,,E,throughput,,,2,2,2.007,per cycle,
fcvtmu_x_d,"fcvtmu x0, d12",FP / conversion,,E,latency,R0,W0,10,9.999,10.003,cycles,"round-trip-via-fmovd,x"
fcvtns_x_d,"fcvtns x0, d12",FP / conversion,,P,throughput,,,1.976,1.956,1.978,per cycle,
fcvtns_x_d,"fcvtns x0, d12",FP / conversion,,P,latency,R0,W0,12.001,11.996,12.004,cycles,"round-trip-via-fmovd,x"
fcvtns_x_d,"fcvtns x0, d12",FP / conversion,,E,throughput,,,2,2,2.001,per cycle,
fcvtns_x_d,"fcvtns x0, d12",FP / conversion,,E,latency,R0,W0,10,9.996,10.001,cycles,"round-trip-via-fmovd,x"
fcvtnu_x_d,"fcvtnu x0, d12",FP / conversion,,P,throughput,,,1.973,1.97,1.978,per cycle,
fcvtnu_x_d,"fcvtnu x0, d12",FP / conversion,,P,latency,R0,W0,11.998,11.997,12.002,cycles,"round-trip-via-fmovd,x"
fcvtnu_x_d,"fcvtnu x0, d12",FP / conversion,,E,throughput,,,2,2,2,per cycle,
fcvtnu_x_d,"fcvtnu x0, d12",FP / conversion,,E,latency,R0,W0,10.001,9.999,10.02,cycles,"round-trip-via-fmovd,x"
fcvtps_x_d,"fcvtps x0, d12",FP / conversion,,P,throughput,,,1.974,1.97,1.977,per cycle,
fcvtps_x_d,"fcvtps x0, d12",FP / conversion,,P,latency,R0,W0,11.998,11.996,12.003,cycles,"round-trip-via-fmovd,x"
fcvtps_x_d,"fcvtps x0, d12",FP / conversion,,E,throughput,,,2,1.987,2.001,per cycle,
fcvtps_x_d,"fcvtps x0, d12",FP / conversion,,E,latency,R0,W0,9.999,9.997,10.053,cycles,"round-trip-via-fmovd,x"
fcvtpu_x_d,"fcvtpu x0, d12",FP / conversion,,P,throughput,,,1.975,1.969,1.976,per cycle,
fcvtpu_x_d,"fcvtpu x0, d12",FP / conversion,,P,latency,R0,W0,11.998,11.997,12.004,cycles,"round-trip-via-fmovd,x"
fcvtpu_x_d,"fcvtpu x0, d12",FP / conversion,,E,throughput,,,2,1.993,2.001,per cycle,
fcvtpu_x_d,"fcvtpu x0, d12",FP / conversion,,E,latency,R0,W0,10.001,10,10.006,cycles,"round-trip-via-fmovd,x"
fcvtzs_w_s,"fcvtzs w0, s12",FP / conversion,,P,throughput,,,1.958,1.955,1.96,per cycle,
fcvtzs_w_s,"fcvtzs w0, s12",FP / conversion,,P,latency,R0,W0,12.002,11.998,12.006,cycles,"round-trip-via-fmovd,x"
fcvtzs_w_s,"fcvtzs w0, s12",FP / conversion,,E,throughput,,,2,1.999,2.007,per cycle,
fcvtzs_w_s,"fcvtzs w0, s12",FP / conversion,,E,latency,R0,W0,10,9.994,10,cycles,"round-trip-via-fmovd,x"
fcvtzs_w_d,"fcvtzs w0, d12",FP / conversion,,P,throughput,,,1.956,1.952,1.961,per cycle,
fcvtzs_w_d,"fcvtzs w0, d12",FP / conversion,,P,latency,R0,W0,11.998,11.996,12.005,cycles,"round-trip-via-fmovd,x"
fcvtzs_w_d,"fcvtzs w0, d12",FP / conversion,,E,throughput,,,2,1.999,2.009,per cycle,
fcvtzs_w_d,"fcvtzs w0, d12",FP / conversion,,E,latency,R0,W0,10,9.999,10.016,cycles,"round-trip-via-fmovd,x"
fcvtzs_d_d,"fcvtzs d0, d12",FP / conversion,,P,throughput,,,4.001,3.998,4.001,per cycle,
fcvtzs_d_d,"fcvtzs d0, d12",FP / conversion,,P,latency,R0,W0,2.999,2.999,3,cycles,
fcvtzs_d_d,"fcvtzs d0, d12",FP / conversion,,E,throughput,,,3,2.986,3,per cycle,
fcvtzs_d_d,"fcvtzs d0, d12",FP / conversion,,E,latency,R0,W0,3,2.995,3.007,cycles,
fcvtzs_x_d_fixed,"fcvtzs x0, d12, #16",FP / conversion,,P,throughput,,,1.973,1.967,1.976,per cycle,
fcvtzs_x_d_fixed,"fcvtzs x0, d12, #16",FP / conversion,,P,latency,R0,W0,12.003,11.999,12.004,cycles,"round-trip-via-fmovd,x"
fcvtzs_x_d_fixed,"fcvtzs x0, d12, #16",FP / conversion,,E,throughput,,,2,1.982,2,per cycle,
fcvtzs_x_d_fixed,"fcvtzs x0, d12, #16",FP / conversion,,E,latency,R0,W0,10.001,9.999,10.018,cycles,"round-trip-via-fmovd,x"
fjcvtzs,"fjcvtzs w0, d12",FP / conversion,JSCVT,P,throughput,,,1.962,1.951,1.966,per cycle,
fjcvtzs,"fjcvtzs w0, d12",FP / conversion,JSCVT,P,latency,R0,W0,12.004,12.001,12.004,cycles,"round-trip-via-fmovd,x"
fjcvtzs,"fjcvtzs w0, d12",FP / conversion,JSCVT,P,latency,R0,nzcv,4.001,3.999,4.001,cycles,round-trip-via-fcsel
fjcvtzs,"fjcvtzs w0, d12",FP / conversion,JSCVT,E,throughput,,,2,1.987,2.008,per cycle,
fjcvtzs,"fjcvtzs w0, d12",FP / conversion,JSCVT,E,latency,R0,W0,10,9.998,10.022,cycles,"round-trip-via-fmovd,x"
fjcvtzs,"fjcvtzs w0, d12",FP / conversion,JSCVT,E,latency,R0,nzcv,3.999,3.995,4.004,cycles,round-trip-via-fcsel
frint32x_d,"frint32x d0, d12",FP / conversion,FRINTTS,P,throughput,,,4.001,3.998,4.002,per cycle,
frint32x_d,"frint32x d0, d12",FP / conversion,FRINTTS,P,latency,R0,W0,2.999,2.999,3.001,cycles,
frint32x_d,"frint32x d0, d12",FP / conversion,FRINTTS,E,throughput,,,3,2.989,3.001,per cycle,
frint32x_d,"frint32x d0, d12",FP / conversion,FRINTTS,E,latency,R0,W0,3,3,3.01,cycles,
frint64z_d,"frint64z d0, d12",FP / conversion,FRINTTS,P,throughput,,,4.001,3.999,4.002,per cycle,
frint64z_d,"frint64z d0, d12",FP / conversion,FRINTTS,P,latency,R0,W0,3,2.999,3.001,cycles,
frint64z_d,"frint64z d0, d12",FP / conversion,FRINTTS,E,throughput,,,3.001,2.999,3.006,per cycle,
frint64z_d,"frint64z d0, d12",FP / conversion,FRINTTS,E,latency,R0,W0,3,3,3.011,cycles,
add_16b,"add v0.16b, v12.16b, v13.16b",SIMD / integer arithmetic,,P,throughput,,,4.001,3.999,4.003,per cycle,
add_16b,"add v0.16b, v12.16b, v13.16b",SIMD / integer arithmetic,,P,latency,R0,W0,2,1.999,2.001,cycles,
add_16b,"add v0.16b, v12.16b, v13.16b",SIMD / integer arithmetic,,P,latency,R1,W0,2,2,2.001,cycles,
add_16b,"add v0.16b, v12.16b, v13.16b",SIMD / integer arithmetic,,E,throughput,,,3.001,2.999,3.005,per cycle,
add_16b,"add v0.16b, v12.16b, v13.16b",SIMD / integer arithmetic,,E,latency,R0,W0,2,2,2.003,cycles,
add_16b,"add v0.16b, v12.16b, v13.16b",SIMD / integer arithmetic,,E,latency,R1,W0,2,2,2.015,cycles,
sub_16b,"sub v0.16b, v12.16b, v13.16b",SIMD / integer arithmetic,,P,throughput,,,3.999,3.998,4.001,per cycle,
sub_16b,"sub v0.16b, v12.16b, v13.16b",SIMD / integer arithmetic,,P,latency,R0,W0,2,2,2.001,cycles,
sub_16b,"sub v0.16b, v12.16b, v13.16b",SIMD / integer arithmetic,,P,latency,R1,W0,2,1.999,2,cycles,
sub_16b,"sub v0.16b, v12.16b, v13.16b",SIMD / integer arithmetic,,E,throughput,,,3,3,3.004,per cycle,
sub_16b,"sub v0.16b, v12.16b, v13.16b",SIMD / integer arithmetic,,E,latency,R0,W0,2,2,2.019,cycles,
sub_16b,"sub v0.16b, v12.16b, v13.16b",SIMD / integer arithmetic,,E,latency,R1,W0,2,2,2.024,cycles,
abs_16b,"abs v0.16b, v12.16b",SIMD / integer arithmetic,,P,throughput,,,4.002,3.999,4.003,per cycle,
abs_16b,"abs v0.16b, v12.16b",SIMD / integer arithmetic,,P,latency,R0,W0,2.999,2.999,3.001,cycles,
abs_16b,"abs v0.16b, v12.16b",SIMD / integer arithmetic,,E,throughput,,,3,2.977,3.001,per cycle,
abs_16b,"abs v0.16b, v12.16b",SIMD / integer arithmetic,,E,latency,R0,W0,3,3,3.017,cycles,
neg_16b,"neg v0.16b, v12.16b",SIMD / integer arithmetic,,P,throughput,,,4.001,3.999,4.002,per cycle,
neg_16b,"neg v0.16b, v12.16b",SIMD / integer arithmetic,,P,latency,R0,W0,2,1.999,2.001,cycles,
neg_16b,"neg v0.16b, v12.16b",SIMD / integer arithmetic,,E,throughput,,,3,2.962,3.001,per cycle,
neg_16b,"neg v0.16b, v12.16b",SIMD / integer arithmetic,,E,latency,R0,W0,2,2,2.006,cycles,
sqadd_16b,"sqadd v0.16b, v12.16b, v13.16b",SIMD / integer arithmetic,,P,throughput,,,4.001,3.999,4.003,per cycle,
sqadd_16b,"sqadd v0.16b, v12.16b, v13.16b",SIMD / integer arithmetic,,P,latency,R0,W0,2.999,2.999,3,cycles,
sqadd_16b,"sqadd v0.16b, v12.16b, v13.16b",SIMD / integer arithmetic,,P,latency,R1,W0,3.001,3,3.001,cycles,
sqadd_16b,"sqadd v0.16b, v12.16b, v13.16b",SIMD / integer arithmetic,,E,throughput,,,3,2.989,3,per cycle,
sqadd_16b,"sqadd v0.16b, v12.16b, v13.16b",SIMD / integer arithmetic,,E,latency,R0,W0,3,2.994,3.001,cycles,
sqadd_16b,"sqadd v0.16b, v12.16b, v13.16b",SIMD / integer arithmetic,,E,latency,R1,W0,3,3,3,cycles,
uqsub_16b,"uqsub v0.16b, v12.16b, v13.16b",SIMD / integer arithmetic,,P,throughput,,,3.999,3.998,4.001,per cycle,
uqsub_16b,"uqsub v0.16b, v12.16b, v13.16b",SIMD / integer arithmetic,,P,latency,R0,W0,3.001,3,3.001,cycles,
uqsub_16b,"uqsub v0.16b, v12.16b, v13.16b",SIMD / integer arithmetic,,P,latency,R1,W0,2.999,2.999,3.001,cycles,
uqsub_16b,"uqsub v0.16b, v12.16b, v13.16b",SIMD / integer arithmetic,,E,throughput,,,3.001,3,3.005,per cycle,
uqsub_16b,"uqsub v0.16b, v12.16b, v13.16b",SIMD / integer arithmetic,,E,latency,R0,W0,3,3,3.004,cycles,
uqsub_16b,"uqsub v0.16b, v12.16b, v13.16b",SIMD / integer arithmetic,,E,latency,R1,W0,3,3,3.01,cycles,
cmeq_16b,"cmeq v0.16b, v12.16b, v13.16b",SIMD / integer arithmetic,,P,throughput,,,4.002,3.999,4.002,per cycle,
cmeq_16b,"cmeq v0.16b, v12.16b, v13.16b",SIMD / integer arithmetic,,P,latency,R0,W0,2,1.999,2.001,cycles,
cmeq_16b,"cmeq v0.16b, v12.16b, v13.16b",SIMD / integer arithmetic,,P,latency,R1,W0,2,1.999,2.001,cycles,
cmeq_16b,"cmeq v0.16b, v12.16b, v13.16b",SIMD / integer arithmetic,,E,throughput,,,3,2.982,3.001,per cycle,
cmeq_16b,"cmeq v0.16b, v12.16b, v13.16b",SIMD / integer arithmetic,,E,latency,R0,W0,2,1.996,2.004,cycles,
cmeq_16b,"cmeq v0.16b, v12.16b, v13.16b",SIMD / integer arithmetic,,E,latency,R1,W0,2,1.999,2.006,cycles,
cmgt_16b,"cmgt v0.16b, v12.16b, v13.16b",SIMD / integer arithmetic,,P,throughput,,,3.999,3.998,4.002,per cycle,
cmgt_16b,"cmgt v0.16b, v12.16b, v13.16b",SIMD / integer arithmetic,,P,latency,R0,W0,2,2,2.001,cycles,
cmgt_16b,"cmgt v0.16b, v12.16b, v13.16b",SIMD / integer arithmetic,,P,latency,R1,W0,2,1.999,2,cycles,
cmgt_16b,"cmgt v0.16b, v12.16b, v13.16b",SIMD / integer arithmetic,,E,throughput,,,2.999,2.965,3,per cycle,
cmgt_16b,"cmgt v0.16b, v12.16b, v13.16b",SIMD / integer arithmetic,,E,latency,R0,W0,2.002,2,2.009,cycles,
cmgt_16b,"cmgt v0.16b, v12.16b, v13.16b",SIMD / integer arithmetic,,E,latency,R1,W0,2,1.997,2.009,cycles,
cmhi_16b,"cmhi v0.16b, v12.16b, v13.16b",SIMD / integer arithmetic,,P,throughput,,,4.001,3.999,4.002,per cycle,
cmhi_16b,"cmhi v0.16b, v12.16b, v13.16b",SIMD / integer arithmetic,,P,latency,R0,W0,2,1.999,2.001,cycles,
cmhi_16b,"cmhi v0.16b, v12.16b, v13.16b",SIMD / integer arithmetic,,P,latency,R1,W0,2,2,2.001,cycles,
cmhi_16b,"cmhi v0.16b, v12.16b, v13.16b",SIMD / integer arithmetic,,E,throughput,,,2.999,2.985,3.001,per cycle,
cmhi_16b,"cmhi v0.16b, v12.16b, v13.16b",SIMD / integer arithmetic,,E,latency,R0,W0,2,2,2.006,cycles,
cmhi_16b,"cmhi v0.16b, v12.16b, v13.16b",SIMD / integer arithmetic,,E,latency,R1,W0,2,1.992,2.001,cycles,
cmeq_16b_zero,"cmeq v0.16b, v12.16b, #0",SIMD / integer arithmetic,,P,throughput,,,3.999,3.998,4.002,per cycle,
cmeq_16b_zero,"cmeq v0.16b, v12.16b, #0",SIMD / integer arithmetic,,P,latency,R0,W0,2,1.999,2.001,cycles,
cmeq_16b_zero,"cmeq v0.16b, v12.16b, #0",SIMD / integer arithmetic,,E,throughput,,,2.997,2.981,3,per cycle,
cmeq_16b_zero,"cmeq v0.16b, v12.16b, #0",SIMD / integer arithmetic,,E,latency,R0,W0,2,1.994,2.045,cycles,
cmtst_16b,"cmtst v0.16b, v12.16b, v13.16b",SIMD / integer arithmetic,,P,throughput,,,3.998,3.998,4.002,per cycle,
cmtst_16b,"cmtst v0.16b, v12.16b, v13.16b",SIMD / integer arithmetic,,P,latency,R0,W0,2,1.999,2.001,cycles,
cmtst_16b,"cmtst v0.16b, v12.16b, v13.16b",SIMD / integer arithmetic,,P,latency,R1,W0,2,1.999,2.001,cycles,
cmtst_16b,"cmtst v0.16b, v12.16b, v13.16b",SIMD / integer arithmetic,,E,throughput,,,3,2.961,3.001,per cycle,
cmtst_16b,"cmtst v0.16b, v12.16b, v13.16b",SIMD / integer arithmetic,,E,latency,R0,W0,2,2,2.014,cycles,
cmtst_16b,"cmtst v0.16b, v12.16b, v13.16b",SIMD / integer arithmetic,,E,latency,R1,W0,2,1.99,2.004,cycles,
sshl_16b,"sshl v0.16b, v12.16b, v13.16b",SIMD / integer arithmetic,,P,throughput,,,4.002,3.998,4.002,per cycle,
sshl_16b,"sshl v0.16b, v12.16b, v13.16b",SIMD / integer arithmetic,,P,latency,R0,W0,2,1.999,2.001,cycles,
sshl_16b,"sshl v0.16b, v12.16b, v13.16b",SIMD / integer arithmetic,,P,latency,R1,W0,2,2,2.001,cycles,
sshl_16b,"sshl v0.16b, v12.16b, v13.16b",SIMD / integer arithmetic,,E,throughput,,,3.001,2.998,3.001,per cycle,
sshl_16b,"sshl v0.16b, v12.16b, v13.16b",SIMD / integer arithmetic,,E,latency,R0,W0,2,2,2.022,cycles,
sshl_16b,"sshl v0.16b, v12.16b, v13.16b",SIMD / integer arithmetic,,E,latency,R1,W0,2.001,2,2.008,cycles,
ushl_16b,"ushl v0.16b, v12.16b, v13.16b",SIMD / integer arithmetic,,P,throughput,,,4.001,3.999,4.002,per cycle,
ushl_16b,"ushl v0.16b, v12.16b, v13.16b",SIMD / integer arithmetic,,P,latency,R0,W0,2,1.999,2,cycles,
ushl_16b,"ushl v0.16b, v12.16b, v13.16b",SIMD / integer arithmetic,,P,latency,R1,W0,2,1.999,2.001,cycles,
ushl_16b,"ushl v0.16b, v12.16b, v13.16b",SIMD / integer arithmetic,,E,throughput,,,3.001,2.992,3.011,per cycle,
ushl_16b,"ushl v0.16b, v12.16b, v13.16b",SIMD / integer arithmetic,,E,latency,R0,W0,2,2,2.005,cycles,
ushl_16b,"ushl v0.16b, v12.16b, v13.16b",SIMD / integer arithmetic,,E,latency,R1,W0,2,1.994,2,cycles,
sqshl_16b,"sqshl v0.16b, v12.16b, v13.16b",SIMD / integer arithmetic,,P,throughput,,,3.999,3.998,4.002,per cycle,
sqshl_16b,"sqshl v0.16b, v12.16b, v13.16b",SIMD / integer arithmetic,,P,latency,R0,W0,2,1.999,2.001,cycles,
sqshl_16b,"sqshl v0.16b, v12.16b, v13.16b",SIMD / integer arithmetic,,P,latency,R1,W0,2,2,2.001,cycles,
sqshl_16b,"sqshl v0.16b, v12.16b, v13.16b",SIMD / integer arithmetic,,E,throughput,,,3,2.987,3.002,per cycle,
sqshl_16b,"sqshl v0.16b, v12.16b, v13.16b",SIMD / integer arithmetic,,E,latency,R0,W0,2,1.999,2.001,cycles,
sqshl_16b,"sqshl v0.16b, v12.16b, v13.16b",SIMD / integer arithmetic,,E,latency,R1,W0,2,1.996,2.004,cycles,
srshl_16b,"srshl v0.16b, v12.16b, v13.16b",SIMD / integer arithmetic,,P,throughput,,,4.002,3.999,4.002,per cycle,
srshl_16b,"srshl v0.16b, v12.16b, v13.16b",SIMD / integer arithmetic,,P,latency,R0,W0,2.999,2.999,3.001,cycles,
srshl_16b,"srshl v0.16b, v12.16b, v13.16b",SIMD / integer arithmetic,,P,latency,R1,W0,3.001,2.999,3.001,cycles,
srshl_16b,"srshl v0.16b, v12.16b, v13.16b",SIMD / integer arithmetic,,E,throughput,,,3,2.999,3.011,per cycle,
srshl_16b,"srshl v0.16b, v12.16b, v13.16b",SIMD / integer arithmetic,,E,latency,R0,W0,3,2.994,3.009,cycles,
srshl_16b,"srshl v0.16b, v12.16b, v13.16b",SIMD / integer arithmetic,,E,latency,R1,W0,3,3,3.003,cycles,
shl_16b,"shl v0.16b, v12.16b, #3",SIMD / integer arithmetic,,P,throughput,,,3.999,3.998,4.002,per cycle,
shl_16b,"shl v0.16b, v12.16b, #3",SIMD / integer arithmetic,,P,latency,R0,W0,2,1.999,2.001,cycles,
shl_16b,"shl v0.16b, v12.16b, #3",SIMD / integer arithmetic,,E,throughput,,,2.999,2.986,3,per cycle,
shl_16b,"shl v0.16b, v12.16b, #3",SIMD / integer arithmetic,,E,latency,R0,W0,2,1.998,2.006,cycles,
sshr_16b,"sshr v0.16b, v12.16b, #3",SIMD / integer arithmetic,,P,throughput,,,3.999,3.998,4.002,per cycle,
sshr_16b,"sshr v0.16b, v12.16b, #3",SIMD / integer arithmetic,,P,latency,R0,W0,2,1.999,2.001,cycles,
sshr_16b,"sshr v0.16b, v12.16b, #3",SIMD / integer arithmetic,,E,throughput,,,3.001,3,3.001,per cycle,
sshr_16b,"sshr v0.16b, v12.16b, #3",SIMD / integer arithmetic,,E,latency,R0,W0,2,1.996,2.001,cycles,
ushr_16b,"ushr v0.16b, v12.16b, #3",SIMD / integer arithmetic,,P,throughput,,,4.002,3.998,4.003,per cycle,
ushr_16b,"ushr v0.16b, v12.16b, #3",SIMD / integer arithmetic,,P,latency,R0,W0,2,1.999,2.001,cycles,
ushr_16b,"ushr v0.16b, v12.16b, #3",SIMD / integer arithmetic,,E,throughput,,,3,2.989,3.007,per cycle,
ushr_16b,"ushr v0.16b, v12.16b, #3",SIMD / integer arithmetic,,E,latency,R0,W0,2,1.997,2.006,cycles,
srshr_16b,"srshr v0.16b, v12.16b, #3",SIMD / integer arithmetic,,P,throughput,,,4,3.998,4.002,per cycle,
srshr_16b,"srshr v0.16b, v12.16b, #3",SIMD / integer arithmetic,,P,latency,R0,W0,3,2.999,3.001,cycles,
srshr_16b,"srshr v0.16b, v12.16b, #3",SIMD / integer arithmetic,,E,throughput,,,3,2.982,3.001,per cycle,
srshr_16b,"srshr v0.16b, v12.16b, #3",SIMD / integer arithmetic,,E,latency,R0,W0,3,3,3.016,cycles,
ssra_16b,"ssra v0.16b, v12.16b, #3",SIMD / integer arithmetic,,P,throughput,,,4.09,3.83,4.172,per cycle,
ssra_16b,"ssra v0.16b, v12.16b, #3",SIMD / integer arithmetic,,P,latency,RW0,RW0,2.999,2.999,3.001,cycles,
ssra_16b,"ssra v0.16b, v12.16b, #3",SIMD / integer arithmetic,,P,latency,R0,RW0,3.001,3,3.001,cycles,tied-with-destination
ssra_16b,"ssra v0.16b, v12.16b, #3",SIMD / integer arithmetic,,E,throughput,,,2.996,2.993,3,per cycle,
ssra_16b,"ssra v0.16b, v12.16b, #3",SIMD / integer arithmetic,,E,latency,RW0,RW0,3,2.999,3.013,cycles,
ssra_16b,"ssra v0.16b, v12.16b, #3",SIMD / integer arithmetic,,E,latency,R0,RW0,3,3,3.026,cycles,tied-with-destination
usra_16b,"usra v0.16b, v12.16b, #3",SIMD / integer arithmetic,,P,throughput,,,3.409,3.328,4.138,per cycle,
usra_16b,"usra v0.16b, v12.16b, #3",SIMD / integer arithmetic,,P,latency,RW0,RW0,2.999,2.999,3.001,cycles,
usra_16b,"usra v0.16b, v12.16b, #3",SIMD / integer arithmetic,,P,latency,R0,RW0,3.001,3,3.002,cycles,tied-with-destination
usra_16b,"usra v0.16b, v12.16b, #3",SIMD / integer arithmetic,,E,throughput,,,3,2.983,3.002,per cycle,
usra_16b,"usra v0.16b, v12.16b, #3",SIMD / integer arithmetic,,E,latency,RW0,RW0,3,3,3.008,cycles,
usra_16b,"usra v0.16b, v12.16b, #3",SIMD / integer arithmetic,,E,latency,R0,RW0,3,3,3.004,cycles,tied-with-destination
sli_16b,"sli v0.16b, v12.16b, #3",SIMD / integer arithmetic,,P,throughput,,,3.398,3.034,4.564,per cycle,
sli_16b,"sli v0.16b, v12.16b, #3",SIMD / integer arithmetic,,P,latency,RW0,RW0,2,2,2.001,cycles,
sli_16b,"sli v0.16b, v12.16b, #3",SIMD / integer arithmetic,,P,latency,R0,RW0,2,2,2.001,cycles,tied-with-destination
sli_16b,"sli v0.16b, v12.16b, #3",SIMD / integer arithmetic,,E,throughput,,,2.999,2.992,3.002,per cycle,
sli_16b,"sli v0.16b, v12.16b, #3",SIMD / integer arithmetic,,E,latency,RW0,RW0,1.999,1.992,2,cycles,
sli_16b,"sli v0.16b, v12.16b, #3",SIMD / integer arithmetic,,E,latency,R0,RW0,2,1.998,2.008,cycles,tied-with-destination
sri_16b,"sri v0.16b, v12.16b, #3",SIMD / integer arithmetic,,P,throughput,,,3.383,3.327,3.887,per cycle,
sri_16b,"sri v0.16b, v12.16b, #3",SIMD / integer arithmetic,,P,latency,RW0,RW0,2,2,2.001,cycles,
sri_16b,"sri v0.16b, v12.16b, #3",SIMD / integer arithmetic,,P,latency,R0,RW0,2,1.999,2.001,cycles,tied-with-destination
sri_16b,"sri v0.16b, v12.16b, #3",SIMD / integer arithmetic,,E,throughput,,,3.001,2.981,3.004,per cycle,
sri_16b,"sri v0.16b, v12.16b, #3",SIMD / integer arithmetic,,E,latency,RW0,RW0,2,2,2.004,cycles,
sri_16b,"sri v0.16b, v12.16b, #3",SIMD / integer arithmetic,,E,latency,R0,RW0,2,1.999,2.009,cycles,tied-with-destination
add_8h,"add v0.8h, v12.8h, v13.8h",SIMD / integer arithmetic,,P,throughput,,,4.176,3.981,4.235,per cycle,
add_8h,"add v0.8h, v12.8h, v13.8h",SIMD / integer arithmetic,,P,latency,R0,W0,2,2,2.001,cycles,
add_8h,"add v0.8h, v12.8h, v13.8h",SIMD / integer arithmetic,,P,latency,R1,W0,2,1.999,2,cycles,
add_8h,"add v0.8h, v12.8h, v13.8h",SIMD / integer arithmetic,,E,throughput,,,3,2.998,3.002,per cycle,
add_8h,"add v0.8h, v12.8h, v13.8h",SIMD / integer arithmetic,,E,latency,R0,W0,2,2,2.008,cycles,
add_8h,"add v0.8h, v12.8h, v13.8h",SIMD / integer arithmetic,,E,latency,R1,W0,2,2,2.002,cycles,
sub_8h,"sub v0.8h, v12.8h, v13.8h",SIMD / integer arithmetic,,P,throughput,,,4.001,3.997,4.002,per cycle,
sub_8h,"sub v0.8h, v12.8h, v13.8h",SIMD / integer arithmetic,,P,latency,R0,W0,2,2,2,cycles,
sub_8h,"sub v0.8h, v12.8h, v13.8h",SIMD / integer arithmetic,,P,latency,R1,W0,2,2,2.001,cycles,
sub_8h,"sub v0.8h, v12.8h, v13.8h",SIMD / integer arithmetic,,E,throughput,,,3,3,3.008,per cycle,
sub_8h,"sub v0.8h, v12.8h, v13.8h",SIMD / integer arithmetic,,E,latency,R0,W0,2,1.999,2.005,cycles,
sub_8h,"sub v0.8h, v12.8h, v13.8h",SIMD / integer arithmetic,,E,latency,R1,W0,2.001,2,2.011,cycles,
abs_8h,"abs v0.8h, v12.8h",SIMD / integer arithmetic,,P,throughput,,,4,3.997,4.002,per cycle,
abs_8h,"abs v0.8h, v12.8h",SIMD / integer arithmetic,,P,latency,R0,W0,3,2.999,3.001,cycles,
abs_8h,"abs v0.8h, v12.8h",SIMD / integer arithmetic,,E,throughput,,,3,2.985,3.016,per cycle,
abs_8h,"abs v0.8h, v12.8h",SIMD / integer arithmetic,,E,latency,R0,W0,3,3,3.011,cycles,
neg_8h,"neg v0.8h, v12.8h",SIMD / integer arithmetic,,P,throughput,,,4,3.999,4.002,per cycle,
neg_8h,"neg v0.8h, v12.8h",SIMD / integer arithmetic,,P,latency,R0,W0,2,1.999,2.001,cycles,
neg_8h,"neg v0.8h, v12.8h",SIMD / integer arithmetic,,E,throughput,,,3.001,2.999,3.017,per cycle,
neg_8h,"neg v0.8h, v12.8h",SIMD / integer arithmetic,,E,latency,R0,W0,2,2,2.002,cycles,
sqadd_8h,"sqadd v0.8h, v12.8h, v13.8h",SIMD / integer arithmetic,,P,throughput,,,4.002,3.999,4.002,per cycle,
sqadd_8h,"sqadd v0.8h, v12.8h, v13.8h",SIMD / integer arithmetic,,P,latency,R0,W0,2.999,2.999,3.001,cycles,
sqadd_8h,"sqadd v0.8h, v12.8h, v13.8h",SIMD / integer arithmetic,,P,latency,R1,W0,2.999,2.999,3.001,cycles,
sqadd_8h,"sqadd v0.8h, v12.8h, v13.8h",SIMD / integer arithmetic,,E,throughput,,,3,2.988,3.003,per cycle,
sqadd_8h,"sqadd v0.8h, v12.8h, v13.8h",SIMD / integer arithmetic,,E,latency,R0,W0,3,2.998,3.01,cycles,
sqadd_8h,"sqadd v0.8h, v12.8h, v13.8h",SIMD / integer arithmetic,,E,latency,R1,W0,3,2.993,3.001,cycles,
uqsub_8h,"uqsub v0.8h, v12.8h, v13.8h",SIMD / integer arithmetic,,P,throughput,,,4.001,3.999,4.002,per cycle,
uqsub_8h,"uqsub v0.8h, v12.8h, v13.8h",SIMD / integer arithmetic,,P,latency,R0,W0,2.999,2.998,3.001,cycles,
uqsub_8h,"uqsub v0.8h, v12.8h, v13.8h",SIMD / integer arithmetic,,P,latency,R1,W0,3,2.999,3.001,cycles,
uqsub_8h,"uqsub v0.8h, v12.8h, v13.8h",SIMD / integer arithmetic,,E,throughput,,,3.002,2.998,3.006,per cycle,
uqsub_8h,"uqsub v0.8h, v12.8h, v13.8h",SIMD / integer arithmetic,,E,latency,R0,W0,3.001,2.999,3.009,cycles,
uqsub_8h,"uqsub v0.8h, v12.8h, v13.8h",SIMD / integer arithmetic,,E,latency,R1,W0,3,2.993,3.012,cycles,
cmeq_8h,"cmeq v0.8h, v12.8h, v13.8h",SIMD / integer arithmetic,,P,throughput,,,3.999,3.999,4.002,per cycle,
cmeq_8h,"cmeq v0.8h, v12.8h, v13.8h",SIMD / integer arithmetic,,P,latency,R0,W0,2,1.999,2.001,cycles,
cmeq_8h,"cmeq v0.8h, v12.8h, v13.8h",SIMD / integer arithmetic,,P,latency,R1,W0,2,1.999,2.001,cycles,
cmeq_8h,"cmeq v0.8h, v12.8h, v13.8h",SIMD / integer arithmetic,,E,throughput,,,2.999,2.996,3.018,per cycle,
cmeq_8h,"cmeq v0.8h, v12.8h, v13.8h",SIMD / integer arithmetic,,E,latency,R0,W0,2,1.996,2.008,cycles,
cmeq_8h,"cmeq v0.8h, v12.8h, v13.8h",SIMD / integer arithmetic,,E,latency,R1,W0,2,1.996,2.007,cycles,
cmgt_8h,"cmgt v0.8h, v12.8h, v13.8h",SIMD / integer arithmetic,,P,throughput,,,4.001,3.999,4.002,per cycle,
cmgt_8h,"cmgt v0.8h, v12.8h, v13.8h",SIMD / integer arithmetic,,P,latency,R0,W0,2,1.999,2.001,cycles,
cmgt_8h,"cmgt v0.8h, v12.8h, v13.8h",SIMD / integer arithmetic,,P,latency,R1,W0,2,1.999,2.001,cycles,
cmgt_8h,"cmgt v0.8h, v12.8h, v13.8h",SIMD / integer arithmetic,,E,throughput,,,3,2.983,3.001,per cycle,
cmgt_8h,"cmgt v0.8h, v12.8h, v13.8h",SIMD / integer arithmetic,,E,latency,R0,W0,2,1.998,2.001,cycles,
cmgt_8h,"cmgt v0.8h, v12.8h, v13.8h",SIMD / integer arithmetic,,E,latency,R1,W0,2,1.999,2.003,cycles,
cmhi_8h,"cmhi v0.8h, v12.8h, v13.8h",SIMD / integer arithmetic,,P,throughput,,,4.001,3.999,4.002,per cycle,
cmhi_8h,"cmhi v0.8h, v12.8h, v13.8h",SIMD / integer arithmetic,,P,latency,R0,W0,2,2,2.001,cycles,
cmhi_8h,"cmhi v0.8h, v12.8h, v13.8h",SIMD / integer arithmetic,,P,latency,R1,W0,2,1.999,2.001,cycles,
cmhi_8h,"cmhi v0.8h, v12.8h, v13.8h",SIMD / integer arithmetic,,E,throughput,,,3,3,3.003,per cycle,
cmhi_8h,"cmhi v0.8h, v12.8h, v13.8h",SIMD / integer arithmetic,,E,latency,R0,W0,2,1.997,2.004,cycles,
cmhi_8h,"cmhi v0.8h, v12.8h, v13.8h",SIMD / integer arithmetic,,E,latency,R1,W0,2,1.999,2.002,cycles,
cmeq_8h_zero,"cmeq v0.8h, v12.8h, #0",SIMD / integer arithmetic,,P,throughput,,,4,3.998,4.002,per cycle,
cmeq_8h_zero,"cmeq v0.8h, v12.8h, #0",SIMD / integer arithmetic,,P,latency,R0,W0,2,2,2.001,cycles,
cmeq_8h_zero,"cmeq v0.8h, v12.8h, #0",SIMD / integer arithmetic,,E,throughput,,,2.998,2.947,2.999,per cycle,
cmeq_8h_zero,"cmeq v0.8h, v12.8h, #0",SIMD / integer arithmetic,,E,latency,R0,W0,2,1.999,2.007,cycles,
cmtst_8h,"cmtst v0.8h, v12.8h, v13.8h",SIMD / integer arithmetic,,P,throughput,,,4.001,3.999,4.002,per cycle,
cmtst_8h,"cmtst v0.8h, v12.8h, v13.8h",SIMD / integer arithmetic,,P,latency,R0,W0,2,1.999,2.001,cycles,
cmtst_8h,"cmtst v0.8h, v12.8h, v13.8h",SIMD / integer arithmetic,,P,latency,R1,W0,2,1.999,2.001,cycles,
cmtst_8h,"cmtst v0.8h, v12.8h, v13.8h",SIMD / integer arithmetic,,E,throughput,,,3,2.998,3.022,per cycle,
cmtst_8h,"cmtst v0.8h, v12.8h, v13.8h",SIMD / integer arithmetic,,E,latency,R0,W0,2.001,2,2.008,cycles,
cmtst_8h,"cmtst v0.8h, v12.8h, v13.8h",SIMD / integer arithmetic,,E,latency,R1,W0,2,1.998,2,cycles,
sshl_8h,"sshl v0.8h, v12.8h, v13.8h",SIMD / integer arithmetic,,P,throughput,,,3.999,3.998,4.002,per cycle,
sshl_8h,"sshl v0.8h, v12.8h, v13.8h",SIMD / integer arithmetic,,P,latency,R0,W0,2,2,2.001,cycles,
sshl_8h,"sshl v0.8h, v12.8h, v13.8h",SIMD / integer arithmetic,,P,latency,R1,W0,2,1.999,2.001,cycles,
sshl_8h,"sshl v0.8h, v12.8h, v13.8h",SIMD / integer arithmetic,,E,throughput,,,3,2.999,3.002,per cycle,
sshl_8h,"sshl v0.8h, v12.8h, v13.8h",SIMD / integer arithmetic,,E,latency,R0,W0,2,1.999,2.004,cycles,
sshl_8h,"sshl v0.8h, v12.8h, v13.8h",SIMD / integer arithmetic,,E,latency,R1,W0,2,2,2.01,cycles,
ushl_8h,"ushl v0.8h, v12.8h, v13.8h",SIMD / integer arithmetic,,P,throughput,,,4,3.998,4.002,per cycle,
ushl_8h,"ushl v0.8h, v12.8h, v13.8h",SIMD / integer arithmetic,,P,latency,R0,W0,2,1.999,2.001,cycles,
ushl_8h,"ushl v0.8h, v12.8h, v13.8h",SIMD / integer arithmetic,,P,latency,R1,W0,2.001,2,2.001,cycles,
ushl_8h,"ushl v0.8h, v12.8h, v13.8h",SIMD / integer arithmetic,,E,throughput,,,3,2.983,3.003,per cycle,
ushl_8h,"ushl v0.8h, v12.8h, v13.8h",SIMD / integer arithmetic,,E,latency,R0,W0,2,1.975,2.002,cycles,
ushl_8h,"ushl v0.8h, v12.8h, v13.8h",SIMD / integer arithmetic,,E,latency,R1,W0,2,2,2.004,cycles,
sqshl_8h,"sqshl v0.8h, v12.8h, v13.8h",SIMD / integer arithmetic,,P,throughput,,,3.999,3.997,4.002,per cycle,
sqshl_8h,"sqshl v0.8h, v12.8h, v13.8h",SIMD / integer arithmetic,,P,latency,R0,W0,2,1.999,2.001,cycles,
sqshl_8h,"sqshl v0.8h, v12.8h, v13.8h",SIMD / integer arithmetic,,P,latency,R1,W0,2,1.999,2.001,cycles,
sqshl_8h,"sqshl v0.8h, v12.8h, v13.8h",SIMD / integer arithmetic,,E,throughput,,,3,2.996,3.007,per cycle,
sqshl_8h,"sqshl v0.8h, v12.8h, v13.8h",SIMD / integer arithmetic,,E,latency,R0,W0,2,2,2.001,cycles,
sqshl_8h,"sqshl v0.8h, v12.8h, v13.8h",SIMD / integer arithmetic,,E,latency,R1,W0,2,1.996,2.012,cycles,
srshl_8h,"srshl v0.8h, v12.8h, v13.8h",SIMD / integer arithmetic,,P,throughput,,,4.002,3.998,4.002,per cycle,
srshl_8h,"srshl v0.8h, v12.8h, v13.8h",SIMD / integer arithmetic,,P,latency,R0,W0,2.999,2.999,3.001,cycles,
srshl_8h,"srshl v0.8h, v12.8h, v13.8h",SIMD / integer arithmetic,,P,latency,R1,W0,3.001,2.999,3.001,cycles,
srshl_8h,"srshl v0.8h, v12.8h, v13.8h",SIMD / integer arithmetic,,E,throughput,,,3,2.999,3.007,per cycle,
srshl_8h,"srshl v0.8h, v12.8h, v13.8h",SIMD / integer arithmetic,,E,latency,R0,W0,3,2.989,3.001,cycles,
srshl_8h,"srshl v0.8h, v12.8h, v13.8h",SIMD / integer arithmetic,,E,latency,R1,W0,3,2.985,3.007,cycles,
shl_8h,"shl v0.8h, v12.8h, #3",SIMD / integer arithmetic,,P,throughput,,,4,3.998,4.002,per cycle,
shl_8h,"shl v0.8h, v12.8h, #3",SIMD / integer arithmetic,,P,latency,R0,W0,2,1.999,2.001,cycles,
shl_8h,"shl v0.8h, v12.8h, #3",SIMD / integer arithmetic,,E,throughput,,,3,2.991,3,per cycle,
shl_8h,"shl v0.8h, v12.8h, #3",SIMD / integer arithmetic,,E,latency,R0,W0,2.001,2,2.003,cycles,
sshr_8h,"sshr v0.8h, v12.8h, #3",SIMD / integer arithmetic,,P,throughput,,,3.999,3.998,4.003,per cycle,
sshr_8h,"sshr v0.8h, v12.8h, #3",SIMD / integer arithmetic,,P,latency,R0,W0,2,1.999,2,cycles,
sshr_8h,"sshr v0.8h, v12.8h, #3",SIMD / integer arithmetic,,E,throughput,,,3.001,2.998,3.007,per cycle,
sshr_8h,"sshr v0.8h, v12.8h, #3",SIMD / integer arithmetic,,E,latency,R0,W0,2,1.999,2,cycles,
ushr_8h,"ushr v0.8h, v12.8h, #3",SIMD / integer arithmetic,,P,throughput,,,3.999,3.998,4.002,per cycle,
ushr_8h,"ushr v0.8h, v12.8h, #3",SIMD / integer arithmetic,,P,latency,R0,W0,2.001,2,2.001,cycles,
ushr_8h,"ushr v0.8h, v12.8h, #3",SIMD / integer arithmetic,,E,throughput,,,2.999,2.995,3,per cycle,
ushr_8h,"ushr v0.8h, v12.8h, #3",SIMD / integer arithmetic,,E,latency,R0,W0,2,1.999,2.01,cycles,
srshr_8h,"srshr v0.8h, v12.8h, #3",SIMD / integer arithmetic,,P,throughput,,,3.999,3.998,4.002,per cycle,
srshr_8h,"srshr v0.8h, v12.8h, #3",SIMD / integer arithmetic,,P,latency,R0,W0,3.001,2.999,3.001,cycles,
srshr_8h,"srshr v0.8h, v12.8h, #3",SIMD / integer arithmetic,,E,throughput,,,3,2.941,3.002,per cycle,
srshr_8h,"srshr v0.8h, v12.8h, #3",SIMD / integer arithmetic,,E,latency,R0,W0,3,2.997,3,cycles,
ssra_8h,"ssra v0.8h, v12.8h, #3",SIMD / integer arithmetic,,P,throughput,,,3.901,3.735,4.071,per cycle,
ssra_8h,"ssra v0.8h, v12.8h, #3",SIMD / integer arithmetic,,P,latency,RW0,RW0,2.999,2.998,3.001,cycles,
ssra_8h,"ssra v0.8h, v12.8h, #3",SIMD / integer arithmetic,,P,latency,R0,RW0,3.001,2.998,3.001,cycles,tied-with-destination
ssra_8h,"ssra v0.8h, v12.8h, #3",SIMD / integer arithmetic,,E,throughput,,,3,2.993,3.004,per cycle,
ssra_8h,"ssra v0.8h, v12.8h, #3",SIMD / integer arithmetic,,E,latency,RW0,RW0,3.001,3,3.008,cycles,
ssra_8h,"ssra v0.8h, v12.8h, #3",SIMD / integer arithmetic,,E,latency,R0,RW0,3,2.998,3.01,cycles,tied-with-destination
usra_8h,"usra v0.8h, v12.8h, #3",SIMD / integer arithmetic,,P,throughput,,,4.048,3.986,4.089,per cycle,
usra_8h,"usra v0.8h, v12.8h, #3",SIMD / integer arithmetic,,P,latency,RW0,RW0,3.001,3,3.001,cycles,
usra_8h,"usra v0.8h, v12.8h, #3",SIMD / integer arithmetic,,P,latency,R0,RW0,2.999,2.998,2.999,cycles,tied-with-destination
usra_8h,"usra v0.8h, v12.8h, #3",SIMD / integer arithmetic,,E,throughput,,,3,2.999,3.013,per cycle,
usra_8h,"usra v0.8h, v12.8h, #3",SIMD / integer arithmetic,,E,latency,RW0,RW0,3.001,2.998,3.017,cycles,
usra_8h,"usra v0.8h, v12.8h, #3",SIMD / integer arithmetic,,E,latency,R0,RW0,3,2.981,3.012,cycles,tied-with-destination
sli_8h,"sli v0.8h, v12.8h, #3",SIMD / integer arithmetic,,P,throughput,,,3.925,3.409,4.179,per cycle,
sli_8h,"sli v0.8h, v12.8h, #3",SIMD / integer arithmetic,,P,latency,RW0,RW0,2,1.999,2.001,cycles,
sli_8h,"sli v0.8h, v12.8h, #3",SIMD / integer arithmetic,,P,latency,R0,RW0,2,1.999,2,cycles,tied-with-destination
sli_8h,"sli v0.8h, v12.8h, #3",SIMD / integer arithmetic,,E,throughput,,,2.998,2.945,3.001,per cycle,
sli_8h,"sli v0.8h, v12.8h, #3",SIMD / integer arithmetic,,E,latency,RW0,RW0,2.001,2,2.003,cycles,
sli_8h,"sli v0.8h, v12.8h, #3",SIMD / integer arithmetic,,E,latency,R0,RW0,2.001,1.992,2.034,cycles,tied-with-destination
sri_8h,"sri v0.8h, v12.8h, #3",SIMD / integer arithmetic,,P,throughput,,,3.862,3.316,4.34,per cycle,
sri_8h,"sri v0.8h, v12.8h, #3",SIMD / integer arithmetic,,P,latency,RW0,RW0,2,2,2.001,cycles,
sri_8h,"sri v0.8h, v12.8h, #3",SIMD / integer arithmetic,,P,latency,R0,RW0,2,1.999,2.001,cycles,tied-with-destination
sri_8h,"sri v0.8h, v12.8h, #3",SIMD / integer arithmetic,,E,throughput,,,2.999,2.992,3.001,per cycle,
sri_8h,"sri v0.8h, v12.8h, #3",SIMD / integer arithmetic,,E,latency,RW0,RW0,2,1.985,2.006,cycles,
sri_8h,"sri v0.8h, v12.8h, #3",SIMD / integer arithmetic,,E,latency,R0,RW0,2,1.993,2.008,cycles,tied-with-destination
add_4s,"add v0.4s, v12.4s, v13.4s",SIMD / integer arithmetic,,P,throughput,,,4.153,4.11,4.751,per cycle,
add_4s,"add v0.4s, v12.4s, v13.4s",SIMD / integer arithmetic,,P,latency,R0,W0,2.001,2,2.001,cycles,
add_4s,"add v0.4s, v12.4s, v13.4s",SIMD / integer arithmetic,,P,latency,R1,W0,2,1.999,2.001,cycles,
add_4s,"add v0.4s, v12.4s, v13.4s",SIMD / integer arithmetic,,E,throughput,,,3.001,2.953,3.014,per cycle,
add_4s,"add v0.4s, v12.4s, v13.4s",SIMD / integer arithmetic,,E,latency,R0,W0,2,2,2.027,cycles,
add_4s,"add v0.4s, v12.4s, v13.4s",SIMD / integer arithmetic,,E,latency,R1,W0,2.001,2,2.033,cycles,
sub_4s,"sub v0.4s, v12.4s, v13.4s",SIMD / integer arithmetic,,P,throughput,,,3.999,3.998,4.002,per cycle,
sub_4s,"sub v0.4s, v12.4s, v13.4s",SIMD / integer arithmetic,,P,latency,R0,W0,2.001,1.999,2.001,cycles,
sub_4s,"sub v0.4s, v12.4s, v13.4s",SIMD / integer arithmetic,,P,latency,R1,W0,1.999,1.999,2.001,cycles,
sub_4s,"sub v0.4s, v12.4s, v13.4s",SIMD / integer arithmetic,,E,throughput,,,2.998,2.992,3,per cycle,
sub_4s,"sub v0.4s, v12.4s, v13.4s",SIMD / integer arithmetic,,E,latency,R0,W0,2.001,2,2.008,cycles,
sub_4s,"sub v0.4s, v12.4s, v13.4s",SIMD / integer arithmetic,,E,latency,R1,W0,2,1.998,2.001,cycles,
abs_4s,"abs v0.4s, v12.4s",SIMD / integer arithmetic,,P,throughput,,,4.002,3.998,4.002,per cycle,
abs_4s,"abs v0.4s, v12.4s",SIMD / integer arithmetic,,P,latency,R0,W0,3,2.999,3.001,cycles,
abs_4s,"abs v0.4s, v12.4s",SIMD / integer arithmetic,,E,throughput,,,3.001,2.986,3.025,per cycle,
abs_4s,"abs v0.4s, v12.4s",SIMD / integer arithmetic,,E,latency,R0,W0,3,2.999,3.015,cycles,
neg_4s,"neg v0.4s, v12.4s",SIMD / integer arithmetic,,P,throughput,,,4.001,3.999,4.002,per cycle,
neg_4s,"neg v0.4s, v12.4s",SIMD / integer arithmetic,,P,latency,R0,W0,2,1.999,2,cycles,
neg_4s,"neg v0.4s, v12.4s",SIMD / integer arithmetic,,E,throughput,,,3,2.988,3.001,per cycle,
neg_4s,"neg v0.4s, v12.4s",SIMD / integer arithmetic,,E,latency,R0,W0,2.001,1.999,2.018,cycles,
sqadd_4s,"sqadd v0.4s, v12.4s, v13.4s",SIMD / integer arithmetic,,P,throughput,,,3.999,3.998,4.002,per cycle,
sqadd_4s,"sqadd v0.4s, v12.4s, v13.4s",SIMD / integer arithmetic,,P,latency,R0,W0,3,2.999,3.001,cycles,
sqadd_4s,"sqadd v0.4s, v12.4s, v13.4s",SIMD / integer arithmetic,,P,latency,R1,W0,3,2.999,3.001,cycles,
sqadd_4s,"sqadd v0.4s, v12.4s, v13.4s",SIMD / integer arithmetic,,E,throughput,,,3.001,2.939,3.005,per cycle,
sqadd_4s,"sqadd v0.4s, v12.4s, v13.4s",SIMD / integer arithmetic,,E,latency,R0,W0,3.001,2.998,3.007,cycles,
sqadd_4s,"sqadd v0.4s, v12.4s, v13.4s",SIMD / integer arithmetic,,E,latency,R1,W0,3,3,3.016,cycles,
uqsub_4s,"uqsub v0.4s, v12.4s, v13.4s",SIMD / integer arithmetic,,P,throughput,,,3.998,3.994,4.003,per cycle,
uqsub_4s,"uqsub v0.4s, v12.4s, v13.4s",SIMD / integer arithmetic,,P,latency,R0,W0,3,2.997,3,cycles,
uqsub_4s,"uqsub v0.4s, v12.4s, v13.4s",SIMD / integer arithmetic,,P,latency,R1,W0,3,2.997,3.001,cycles,
uqsub_4s,"uqsub v0.4s, v12.4s, v13.4s",SIMD / integer arithmetic,,E,throughput,,,3.001,2.996,3.01,per cycle,
uqsub_4s,"uqsub v0.4s, v12.4s, v13.4s",SIMD / integer arithmetic,,E,latency,R0,W0,3,2.998,3.011,cycles,
uqsub_4s,"uqsub v0.4s, v12.4s, v13.4s",SIMD / integer arithmetic,,E,latency,R1,W0,2.999,2.998,3.012,cycles,
cmeq_4s,"cmeq v0.4s, v12.4s, v13.4s",SIMD / integer arithmetic,,P,throughput,,,3.999,3.998,4.002,per cycle,
cmeq_4s,"cmeq v0.4s, v12.4s, v13.4s",SIMD / integer arithmetic,,P,latency,R0,W0,2,1.999,2.001,cycles,
cmeq_4s,"cmeq v0.4s, v12.4s, v13.4s",SIMD / integer arithmetic,,P,latency,R1,W0,2.001,2,2.002,cycles,
cmeq_4s,"cmeq v0.4s, v12.4s, v13.4s",SIMD / integer arithmetic,,E,throughput,,,2.997,2.894,3.02,per cycle,
cmeq_4s,"cmeq v0.4s, v12.4s, v13.4s",SIMD / integer arithmetic,,E,latency,R0,W0,2.001,1.995,2.06,cycles,
cmeq_4s,"cmeq v0.4s, v12.4s, v13.4s",SIMD / integer arithmetic,,E,latency,R1,W0,2,1.995,2.033,cycles,
cmgt_4s,"cmgt v0.4s, v12.4s, v13.4s",SIMD / integer arithmetic,,P,throughput,,,3.999,3.998,4.004,per cycle,
cmgt_4s,"cmgt v0.4s, v12.4s, v13.4s",SIMD / integer arithmetic,,P,latency,R0,W0,2.001,2,2.002,cycles,
cmgt_4s,"cmgt v0.4s, v12.4s, v13.4s",SIMD / integer arithmetic,,P,latency,R1,W0,2,1.998,2,cycles,
cmgt_4s,"cmgt v0.4s, v12.4s, v13.4s",SIMD / integer arithmetic,,E,throughput,,,3,2.973,3.005,per cycle,
cmgt_4s,"cmgt v0.4s, v12.4s, v13.4s",SIMD / integer arithmetic,,E,latency,R0,W0,2,1.999,2.003,cycles,
cmgt_4s,"cmgt v0.4s, v12.4s, v13.4s",SIMD / integer arithmetic,,E,latency,R1,W0,2,1.999,2.01,cycles,
cmhi_4s,"cmhi v0.4s, v12.4s, v13.4s",SIMD / integer arithmetic,,P,throughput,,,4.002,3.998,4.003,per cycle,
cmhi_4s,"cmhi v0.4s, v12.4s, v13.4s",SIMD / integer arithmetic,,P,latency,R0,W0,2,1.999,2,cycles,
cmhi_4s,"cmhi v0.4s, v12.4s, v13.4s",SIMD / integer arithmetic,,P,latency,R1,W0,2.001,1.999,2.002,cycles,
cmhi_4s,"cmhi v0.4s, v12.4s, v13.4s",SIMD / integer arithmetic,,E,throughput,,,2.992,2.978,3,per cycle,
cmhi_4s,"cmhi v0.4s, v12.4s, v13.4s",SIMD / integer arithmetic,,E,latency,R0,W0,2,2,2.005,cycles,
cmhi_4s,"cmhi v0.4s, v12.4s, v13.4s",SIMD / integer arithmetic,,E,latency,R1,W0,2,1.996,2.001,cycles,
cmeq_4s_zero,"cmeq v0.4s, v12.4s, #0",SIMD / integer arithmetic,,P,throughput,,,3.999,3.999,4.001,per cycle,
cmeq_4s_zero,"cmeq v0.4s, v12.4s, #0",SIMD / integer arithmetic,,P,latency,R0,W0,2,2,2.001,cycles,
cmeq_4s_zero,"cmeq v0.4s, v12.4s, #0",SIMD / integer arithmetic,,E,throughput,,,2.998,2.988,3.001,per cycle,
cmeq_4s_zero,"cmeq v0.4s, v12.4s, #0",SIMD / integer arithmetic,,E,latency,R0,W0,2,1.998,2.008,cycles,
cmtst_4s,"cmtst v0.4s, v12.4s, v13.4s",SIMD / integer arithmetic,,P,throughput,,,3.999,3.998,4.004,per cycle,
cmtst_4s,"cmtst v0.4s, v12.4s, v13.4s",SIMD / integer arithmetic,,P,latency,R0,W0,2.001,2,2.002,cycles,
cmtst_4s,"cmtst v0.4s, v12.4s, v13.4s",SIMD / integer arithmetic,,P,latency,R1,W0,1.999,1.998,1.999,cycles,
cmtst_4s,"cmtst v0.4s, v12.4s, v13.4s",SIMD / integer arithmetic,,E,throughput,,,2.998,2.949,2.999,per cycle,
cmtst_4s,"cmtst v0.4s, v12.4s, v13.4s",SIMD / integer arithmetic,,E,latency,R0,W0,2,2,2.02,cycles,
cmtst_4s,"cmtst v0.4s, v12.4s, v13.4s",SIMD / integer arithmetic,,E,latency,R1,W0,2,1.999,2.004,cycles,
sshl_4s,"sshl v0.4s, v12.4s, v13.4s",SIMD / integer arithmetic,,P,throughput,,,4.002,3.997,4.002,per cycle,
sshl_4s,"sshl v0.4s, v12.4s, v13.4s",SIMD / integer arithmetic,,P,latency,R0,W0,1.999,1.999,2.001,cycles,
sshl_4s,"sshl v0.4s, v12.4s, v13.4s",SIMD / integer arithmetic,,P,latency,R1,W0,2.001,2,2.001,cycles,
sshl_4s,"sshl v0.4s, v12.4s, v13.4s",SIMD / integer arithmetic,,E,throughput,,,2.999,2.992,3.001,per cycle,
sshl_4s,"sshl v0.4s, v12.4s, v13.4s",SIMD / integer arithmetic,,E,latency,R0,W0,2,1.996,2.008,cycles,
sshl_4s,"sshl v0.4s, v12.4s, v13.4s",SIMD / integer arithmetic,,E,latency,R1,W0,2,2,2.006,cycles,
ushl_4s,"ushl v0.4s, v12.4s, v13.4s",SIMD / integer arithmetic,,P,throughput,,,3.999,3.998,4.004,per cycle,
ushl_4s,"ushl v0.4s, v12.4s, v13.4s",SIMD / integer arithmetic,,P,latency,R0,W0,2,1.999,2.001,cycles,
ushl_4s,"ushl v0.4s, v12.4s, v13.4s",SIMD / integer arithmetic,,P,latency,R1,W0,2,1.999,2.001,cycles,
ushl_4s,"ushl v0.4s, v12.4s, v13.4s",SIMD / integer arithmetic,,E,throughput,,,3.001,2.984,3.011,per cycle,
ushl_4s,"ushl v0.4s, v12.4s, v13.4s",SIMD / integer arithmetic,,E,latency,R0,W0,2,1.999,2.017,cycles,
ushl_4s,"ushl v0.4s, v12.4s, v13.4s",SIMD / integer arithmetic,,E,latency,R1,W0,2.001,2,2.031,cycles,
sqshl_4s,"sqshl v0.4s, v12.4s, v13.4s",SIMD / integer arithmetic,,P,throughput,,,4.002,3.998,4.351,per cycle,
sqshl_4s,"sqshl v0.4s, v12.4s, v13.4s",SIMD / integer arithmetic,,P,latency,R0,W0,2,1.999,2.001,cycles,
sqshl_4s,"sqshl v0.4s, v12.4s, v13.4s",SIMD / integer arithmetic,,P,latency,R1,W0,2,2,2.001,cycles,
sqshl_4s,"sqshl v0.4s, v12.4s, v13.4s",SIMD / integer arithmetic,,E,throughput,,,3.001,2.999,3.004,per cycle,
sqshl_4s,"sqshl v0.4s, v12.4s, v13.4s",SIMD / integer arithmetic,,E,latency,R0,W0,2,2,2.004,cycles,
sqshl_4s,"sqshl v0.4s, v12.4s, v13.4s",SIMD / integer arithmetic,,E,latency,R1,W0,2,2,2.006,cycles,
srshl_4s,"srshl v0.4s, v12.4s, v13.4s",SIMD / integer arithmetic,,P,throughput,,,3.999,3.998,4.002,per cycle,
srshl_4s,"srshl v0.4s, v12.4s, v13.4s",SIMD / integer arithmetic,,P,latency,R0,W0,3.001,3,3.001,cycles,
srshl_4s,"srshl v0.4s, v12.4s, v13.4s",SIMD / integer arithmetic,,P,latency,R1,W0,3,2.999,3,cycles,
srshl_4s,"srshl v0.4s, v12.4s, v13.4s",SIMD / integer arithmetic,,E,throughput,,,2.999,2.99,3.001,per cycle,
srshl_4s,"srshl v0.4s, v12.4s, v13.4s",SIMD / integer arithmetic,,E,latency,R0,W0,3.001,3,3.014,cycles,
srshl_4s,"srshl v0.4s, v12.4s, v13.4s",SIMD / integer arithmetic,,E,latency,R1,W0,3,2.999,3.012,cycles,
shl_4s,"shl v0.4s, v12.4s, #3",SIMD / integer arithmetic,,P,throughput,,,4.002,4.002,4.003,per cycle,
shl_4s,"shl v0.4s, v12.4s, #3",SIMD / integer arithmetic,,P,latency,R0,W0,2,1.999,2,cycles,
shl_4s,"shl v0.4s, v12.4s, #3",SIMD / integer arithmetic,,E,throughput,,,3,2.943,3.001,per cycle,
shl_4s,"shl v0.4s, v12.4s, #3",SIMD / integer arithmetic,,E,latency,R0,W0,2,2,2.002,cycles,
sshr_4s,"sshr v0.4s, v12.4s, #3",SIMD / integer arithmetic,,P,throughput,,,4.001,3.998,4.002,per cycle,
sshr_4s,"sshr v0.4s, v12.4s, #3",SIMD / integer arithmetic,,P,latency,R0,W0,2,1.999,2.001,cycles,
sshr_4s,"sshr v0.4s, v12.4s, #3",SIMD / integer arithmetic,,E,throughput,,,3,2.986,3.005,per cycle,
sshr_4s,"sshr v0.4s, v12.4s, #3",SIMD / integer arithmetic,,E,latency,R0,W0,2,1.997,2.012,cycles,
ushr_4s,"ushr v0.4s, v12.4s, #3",SIMD / integer arithmetic,,P,throughput,,,4.001,3.998,4.002,per cycle,
ushr_4s,"ushr v0.4s, v12.4s, #3",SIMD / integer arithmetic,,P,latency,R0,W0,2,1.999,2.001,cycles,
ushr_4s,"ushr v0.4s, v12.4s, #3",SIMD / integer arithmetic,,E,throughput,,,3,2.992,3.02,per cycle,
ushr_4s,"ushr v0.4s, v12.4s, #3",SIMD / integer arithmetic,,E,latency,R0,W0,2,1.997,2.004,cycles,
srshr_4s,"srshr v0.4s, v12.4s, #3",SIMD / integer arithmetic,,P,throughput,,,4.001,3.998,4.002,per cycle,
srshr_4s,"srshr v0.4s, v12.4s, #3",SIMD / integer arithmetic,,P,latency,R0,W0,3,2.999,3.001,cycles,
srshr_4s,"srshr v0.4s, v12.4s, #3",SIMD / integer arithmetic,,E,throughput,,,2.999,2.985,3.011,per cycle,
srshr_4s,"srshr v0.4s, v12.4s, #3",SIMD / integer arithmetic,,E,latency,R0,W0,3,2.998,3.052,cycles,
ssra_4s,"ssra v0.4s, v12.4s, #3",SIMD / integer arithmetic,,P,throughput,,,4.027,3.842,4.218,per cycle,
ssra_4s,"ssra v0.4s, v12.4s, #3",SIMD / integer arithmetic,,P,latency,RW0,RW0,3,2.999,3.001,cycles,
ssra_4s,"ssra v0.4s, v12.4s, #3",SIMD / integer arithmetic,,P,latency,R0,RW0,3,2.999,3.001,cycles,tied-with-destination
ssra_4s,"ssra v0.4s, v12.4s, #3",SIMD / integer arithmetic,,E,throughput,,,3.001,2.999,3.042,per cycle,
ssra_4s,"ssra v0.4s, v12.4s, #3",SIMD / integer arithmetic,,E,latency,RW0,RW0,3.001,2.999,3.011,cycles,
ssra_4s,"ssra v0.4s, v12.4s, #3",SIMD / integer arithmetic,,E,latency,R0,RW0,2.999,2.994,3.017,cycles,tied-with-destination
usra_4s,"usra v0.4s, v12.4s, #3",SIMD / integer arithmetic,,P,throughput,,,4.024,3.411,4.094,per cycle,
usra_4s,"usra v0.4s, v12.4s, #3",SIMD / integer arithmetic,,P,latency,RW0,RW0,3,2.999,3.001,cycles,
usra_4s,"usra v0.4s, v12.4s, #3",SIMD / integer arithmetic,,P,latency,R0,RW0,3,2.999,3.001,cycles,tied-with-destination
usra_4s,"usra v0.4s, v12.4s, #3",SIMD / integer arithmetic,,E,throughput,,,3.001,2.998,3.011,per cycle,
usra_4s,"usra v0.4s, v12.4s, #3",SIMD / integer arithmetic,,E,latency,RW0,RW0,3,2.999,3.011,cycles,
usra_4s,"usra v0.4s, v12.4s, #3",SIMD / integer arithmetic,,E,latency,R0,RW0,3.001,2.99,3.021,cycles,tied-with-destination
sli_4s,"sli v0.4s, v12.4s, #3",SIMD / integer arithmetic,,P,throughput,,,3.341,3.287,3.877,per cycle,
sli_4s,"sli v0.4s, v12.4s, #3",SIMD / integer arithmetic,,P,latency,RW0,RW0,2,1.999,2.001,cycles,
sli_4s,"sli v0.4s, v12.4s, #3",SIMD / integer arithmetic,,P,latency,R0,RW0,2,1.999,2.001,cycles,tied-with-destination
sli_4s,"sli v0.4s, v12.4s, #3",SIMD / integer arithmetic,,E,throughput,,,3.001,2.999,3.01,per cycle,
sli_4s,"sli v0.4s, v12.4s, #3",SIMD / integer arithmetic,,E,latency,RW0,RW0,2,1.999,2.003,cycles,
sli_4s,"sli v0.4s, v12.4s, #3",SIMD / integer arithmetic,,E,latency,R0,RW0,2,1.999,2.021,cycles,tied-with-destination
sri_4s,"sri v0.4s, v12.4s, #3",SIMD / integer arithmetic,,P,throughput,,,3.871,3.358,4.192,per cycle,
sri_4s,"sri v0.4s, v12.4s, #3",SIMD / integer arithmetic,,P,latency,RW0,RW0,2,1.999,2.001,cycles,
sri_4s,"sri v0.4s, v12.4s, #3",SIMD / integer arithmetic,,P,latency,R0,RW0,2,1.999,2.001,cycles,tied-with-destination
sri_4s,"sri v0.4s, v12.4s, #3",SIMD / integer arithmetic,,E,throughput,,,2.999,2.987,3.001,per cycle,
sri_4s,"sri v0.4s, v12.4s, #3",SIMD / integer arithmetic,,E,latency,RW0,RW0,2,1.997,2.001,cycles,
sri_4s,"sri v0.4s, v12.4s, #3",SIMD / integer arithmetic,,E,latency,R0,RW0,2,2,2.021,cycles,tied-with-destination
add_2d,"add v0.2d, v12.2d, v13.2d",SIMD / integer arithmetic,,P,throughput,,,4.135,4.113,4.804,per cycle,
add_2d,"add v0.2d, v12.2d, v13.2d",SIMD / integer arithmetic,,P,latency,R0,W0,2,1.999,2.001,cycles,
add_2d,"add v0.2d, v12.2d, v13.2d",SIMD / integer arithmetic,,P,latency,R1,W0,2,1.999,2,cycles,
add_2d,"add v0.2d, v12.2d, v13.2d",SIMD / integer arithmetic,,E,throughput,,,2.999,2.958,3.008,per cycle,
add_2d,"add v0.2d, v12.2d, v13.2d",SIMD / integer arithmetic,,E,latency,R0,W0,2,2,2.005,cycles,
add_2d,"add v0.2d, v12.2d, v13.2d",SIMD / integer arithmetic,,E,latency,R1,W0,2.001,2,2.026,cycles,
sub_2d,"sub v0.2d, v12.2d, v13.2d",SIMD / integer arithmetic,,P,throughput,,,4.001,3.994,4.002,per cycle,
sub_2d,"sub v0.2d, v12.2d, v13.2d",SIMD / integer arithmetic,,P,latency,R0,W0,2,1.999,2.001,cycles,
sub_2d,"sub v0.2d, v12.2d, v13.2d",SIMD / integer arithmetic,,P,latency,R1,W0,2,1.999,2.001,cycles,
sub_2d,"sub v0.2d, v12.2d, v13.2d",SIMD / integer arithmetic,,E,throughput,,,3,2.998,3.001,per cycle,
sub_2d,"sub v0.2d, v12.2d, v13.2d",SIMD / integer arithmetic,,E,latency,R0,W0,2.001,1.995,2.001,cycles,
sub_2d,"sub v0.2d, v12.2d, v13.2d",SIMD / integer arithmetic,,E,latency,R1,W0,2,1.999,2,cycles,
abs_2d,"abs v0.2d, v12.2d",SIMD / integer arithmetic,,P,throughput,,,4.001,3.998,4.002,per cycle,
abs_2d,"abs v0.2d, v12.2d",SIMD / integer arithmetic,,P,latency,R0,W0,2.999,2.999,3.001,cycles,
abs_2d,"abs v0.2d, v12.2d",SIMD / integer arithmetic,,E,throughput,,,2.999,2.993,3.002,per cycle,
abs_2d,"abs v0.2d, v12.2d",SIMD / integer arithmetic,,E,latency,R0,W0,3,2.996,3.008,cycles,
neg_2d,"neg v0.2d, v12.2d",SIMD / integer arithmetic,,P,throughput,,,4.002,3.999,4.002,per cycle,
neg_2d,"neg v0.2d, v12.2d",SIMD / integer arithmetic,,P,latency,R0,W0,2,1.999,2.001,cycles,
neg_2d,"neg v0.2d, v12.2d",SIMD / integer arithmetic,,E,throughput,,,3.001,2.992,3.008,per cycle,
neg_2d,"neg v0.2d, v12.2d",SIMD / integer arithmetic,,E,latency,R0,W0,2.001,1.999,2.004,cycles,
sqadd_2d,"sqadd v0.2d, v12.2d, v13.2d",SIMD / integer arithmetic,,P,throughput,,,4.001,3.999,4.002,per cycle,
sqadd_2d,"sqadd v0.2d, v12.2d, v13.2d",SIMD / integer arithmetic,,P,latency,R0,W0,2.999,2.999,3.001,cycles,
sqadd_2d,"sqadd v0.2d, v12.2d, v13.2d",SIMD / integer arithmetic,,P,latency,R1,W0,3.001,2.999,3.001,cycles,
sqadd_2d,"sqadd v0.2d, v12.2d, v13.2d",SIMD / integer arithmetic,,E,throughput,,,3,2.997,3.009,per cycle,
sqadd_2d,"sqadd v0.2d, v12.2d, v13.2d",SIMD / integer arithmetic,,E,latency,R0,W0,2.999,2.99,3.001,cycles,
sqadd_2d,"sqadd v0.2d, v12.2d, v13.2d",SIMD / integer arithmetic,,E,latency,R1,W0,3,2.995,3.008,cycles,
uqsub_2d,"uqsub v0.2d, v12.2d, v13.2d",SIMD / integer arithmetic,,P,throughput,,,3.999,3.998,4.002,per cycle,
uqsub_2d,"uqsub v0.2d, v12.2d, v13.2d",SIMD / integer arithmetic,,P,latency,R0,W0,3,2.999,3.001,cycles,
uqsub_2d,"uqsub v0.2d, v12.2d, v13.2d",SIMD / integer arithmetic,,P,latency,R1,W0,2.999,2.999,3.001,cycles,
uqsub_2d,"uqsub v0.2d, v12.2d, v13.2d",SIMD / integer arithmetic,,E,throughput,,,3,2.997,3.002,per cycle,
uqsub_2d,"uqsub v0.2d, v12.2d, v13.2d",SIMD / integer arithmetic,,E,latency,R0,W0,3.001,2.999,3.003,cycles,
uqsub_2d,"uqsub v0.2d, v12.2d, v13.2d",SIMD / integer arithmetic,,E,latency,R1,W0,2.999,2.994,3.001,cycles,
cmeq_2d,"cmeq v0.2d, v12.2d, v13.2d",SIMD / integer arithmetic,,P,throughput,,,4.002,3.999,4.002,per cycle,
cmeq_2d,"cmeq v0.2d, v12.2d, v13.2d",SIMD / integer arithmetic,,P,latency,R0,W0,2,2,2.001,cycles,
cmeq_2d,"cmeq v0.2d, v12.2d, v13.2d",SIMD / integer arithmetic,,P,latency,R1,W0,2,1.999,2.001,cycles,
cmeq_2d,"cmeq v0.2d, v12.2d, v13.2d",SIMD / integer arithmetic,,E,throughput,,,3.001,3,3.005,per cycle,
cmeq_2d,"cmeq v0.2d, v12.2d, v13.2d",SIMD / integer arithmetic,,E,latency,R0,W0,2,1.999,2.001,cycles,
cmeq_2d,"cmeq v0.2d, v12.2d, v13.2d",SIMD / integer arithmetic,,E,latency,R1,W0,2,1.999,2,cycles,
cmgt_2d,"cmgt v0.2d, v12.2d, v13.2d",SIMD / integer arithmetic,,P,throughput,,,3.999,3.998,4.001,per cycle,
cmgt_2d,"cmgt v0.2d, v12.2d, v13.2d",SIMD / integer arithmetic,,P,latency,R0,W0,2,1.999,2.001,cycles,
cmgt_2d,"cmgt v0.2d, v12.2d, v13.2d",SIMD / integer arithmetic,,P,latency,R1,W0,2,1.999,2.001,cycles,
cmgt_2d,"cmgt v0.2d, v12.2d, v13.2d",SIMD / integer arithmetic,,E,throughput,,,3.001,2.997,3.007,per cycle,
cmgt_2d,"cmgt v0.2d, v12.2d, v13.2d",SIMD / integer arithmetic,,E,latency,R0,W0,1.999,1.998,2.008,cycles,
cmgt_2d,"cmgt v0.2d, v12.2d, v13.2d",SIMD / integer arithmetic,,E,latency,R1,W0,2,2,2.003,cycles,
cmhi_2d,"cmhi v0.2d, v12.2d, v13.2d",SIMD / integer arithmetic,,P,throughput,,,4.002,3.999,4.006,per cycle,
cmhi_2d,"cmhi v0.2d, v12.2d, v13.2d",SIMD / integer arithmetic,,P,latency,R0,W0,2,2,2.001,cycles,
cmhi_2d,"cmhi v0.2d, v12.2d, v13.2d",SIMD / integer arithmetic,,P,latency,R1,W0,2,1.999,2.001,cycles,
cmhi_2d,"cmhi v0.2d, v12.2d, v13.2d",SIMD / integer arithmetic,,E,throughput,,,3,2.989,3.001,per cycle,
cmhi_2d,"cmhi v0.2d, v12.2d, v13.2d",SIMD / integer arithmetic,,E,latency,R0,W0,2,1.998,2.019,cycles,
cmhi_2d,"cmhi v0.2d, v12.2d, v13.2d",SIMD / integer arithmetic,,E,latency,R1,W0,2,1.999,2.03,cycles,
cmeq_2d_zero,"cmeq v0.2d, v12.2d, #0",SIMD / integer arithmetic,,P,throughput,,,3.999,3.996,4.002,per cycle,
cmeq_2d_zero,"cmeq v0.2d, v12.2d, #0",SIMD / integer arithmetic,,P,latency,R0,W0,2,2,2.001,cycles,
cmeq_2d_zero,"cmeq v0.2d, v12.2d, #0",SIMD / integer arithmetic,,E,throughput,,,2.998,2.948,3.01,per cycle,
cmeq_2d_zero,"cmeq v0.2d, v12.2d, #0",SIMD / integer arithmetic,,E,latency,R0,W0,2,1.991,2.033,cycles,
cmtst_2d,"cmtst v0.2d, v12.2d, v13.2d",SIMD / integer arithmetic,,P,throughput,,,4,3.998,4.002,per cycle,
cmtst_2d,"cmtst v0.2d, v12.2d, v13.2d",SIMD / integer arithmetic,,P,latency,R0,W0,2,2,2.001,cycles,
cmtst_2d,"cmtst v0.2d, v12.2d, v13.2d",SIMD / integer arithmetic,,P,latency,R1,W0,1.999,1.998,2.001,cycles,
cmtst_2d,"cmtst v0.2d, v12.2d, v13.2d",SIMD / integer arithmetic,,E,throughput,,,3.001,2.935,3.002,per cycle,
cmtst_2d,"cmtst v0.2d, v12.2d, v13.2d",SIMD / integer arithmetic,,E,latency,R0,W0,2,1.992,2.006,cycles,
cmtst_2d,"cmtst v0.2d, v12.2d, v13.2d",SIMD / integer arithmetic,,E,latency,R1,W0,2,1.992,2.017,cycles,
sshl_2d,"sshl v0.2d, v12.2d, v13.2d",SIMD / integer arithmetic,,P,throughput,,,4,3.999,4.002,per cycle,
sshl_2d,"sshl v0.2d, v12.2d, v13.2d",SIMD / integer arithmetic,,P,latency,R0,W0,1.999,1.999,2.001,cycles,
sshl_2d,"sshl v0.2d, v12.2d, v13.2d",SIMD / integer arithmetic,,P,latency,R1,W0,2.001,2,2.001,cycles,
sshl_2d,"sshl v0.2d, v12.2d, v13.2d",SIMD / integer arithmetic,,E,throughput,,,3.002,3,3.022,per cycle,
sshl_2d,"sshl v0.2d, v12.2d, v13.2d",SIMD / integer arithmetic,,E,latency,R0,W0,2.001,2,2.008,cycles,
sshl_2d,"sshl v0.2d, v12.2d, v13.2d",SIMD / integer arithmetic,,E,latency,R1,W0,2,1.999,2.007,cycles,
ushl_2d,"ushl v0.2d, v12.2d, v13.2d",SIMD / integer arithmetic,,P,throughput,,,4.001,3.998,4.001,per cycle,
ushl_2d,"ushl v0.2d, v12.2d, v13.2d",SIMD / integer arithmetic,,P,latency,R0,W0,2.001,1.999,2.002,cycles,
ushl_2d,"ushl v0.2d, v12.2d, v13.2d",SIMD / integer arithmetic,,P,latency,R1,W0,2,1.998,2,cycles,
ushl_2d,"ushl v0.2d, v12.2d, v13.2d",SIMD / integer arithmetic,,E,throughput,,,3.001,3,3.01,per cycle,
ushl_2d,"ushl v0.2d, v12.2d, v13.2d",SIMD / integer arithmetic,,E,latency,R0,W0,2,1.999,2.011,cycles,
ushl_2d,"ushl v0.2d, v12.2d, v13.2d",SIMD / integer arithmetic,,E,latency,R1,W0,2,2,2.002,cycles,
sqshl_2d,"sqshl v0.2d, v12.2d, v13.2d",SIMD / integer arithmetic,,P,throughput,,,4.001,3.998,4.002,per cycle,
sqshl_2d,"sqshl v0.2d, v12.2d, v13.2d",SIMD / integer arithmetic,,P,latency,R0,W0,2,1.999,2.001,cycles,
sqshl_2d,"sqshl v0.2d, v12.2d, v13.2d",SIMD / integer arithmetic,,P,latency,R1,W0,2,2,2.001,cycles,
sqshl_2d,"sqshl v0.2d, v12.2d, v13.2d",SIMD / integer arithmetic,,E,throughput,,,2.998,2.989,3,per cycle,
sqshl_2d,"sqshl v0.2d, v12.2d, v13.2d",SIMD / integer arithmetic,,E,latency,R0,W0,2.001,2,2.009,cycles,
sqshl_2d,"sqshl v0.2d, v12.2d, v13.2d",SIMD / integer arithmetic,,E,latency,R1,W0,2,1.999,2.003,cycles,
srshl_2d,"srshl v0.2d, v12.2d, v13.2d",SIMD / integer arithmetic,,P,throughput,,,4,3.998,4.001,per cycle,
srshl_2d,"srshl v0.2d, v12.2d, v13.2d",SIMD / integer arithmetic,,P,latency,R0,W0,3,2.999,3.002,cycles,
srshl_2d,"srshl v0.2d, v12.2d, v13.2d",SIMD / integer arithmetic,,P,latency,R1,W0,3,2.999,3.001,cycles,
srshl_2d,"srshl v0.2d, v12.2d, v13.2d",SIMD / integer arithmetic,,E,throughput,,,2.995,2.99,3.001,per cycle,
srshl_2d,"srshl v0.2d, v12.2d, v13.2d",SIMD / integer arithmetic,,E,latency,R0,W0,3.001,2.996,3.029,cycles,
srshl_2d,"srshl v0.2d, v12.2d, v13.2d",SIMD / integer arithmetic,,E,latency,R1,W0,3.001,3,3.007,cycles,
shl_2d,"shl v0.2d, v12.2d, #3",SIMD / integer arithmetic,,P,throughput,,,4,3.998,4.002,per cycle,
shl_2d,"shl v0.2d, v12.2d, #3",SIMD / integer arithmetic,,P,latency,R0,W0,2,1.999,2,cycles,
shl_2d,"shl v0.2d, v12.2d, #3",SIMD / integer arithmetic,,E,throughput,,,2.999,2.988,3.003,per cycle,
shl_2d,"shl v0.2d, v12.2d, #3",SIMD / integer arithmetic,,E,latency,R0,W0,2,1.999,2.007,cycles,
sshr_2d,"sshr v0.2d, v12.2d, #3",SIMD / integer arithmetic,,P,throughput,,,4.001,3.998,4.002,per cycle,
sshr_2d,"sshr v0.2d, v12.2d, #3",SIMD / integer arithmetic,,P,latency,R0,W0,2,2,2,cycles,
sshr_2d,"sshr v0.2d, v12.2d, #3",SIMD / integer arithmetic,,E,throughput,,,3,2.995,3.007,per cycle,
sshr_2d,"sshr v0.2d, v12.2d, #3",SIMD / integer arithmetic,,E,latency,R0,W0,2,1.997,2.017,cycles,
ushr_2d,"ushr v0.2d, v12.2d, #3",SIMD / integer arithmetic,,P,throughput,,,4.001,3.999,4.003,per cycle,
ushr_2d,"ushr v0.2d, v12.2d, #3",SIMD / integer arithmetic,,P,latency,R0,W0,2,1.999,2,cycles,
ushr_2d,"ushr v0.2d, v12.2d, #3",SIMD / integer arithmetic,,E,throughput,,,3,2.973,3.014,per cycle,
ushr_2d,"ushr v0.2d, v12.2d, #3",SIMD / integer arithmetic,,E,latency,R0,W0,2.002,2,2.007,cycles,
srshr_2d,"srshr v0.2d, v12.2d, #3",SIMD / integer arithmetic,,P,throughput,,,4.002,3.999,4.002,per cycle,
srshr_2d,"srshr v0.2d, v12.2d, #3",SIMD / integer arithmetic,,P,latency,R0,W0,2.999,2.999,3.001,cycles,
srshr_2d,"srshr v0.2d, v12.2d, #3",SIMD / integer arithmetic,,E,throughput,,,3.001,2.985,3.003,per cycle,
srshr_2d,"srshr v0.2d, v12.2d, #3",SIMD / integer arithmetic,,E,latency,R0,W0,3,3,3.011,cycles,
ssra_2d,"ssra v0.2d, v12.2d, #3",SIMD / integer arithmetic,,P,throughput,,,3.842,3.631,4.078,per cycle,
ssra_2d,"ssra v0.2d, v12.2d, #3",SIMD / integer arithmetic,,P,latency,RW0,RW0,3,2.999,3.001,cycles,
ssra_2d,"ssra v0.2d, v12.2d, #3",SIMD / integer arithmetic,,P,latency,R0,RW0,3,2.999,3.001,cycles,tied-with-destination
ssra_2d,"ssra v0.2d, v12.2d, #3",SIMD / integer arithmetic,,E,throughput,,,3,2.984,3.007,per cycle,
ssra_2d,"ssra v0.2d, v12.2d, #3",SIMD / integer arithmetic,,E,latency,RW0,RW0,3,3,3.006,cycles,
ssra_2d,"ssra v0.2d, v12.2d, #3",SIMD / integer arithmetic,,E,latency,R0,RW0,2.999,2.995,3.001,cycles,tied-with-destination
usra_2d,"usra v0.2d, v12.2d, #3",SIMD / integer arithmetic,,P,throughput,,,3.429,3.383,3.956,per cycle,
usra_2d,"usra v0.2d, v12.2d, #3",SIMD / integer arithmetic,,P,latency,RW0,RW0,3,2.999,3.002,cycles,
usra_2d,"usra v0.2d, v12.2d, #3",SIMD / integer arithmetic,,P,latency,R0,RW0,3.001,2.999,3.001,cycles,tied-with-destination
usra_2d,"usra v0.2d, v12.2d, #3",SIMD / integer arithmetic,,E,throughput,,,2.987,2.979,3,per cycle,
usra_2d,"usra v0.2d, v12.2d, #3",SIMD / integer arithmetic,,E,latency,RW0,RW0,3.001,2.997,3.026,cycles,
usra_2d,"usra v0.2d, v12.2d, #3",SIMD / integer arithmetic,,E,latency,R0,RW0,2.998,2.993,3,cycles,tied-with-destination
sli_2d,"sli v0.2d, v12.2d, #3",SIMD / integer arithmetic,,P,throughput,,,4.108,3.327,4.474,per cycle,
sli_2d,"sli v0.2d, v12.2d, #3",SIMD / integer arithmetic,,P,latency,RW0,RW0,2,1.999,2.001,cycles,
sli_2d,"sli v0.2d, v12.2d, #3",SIMD / integer arithmetic,,P,latency,R0,RW0,2.001,1.999,2.001,cycles,tied-with-destination
sli_2d,"sli v0.2d, v12.2d, #3",SIMD / integer arithmetic,,E,throughput,,,2.997,2.991,3.004,per cycle,
sli_2d,"sli v0.2d, v12.2d, #3",SIMD / integer arithmetic,,E,latency,RW0,RW0,2,1.997,2.004,cycles,
sli_2d,"sli v0.2d, v12.2d, #3",SIMD / integer arithmetic,,E,latency,R0,RW0,2,1.998,2.001,cycles,tied-with-destination
sri_2d,"sri v0.2d, v12.2d, #3",SIMD / integer arithmetic,,P,throughput,,,3.622,3.266,4.26,per cycle,
sri_2d,"sri v0.2d, v12.2d, #3",SIMD / integer arithmetic,,P,latency,RW0,RW0,2.001,2,2.001,cycles,
sri_2d,"sri v0.2d, v12.2d, #3",SIMD / integer arithmetic,,P,latency,R0,RW0,2,1.999,2.001,cycles,tied-with-destination
sri_2d,"sri v0.2d, v12.2d, #3",SIMD / integer arithmetic,,E,throughput,,,2.999,2.984,3.005,per cycle,
sri_2d,"sri v0.2d, v12.2d, #3",SIMD / integer arithmetic,,E,latency,RW0,RW0,2,1.998,2.003,cycles,
sri_2d,"sri v0.2d, v12.2d, #3",SIMD / integer arithmetic,,E,latency,R0,RW0,2,1.999,2.001,cycles,tied-with-destination
mul_16b,"mul v0.16b, v12.16b, v13.16b",SIMD / integer arithmetic,,P,throughput,,,4.25,4.027,4.455,per cycle,
mul_16b,"mul v0.16b, v12.16b, v13.16b",SIMD / integer arithmetic,,P,latency,R0,W0,3.001,2.999,3.001,cycles,
mul_16b,"mul v0.16b, v12.16b, v13.16b",SIMD / integer arithmetic,,P,latency,R1,W0,3,3,3.001,cycles,
mul_16b,"mul v0.16b, v12.16b, v13.16b",SIMD / integer arithmetic,,E,throughput,,,2.994,2.988,3.001,per cycle,
mul_16b,"mul v0.16b, v12.16b, v13.16b",SIMD / integer arithmetic,,E,latency,R0,W0,2.999,2.984,3.022,cycles,
mul_16b,"mul v0.16b, v12.16b, v13.16b",SIMD / integer arithmetic,,E,latency,R1,W0,3.001,2.999,3.008,cycles,
mla_16b,"mla v0.16b, v12.16b, v13.16b",SIMD / integer arithmetic,,P,throughput,,,3.189,3.1,3.28,per cycle,
mla_16b,"mla v0.16b, v12.16b, v13.16b",SIMD / integer arithmetic,,P,latency,RW0,RW0,3.001,2.999,3.001,cycles,
mla_16b,"mla v0.16b, v12.16b, v13.16b",SIMD / integer arithmetic,,P,latency,R0,RW0,2.999,2.999,3.001,cycles,tied-with-destination
mla_16b,"mla v0.16b, v12.16b, v13.16b",SIMD / integer arithmetic,,P,latency,R1,RW0,2.999,2.998,3.001,cycles,tied-with-destination
mla_16b,"mla v0.16b, v12.16b, v13.16b",SIMD / integer arithmetic,,E,throughput,,,3.001,2.981,3.002,per cycle,
mla_16b,"mla v0.16b, v12.16b, v13.16b",SIMD / integer arithmetic,,E,latency,RW0,RW0,3,3,3.012,cycles,
mla_16b,"mla v0.16b, v12.16b, v13.16b",SIMD / integer arithmetic,,E,latency,R0,RW0,3,2.999,3.006,cycles,tied-with-destination
mla_16b,"mla v0.16b, v12.16b, v13.16b",SIMD / integer arithmetic,,E,latency,R1,RW0,3,2.999,3.006,cycles,tied-with-destination
mls_16b,"mls v0.16b, v12.16b, v13.16b",SIMD / integer arithmetic,,P,throughput,,,3.343,3.133,3.614,per cycle,
mls_16b,"mls v0.16b, v12.16b, v13.16b",SIMD / integer arithmetic,,P,latency,RW0,RW0,3.001,2.998,3.001,cycles,
mls_16b,"mls v0.16b, v12.16b, v13.16b",SIMD / integer arithmetic,,P,latency,R0,RW0,2.999,2.999,3.001,cycles,tied-with-destination
mls_16b,"mls v0.16b, v12.16b, v13.16b",SIMD / integer arithmetic,,P,latency,R1,RW0,2.999,2.998,3.001,cycles,tied-with-destination
mls_16b,"mls v0.16b, v12.16b, v13.16b",SIMD / integer arithmetic,,E,throughput,,,3,2.966,3.001,per cycle,
mls_16b,"mls v0.16b, v12.16b, v13.16b",SIMD / integer arithmetic,,E,latency,RW0,RW0,2.999,2.997,3.006,cycles,
mls_16b,"mls v0.16b, v12.16b, v13.16b",SIMD / integer arithmetic,,E,latency,R0,RW0,3,2.999,3.022,cycles,tied-with-destination
mls_16b,"mls v0.16b, v12.16b, v13.16b",SIMD / integer arithmetic,,E,latency,R1,RW0,3.001,3,3.008,cycles,tied-with-destination
smax_16b,"smax v0.16b, v12.16b, v13.16b",SIMD / integer arithmetic,,P,throughput,,,4.102,4.083,4.16,per cycle,
smax_16b,"smax v0.16b, v12.16b, v13.16b",SIMD / integer arithmetic,,P,latency,R0,W0,2,2,2.001,cycles,
smax_16b,"smax v0.16b, v12.16b, v13.16b",SIMD / integer arithmetic,,P,latency,R1,W0,2,1.999,2,cycles,
smax_16b,"smax v0.16b, v12.16b, v13.16b",SIMD / integer arithmetic,,E,throughput,,,3,2.989,3.006,per cycle,
smax_16b,"smax v0.16b, v12.16b, v13.16b",SIMD / integer arithmetic,,E,latency,R0,W0,2.001,2,2.003,cycles,
smax_16b,"smax v0.16b, v12.16b, v13.16b",SIMD / integer arithmetic,,E,latency,R1,W0,2,1.993,2.01,cycles,
umin_16b,"umin v0.16b, v12.16b, v13.16b",SIMD / integer arithmetic,,P,throughput,,,3.999,3.997,4.002,per cycle,
umin_16b,"umin v0.16b, v12.16b, v13.16b",SIMD / integer arithmetic,,P,latency,R0,W0,2,1.999,2.001,cycles,
umin_16b,"umin v0.16b, v12.16b, v13.16b",SIMD / integer arithmetic,,P,latency,R1,W0,2,1.999,2.001,cycles,
umin_16b,"umin v0.16b, v12.16b, v13.16b",SIMD / integer arithmetic,,E,throughput,,,3,2.986,3.002,per cycle,
umin_16b,"umin v0.16b, v12.16b, v13.16b",SIMD / integer arithmetic,,E,latency,R0,W0,2.003,2,2.009,cycles,
umin_16b,"umin v0.16b, v12.16b, v13.16b",SIMD / integer arithmetic,,E,latency,R1,W0,2,1.996,2.002,cycles,
sabd_16b,"sabd v0.16b, v12.16b, v13.16b",SIMD / integer arithmetic,,P,throughput,,,3.999,3.998,4.001,per cycle,
sabd_16b,"sabd v0.16b, v12.16b, v13.16b",SIMD / integer arithmetic,,P,latency,R0,W0,3,2.999,3.001,cycles,
sabd_16b,"sabd v0.16b, v12.16b, v13.16b",SIMD / integer arithmetic,,P,latency,R1,W0,2.999,2.999,3.001,cycles,
sabd_16b,"sabd v0.16b, v12.16b, v13.16b",SIMD / integer arithmetic,,E,throughput,,,3,2.998,3,per cycle,
sabd_16b,"sabd v0.16b, v12.16b, v13.16b",SIMD / integer arithmetic,,E,latency,R0,W0,3,2.998,3.016,cycles,
sabd_16b,"sabd v0.16b, v12.16b, v13.16b",SIMD / integer arithmetic,,E,latency,R1,W0,3,2.993,3,cycles,
uaba_16b,"uaba v0.16b, v12.16b, v13.16b",SIMD / integer arithmetic,,P,throughput,,,3.286,3.244,3.327,per cycle,
uaba_16b,"uaba v0.16b, v12.16b, v13.16b",SIMD / integer arithmetic,,P,latency,RW0,RW0,2.999,2.999,3.001,cycles,
uaba_16b,"uaba v0.16b, v12.16b, v13.16b",SIMD / integer arithmetic,,P,latency,R0,RW0,3.001,2.999,3.001,cycles,tied-with-destination
uaba_16b,"uaba v0.16b, v12.16b, v13.16b",SIMD / integer arithmetic,,P,latency,R1,RW0,3,2.999,3,cycles,tied-with-destination
uaba_16b,"uaba v0.16b, v12.16b, v13.16b",SIMD / integer arithmetic,,E,throughput,,,3,2.999,3.008,per cycle,
uaba_16b,"uaba v0.16b, v12.16b, v13.16b",SIMD / integer arithmetic,,E,latency,RW0,RW0,3,2.997,3.001,cycles,
uaba_16b,"uaba v0.16b, v12.16b, v13.16b",SIMD / integer arithmetic,,E,latency,R0,RW0,3,2.998,3,cycles,tied-with-destination
uaba_16b,"uaba v0.16b, v12.16b, v13.16b",SIMD / integer arithmetic,,E,latency,R1,RW0,3.001,3,3.01,cycles,tied-with-destination
shadd_16b,"shadd v0.16b, v12.16b, v13.16b",SIMD / integer arithmetic,,P,throughput,,,4.741,4.228,5.051,per cycle,
shadd_16b,"shadd v0.16b, v12.16b, v13.16b",SIMD / integer arithmetic,,P,latency,R0,W0,2,2,2.001,cycles,
shadd_16b,"shadd v0.16b, v12.16b, v13.16b",SIMD / integer arithmetic,,P,latency,R1,W0,1.999,1.999,2,cycles,
shadd_16b,"shadd v0.16b, v12.16b, v13.16b",SIMD / integer arithmetic,,E,throughput,,,3,2.99,3.003,per cycle,
shadd_16b,"shadd v0.16b, v12.16b, v13.16b",SIMD / integer arithmetic,,E,latency,R0,W0,2,2,2.001,cycles,
shadd_16b,"shadd v0.16b, v12.16b, v13.16b",SIMD / integer arithmetic,,E,latency,R1,W0,2,1.998,2,cycles,
urhadd_16b,"urhadd v0.16b, v12.16b, v13.16b",SIMD / integer arithmetic,,P,throughput,,,4.001,3.998,4.002,per cycle,
urhadd_16b,"urhadd v0.16b, v12.16b, v13.16b",SIMD / integer arithmetic,,P,latency,R0,W0,2,2,2.001,cycles,
urhadd_16b,"urhadd v0.16b, v12.16b, v13.16b",SIMD / integer arithmetic,,P,latency,R1,W0,2,1.999,2.001,cycles,
urhadd_16b,"urhadd v0.16b, v12.16b, v13.16b",SIMD / integer arithmetic,,E,throughput,,,3,2.946,3.007,per cycle,
urhadd_16b,"urhadd v0.16b, v12.16b, v13.16b",SIMD / integer arithmetic,,E,latency,R0,W0,2,1.994,2.001,cycles,
urhadd_16b,"urhadd v0.16b, v12.16b, v13.16b",SIMD / integer arithmetic,,E,latency,R1,W0,2,2,2.007,cycles,
addp_16b,"addp v0.16b, v12.16b, v13.16b",SIMD / integer arithmetic,,P,throughput,,,3.999,3.998,4.001,per cycle,
addp_16b,"addp v0.16b, v12.16b, v13.16b",SIMD / integer arithmetic,,P,latency,R0,W0,2,2,2.001,cycles,
addp_16b,"addp v0.16b, v12.16b, v13.16b",SIMD / integer arithmetic,,P,latency,R1,W0,2,1.999,2,cycles,
addp_16b,"addp v0.16b, v12.16b, v13.16b",SIMD / integer arithmetic,,E,throughput,,,3,2.998,3.004,per cycle,
addp_16b,"addp v0.16b, v12.16b, v13.16b",SIMD / integer arithmetic,,E,latency,R0,W0,2,2,2.004,cycles,
addp_16b,"addp v0.16b, v12.16b, v13.16b",SIMD / integer arithmetic,,E,latency,R1,W0,1.999,1.992,2.004,cycles,
umaxp_16b,"umaxp v0.16b, v12.16b, v13.16b",SIMD / integer arithmetic,,P,throughput,,,4.001,3.998,4.002,per cycle,
umaxp_16b,"umaxp v0.16b, v12.16b, v13.16b",SIMD / integer arithmetic,,P,latency,R0,W0,2,2,2,cycles,
umaxp_16b,"umaxp v0.16b, v12.16b, v13.16b",SIMD / integer arithmetic,,P,latency,R1,W0,2.001,2,2.001,cycles,
umaxp_16b,"umaxp v0.16b, v12.16b, v13.16b",SIMD / integer arithmetic,,E,throughput,,,3,2.989,3.001,per cycle,
umaxp_16b,"umaxp v0.16b, v12.16b, v13.16b",SIMD / integer arithmetic,,E,latency,R0,W0,2,2,2.003,cycles,
umaxp_16b,"umaxp v0.16b, v12.16b, v13.16b",SIMD / integer arithmetic,,E,latency,R1,W0,2,2,2.004,cycles,
clz_16b,"clz v0.16b, v12.16b",SIMD / integer arithmetic,,P,throughput,,,3.999,3.998,4.002,per cycle,
clz_16b,"clz v0.16b, v12.16b",SIMD / integer arithmetic,,P,latency,R0,W0,2,1.999,2.001,cycles,
clz_16b,"clz v0.16b, v12.16b",SIMD / integer arithmetic,,E,throughput,,,3,2.991,3,per cycle,
clz_16b,"clz v0.16b, v12.16b",SIMD / integer arithmetic,,E,latency,R0,W0,2,1.999,2.009,cycles,
cls_16b,"cls v0.16b, v12.16b",SIMD / integer arithmetic,,P,throughput,,,4,3.998,4.002,per cycle,
cls_16b,"cls v0.16b, v12.16b",SIMD / integer arithmetic,,P,latency,R0,W0,1.999,1.999,2.001,cycles,
cls_16b,"cls v0.16b, v12.16b",SIMD / integer arithmetic,,E,throughput,,,3,2.946,3.001,per cycle,
cls_16b,"cls v0.16b, v12.16b",SIMD / integer arithmetic,,E,latency,R0,W0,2,1.992,2.004,cycles,
sqabs_16b,"sqabs v0.16b, v12.16b",SIMD / integer arithmetic,,P,throughput,,,3.999,3.081,4.002,per cycle,
sqabs_16b,"sqabs v0.16b, v12.16b",SIMD / integer arithmetic,,P,latency,R0,W0,2.999,2.999,3.001,cycles,
sqabs_16b,"sqabs v0.16b, v12.16b",SIMD / integer arithmetic,,E,throughput,,,3.001,2.999,3.008,per cycle,
sqabs_16b,"sqabs v0.16b, v12.16b",SIMD / integer arithmetic,,E,latency,R0,W0,3.001,2.999,3.034,cycles,
mul_8h,"mul v0.8h, v12.8h, v13.8h",SIMD / integer arithmetic,,P,throughput,,,3.999,3.998,4.002,per cycle,
mul_8h,"mul v0.8h, v12.8h, v13.8h",SIMD / integer arithmetic,,P,latency,R0,W0,3,2.999,3.001,cycles,
mul_8h,"mul v0.8h, v12.8h, v13.8h",SIMD / integer arithmetic,,P,latency,R1,W0,3,2.999,3.001,cycles,
mul_8h,"mul v0.8h, v12.8h, v13.8h",SIMD / integer arithmetic,,E,throughput,,,3.001,2.95,3.003,per cycle,
mul_8h,"mul v0.8h, v12.8h, v13.8h",SIMD / integer arithmetic,,E,latency,R0,W0,3,3,3.018,cycles,
mul_8h,"mul v0.8h, v12.8h, v13.8h",SIMD / integer arithmetic,,E,latency,R1,W0,3,2.999,3.006,cycles,
mla_8h,"mla v0.8h, v12.8h, v13.8h",SIMD / integer arithmetic,,P,throughput,,,3.314,3.242,3.353,per cycle,
mla_8h,"mla v0.8h, v12.8h, v13.8h",SIMD / integer arithmetic,,P,latency,RW0,RW0,3,2.999,3.001,cycles,
mla_8h,"mla v0.8h, v12.8h, v13.8h",SIMD / integer arithmetic,,P,latency,R0,RW0,3,2.999,3.001,cycles,tied-with-destination
mla_8h,"mla v0.8h, v12.8h, v13.8h",SIMD / integer arithmetic,,P,latency,R1,RW0,3.001,3,3.001,cycles,tied-with-destination
mla_8h,"mla v0.8h, v12.8h, v13.8h",SIMD / integer arithmetic,,E,throughput,,,3,2.999,3.001,per cycle,
mla_8h,"mla v0.8h, v12.8h, v13.8h",SIMD / integer arithmetic,,E,latency,RW0,RW0,3,2.989,3.001,cycles,
mla_8h,"mla v0.8h, v12.8h, v13.8h",SIMD / integer arithmetic,,E,latency,R0,RW0,3,2.995,3,cycles,tied-with-destination
mla_8h,"mla v0.8h, v12.8h, v13.8h",SIMD / integer arithmetic,,E,latency,R1,RW0,3,2.999,3.002,cycles,tied-with-destination
mls_8h,"mls v0.8h, v12.8h, v13.8h",SIMD / integer arithmetic,,P,throughput,,,3.168,3.111,3.285,per cycle,
mls_8h,"mls v0.8h, v12.8h, v13.8h",SIMD / integer arithmetic,,P,latency,RW0,RW0,3,2.999,3.001,cycles,
mls_8h,"mls v0.8h, v12.8h, v13.8h",SIMD / integer arithmetic,,P,latency,R0,RW0,3,2.999,3.001,cycles,tied-with-destination
mls_8h,"mls v0.8h, v12.8h, v13.8h",SIMD / integer arithmetic,,P,latency,R1,RW0,3,3,3.001,cycles,tied-with-destination
mls_8h,"mls v0.8h, v12.8h, v13.8h",SIMD / integer arithmetic,,E,throughput,,,2.999,2.958,3,per cycle,
mls_8h,"mls v0.8h, v12.8h, v13.8h",SIMD / integer arithmetic,,E,latency,RW0,RW0,3,2.997,3,cycles,
mls_8h,"mls v0.8h, v12.8h, v13.8h",SIMD / integer arithmetic,,E,latency,R0,RW0,3,3,3.006,cycles,tied-with-destination
mls_8h,"mls v0.8h, v12.8h, v13.8h",SIMD / integer arithmetic,,E,latency,R1,RW0,3,2.999,3.017,cycles,tied-with-destination
smax_8h,"smax v0.8h, v12.8h, v13.8h",SIMD / integer arithmetic,,P,throughput,,,4.12,4.001,4.18,per cycle,
smax_8h,"smax v0.8h, v12.8h, v13.8h",SIMD / integer arithmetic,,P,latency,R0,W0,2,2,2,cycles,
smax_8h,"smax v0.8h, v12.8h, v13.8h",SIMD / integer arithmetic,,P,latency,R1,W0,2,2,2.001,cycles,
smax_8h,"smax v0.8h, v12.8h, v13.8h",SIMD / integer arithmetic,,E,throughput,,,2.998,2.966,3.001,per cycle,
smax_8h,"smax v0.8h, v12.8h, v13.8h",SIMD / integer arithmetic,,E,latency,R0,W0,2,1.998,2,cycles,
smax_8h,"smax v0.8h, v12.8h, v13.8h",SIMD / integer arithmetic,,E,latency,R1,W0,2,1.999,2.005,cycles,
umin_8h,"umin v0.8h, v12.8h, v13.8h",SIMD / integer arithmetic,,P,throughput,,,3.998,3.997,4.002,per cycle,
umin_8h,"umin v0.8h, v12.8h, v13.8h",SIMD / integer arithmetic,,P,latency,R0,W0,2,1.999,2.001,cycles,
umin_8h,"umin v0.8h, v12.8h, v13.8h",SIMD / integer arithmetic,,P,latency,R1,W0,2,2,2.001,cycles,
umin_8h,"umin v0.8h, v12.8h, v13.8h",SIMD / integer arithmetic,,E,throughput,,,2.999,2.99,3.002,per cycle,
umin_8h,"umin v0.8h, v12.8h, v13.8h",SIMD / integer arithmetic,,E,latency,R0,W0,2,1.999,2.017,cycles,
umin_8h,"umin v0.8h, v12.8h, v13.8h",SIMD / integer arithmetic,,E,latency,R1,W0,2,2,2.004,cycles,
sabd_8h,"sabd v0.8h, v12.8h, v13.8h",SIMD / integer arithmetic,,P,throughput,,,4.002,3.998,4.003,per cycle,
sabd_8h,"sabd v0.8h, v12.8h, v13.8h",SIMD / integer arithmetic,,P,latency,R0,W0,3.001,3,3.002,cycles,
sabd_8h,"sabd v0.8h, v12.8h, v13.8h",SIMD / integer arithmetic,,P,latency,R1,W0,3,2.999,3.001,cycles,
sabd_8h,"sabd v0.8h, v12.8h, v13.8h",SIMD / integer arithmetic,,E,throughput,,,3,2.991,3.001,per cycle,
sabd_8h,"sabd v0.8h, v12.8h, v13.8h",SIMD / integer arithmetic,,E,latency,R0,W0,3,2.996,3.001,cycles,
sabd_8h,"sabd v0.8h, v12.8h, v13.8h",SIMD / integer arithmetic,,E,latency,R1,W0,3,2.999,3.002,cycles,
uaba_8h,"uaba v0.8h, v12.8h, v13.8h",SIMD / integer arithmetic,,P,throughput,,,3.282,3.196,3.446,per cycle,
uaba_8h,"uaba v0.8h, v12.8h, v13.8h",SIMD / integer arithmetic,,P,latency,RW0,RW0,3.001,2.999,3.001,cycles,
uaba_8h,"uaba v0.8h, v12.8h, v13.8h",SIMD / integer arithmetic,,P,latency,R0,RW0,2.999,2.999,3,cycles,tied-with-destination
uaba_8h,"uaba v0.8h, v12.8h, v13.8h",SIMD / integer arithmetic,,P,latency,R1,RW0,2.999,2.999,3.001,cycles,tied-with-destination
uaba_8h,"uaba v0.8h, v12.8h, v13.8h",SIMD / integer arithmetic,,E,throughput,,,3,2.986,3.001,per cycle,
uaba_8h,"uaba v0.8h, v12.8h, v13.8h",SIMD / integer arithmetic,,E,latency,RW0,RW0,3,2.999,3.01,cycles,
uaba_8h,"uaba v0.8h, v12.8h, v13.8h",SIMD / integer arithmetic,,E,latency,R0,RW0,3,2.998,3.005,cycles,tied-with-destination
uaba_8h,"uaba v0.8h, v12.8h, v13.8h",SIMD / integer arithmetic,,E,latency,R1,RW0,3,2.996,3,cycles,tied-with-destination
shadd_8h,"shadd v0.8h, v12.8h, v13.8h",SIMD / integer arithmetic,,P,throughput,,,4.728,4.32,4.867,per cycle,
shadd_8h,"shadd v0.8h, v12.8h, v13.8h",SIMD / integer arithmetic,,P,latency,R0,W0,2.001,2,2.001,cycles,
shadd_8h,"shadd v0.8h, v12.8h, v13.8h",SIMD / integer arithmetic,,P,latency,R1,W0,2,1.999,2.001,cycles,
shadd_8h,"shadd v0.8h, v12.8h, v13.8h",SIMD / integer arithmetic,,E,throughput,,,2.999,2.989,3,per cycle,
shadd_8h,"shadd v0.8h, v12.8h, v13.8h",SIMD / integer arithmetic,,E,latency,R0,W0,2,2,2.006,cycles,
shadd_8h,"shadd v0.8h, v12.8h, v13.8h",SIMD / integer arithmetic,,E,latency,R1,W0,2,2,2,cycles,
urhadd_8h,"urhadd v0.8h, v12.8h, v13.8h",SIMD / integer arithmetic,,P,throughput,,,4.002,3.999,4.002,per cycle,
urhadd_8h,"urhadd v0.8h, v12.8h, v13.8h",SIMD / integer arithmetic,,P,latency,R0,W0,2,2,2.001,cycles,
urhadd_8h,"urhadd v0.8h, v12.8h, v13.8h",SIMD / integer arithmetic,,P,latency,R1,W0,2.001,2,2.001,cycles,
urhadd_8h,"urhadd v0.8h, v12.8h, v13.8h",SIMD / integer arithmetic,,E,throughput,,,2.999,2.979,3.001,per cycle,
urhadd_8h,"urhadd v0.8h, v12.8h, v13.8h",SIMD / integer arithmetic,,E,latency,R0,W0,2,1.999,2.002,cycles,
urhadd_8h,"urhadd v0.8h, v12.8h, v13.8h",SIMD / integer arithmetic,,E,latency,R1,W0,2,1.997,2.007,cycles,
addp_8h,"addp v0.8h, v12.8h, v13.8h",SIMD / integer arithmetic,,P,throughput,,,3.998,3.998,3.999,per cycle,
addp_8h,"addp v0.8h, v12.8h, v13.8h",SIMD / integer arithmetic,,P,latency,R0,W0,2.001,2,2.001,cycles,
addp_8h,"addp v0.8h, v12.8h, v13.8h",SIMD / integer arithmetic,,P,latency,R1,W0,2,1.999,2,cycles,
addp_8h,"addp v0.8h, v12.8h, v13.8h",SIMD / integer arithmetic,,E,throughput,,,3,2.998,3.008,per cycle,
addp_8h,"addp v0.8h, v12.8h, v13.8h",SIMD / integer arithmetic,,E,latency,R0,W0,2,2,2,cycles,
addp_8h,"addp v0.8h, v12.8h, v13.8h",SIMD / integer arithmetic,,E,latency,R1,W0,2,2,2,cycles,
umaxp_8h,"umaxp v0.8h, v12.8h, v13.8h",SIMD / integer arithmetic,,P,throughput,,,4.002,3.999,4.003,per cycle,
umaxp_8h,"umaxp v0.8h, v12.8h, v13.8h",SIMD / integer arithmetic,,P,latency,R0,W0,2,1.999,2.001,cycles,
umaxp_8h,"umaxp v0.8h, v12.8h, v13.8h",SIMD / integer arithmetic,,P,latency,R1,W0,2.001,1.999,2.001,cycles,
umaxp_8h,"umaxp v0.8h, v12.8h, v13.8h",SIMD / integer arithmetic,,E,throughput,,,3,2.988,3.001,per cycle,
umaxp_8h,"umaxp v0.8h, v12.8h, v13.8h",SIMD / integer arithmetic,,E,latency,R0,W0,2,1.999,2.014,cycles,
umaxp_8h,"umaxp v0.8h, v12.8h, v13.8h",SIMD / integer arithmetic,,E,latency,R1,W0,2,2,2.018,cycles,
clz_8h,"clz v0.8h, v12.8h",SIMD / integer arithmetic,,P,throughput,,,3.999,3.998,4.002,per cycle,
clz_8h,"clz v0.8h, v12.8h",SIMD / integer arithmetic,,P,latency,R0,W0,2,1.999,2.001,cycles,
clz_8h,"clz v0.8h, v12.8h",SIMD / integer arithmetic,,E,throughput,,,2.999,2.993,3.007,per cycle,
clz_8h,"clz v0.8h, v12.8h",SIMD / integer arithmetic,,E,latency,R0,W0,2.001,2,2.017,cycles,
cls_8h,"cls v0.8h, v12.8h",SIMD / integer arithmetic,,P,throughput,,,4.001,3.998,4.002,per cycle,
cls_8h,"cls v0.8h, v12.8h",SIMD / integer arithmetic,,P,latency,R0,W0,2,1.999,2.001,cycles,
cls_8h,"cls v0.8h, v12.8h",SIMD / integer arithmetic,,E,throughput,,,2.999,2.985,3.001,per cycle,
cls_8h,"cls v0.8h, v12.8h",SIMD / integer arithmetic,,E,latency,R0,W0,2.001,2,2.005,cycles,
sqabs_8h,"sqabs v0.8h, v12.8h",SIMD / integer arithmetic,,P,throughput,,,4.002,3.999,4.002,per cycle,
sqabs_8h,"sqabs v0.8h, v12.8h",SIMD / integer arithmetic,,P,latency,R0,W0,2.999,2.999,3.001,cycles,
sqabs_8h,"sqabs v0.8h, v12.8h",SIMD / integer arithmetic,,E,throughput,,,3,2.998,3.013,per cycle,
sqabs_8h,"sqabs v0.8h, v12.8h",SIMD / integer arithmetic,,E,latency,R0,W0,3.001,3,3.005,cycles,
mul_4s,"mul v0.4s, v12.4s, v13.4s",SIMD / integer arithmetic,,P,throughput,,,4.002,3.998,4.002,per cycle,
mul_4s,"mul v0.4s, v12.4s, v13.4s",SIMD / integer arithmetic,,P,latency,R0,W0,2.999,2.999,3.001,cycles,
mul_4s,"mul v0.4s, v12.4s, v13.4s",SIMD / integer arithmetic,,P,latency,R1,W0,3.001,2.999,3.001,cycles,
mul_4s,"mul v0.4s, v12.4s, v13.4s",SIMD / integer arithmetic,,E,throughput,,,3.001,2.963,3.023,per cycle,
mul_4s,"mul v0.4s, v12.4s, v13.4s",SIMD / integer arithmetic,,E,latency,R0,W0,3,2.997,3.001,cycles,
mul_4s,"mul v0.4s, v12.4s, v13.4s",SIMD / integer arithmetic,,E,latency,R1,W0,3,2.997,3.02,cycles,
mla_4s,"mla v0.4s, v12.4s, v13.4s",SIMD / integer arithmetic,,P,throughput,,,3.294,3.227,3.337,per cycle,
mla_4s,"mla v0.4s, v12.4s, v13.4s",SIMD / integer arithmetic,,P,latency,RW0,RW0,3,2.999,3.001,cycles,
mla_4s,"mla v0.4s, v12.4s, v13.4s",SIMD / integer arithmetic,,P,latency,R0,RW0,3.001,2.998,3.001,cycles,tied-with-destination
mla_4s,"mla v0.4s, v12.4s, v13.4s",SIMD / integer arithmetic,,P,latency,R1,RW0,2.999,2.999,3.001,cycles,tied-with-destination
mla_4s,"mla v0.4s, v12.4s, v13.4s",SIMD / integer arithmetic,,E,throughput,,,2.999,2.984,3.003,per cycle,
mla_4s,"mla v0.4s, v12.4s, v13.4s",SIMD / integer arithmetic,,E,latency,RW0,RW0,3,3,3.006,cycles,
mla_4s,"mla v0.4s, v12.4s, v13.4s",SIMD / integer arithmetic,,E,latency,R0,RW0,3,2.998,3.006,cycles,tied-with-destination
mla_4s,"mla v0.4s, v12.4s, v13.4s",SIMD / integer arithmetic,,E,latency,R1,RW0,3.001,2.999,3.006,cycles,tied-with-destination
mls_4s,"mls v0.4s, v12.4s, v13.4s",SIMD / integer arithmetic,,P,throughput,,,3.219,3.2,3.311,per cycle,
mls_4s,"mls v0.4s, v12.4s, v13.4s",SIMD / integer arithmetic,,P,latency,RW0,RW0,3,2.999,3.001,cycles,
mls_4s,"mls v0.4s, v12.4s, v13.4s",SIMD / integer arithmetic,,P,latency,R0,RW0,3.001,2.998,3.001,cycles,tied-with-destination
mls_4s,"mls v0.4s, v12.4s, v13.4s",SIMD / integer arithmetic,,P,latency,R1,RW0,3.001,2.999,3.001,cycles,tied-with-destination
mls_4s,"mls v0.4s, v12.4s, v13.4s",SIMD / integer arithmetic,,E,throughput,,,2.998,2.992,3,per cycle,
mls_4s,"mls v0.4s, v12.4s, v13.4s",SIMD / integer arithmetic,,E,latency,RW0,RW0,3.001,2.999,3.006,cycles,
mls_4s,"mls v0.4s, v12.4s, v13.4s",SIMD / integer arithmetic,,E,latency,R0,RW0,3.002,3,3.008,cycles,tied-with-destination
mls_4s,"mls v0.4s, v12.4s, v13.4s",SIMD / integer arithmetic,,E,latency,R1,RW0,3.001,3,3.005,cycles,tied-with-destination
smax_4s,"smax v0.4s, v12.4s, v13.4s",SIMD / integer arithmetic,,P,throughput,,,4.113,4.104,4.235,per cycle,
smax_4s,"smax v0.4s, v12.4s, v13.4s",SIMD / integer arithmetic,,P,latency,R0,W0,2,2,2.001,cycles,
smax_4s,"smax v0.4s, v12.4s, v13.4s",SIMD / integer arithmetic,,P,latency,R1,W0,2,2,2.001,cycles,
smax_4s,"smax v0.4s, v12.4s, v13.4s",SIMD / integer arithmetic,,E,throughput,,,3,3,3.005,per cycle,
smax_4s,"smax v0.4s, v12.4s, v13.4s",SIMD / integer arithmetic,,E,latency,R0,W0,2,1.998,2.001,cycles,
smax_4s,"smax v0.4s, v12.4s, v13.4s",SIMD / integer arithmetic,,E,latency,R1,W0,2,2,2.004,cycles,
umin_4s,"umin v0.4s, v12.4s, v13.4s",SIMD / integer arithmetic,,P,throughput,,,4,3.998,4.003,per cycle,
umin_4s,"umin v0.4s, v12.4s, v13.4s",SIMD / integer arithmetic,,P,latency,R0,W0,2.001,1.999,2.001,cycles,
umin_4s,"umin v0.4s, v12.4s, v13.4s",SIMD / integer arithmetic,,P,latency,R1,W0,1.999,1.999,2.001,cycles,
umin_4s,"umin v0.4s, v12.4s, v13.4s",SIMD / integer arithmetic,,E,throughput,,,3,3,3.003,per cycle,
umin_4s,"umin v0.4s, v12.4s, v13.4s",SIMD / integer arithmetic,,E,latency,R0,W0,2.001,1.996,2.005,cycles,
umin_4s,"umin v0.4s, v12.4s, v13.4s",SIMD / integer arithmetic,,E,latency,R1,W0,2,1.999,2,cycles,
sabd_4s,"sabd v0.4s, v12.4s, v13.4s",SIMD / integer arithmetic,,P,throughput,,,4.001,3.998,4.003,per cycle,
sabd_4s,"sabd v0.4s, v12.4s, v13.4s",SIMD / integer arithmetic,,P,latency,R0,W0,3,2.999,3.001,cycles,
sabd_4s,"sabd v0.4s, v12.4s, v13.4s",SIMD / integer arithmetic,,P,latency,R1,W0,2.999,2.999,3.001,cycles,
sabd_4s,"sabd v0.4s, v12.4s, v13.4s",SIMD / integer arithmetic,,E,throughput,,,3.001,2.993,3.001,per cycle,
sabd_4s,"sabd v0.4s, v12.4s, v13.4s",SIMD / integer arithmetic,,E,latency,R0,W0,3,2.993,3.001,cycles,
sabd_4s,"sabd v0.4s, v12.4s, v13.4s",SIMD / integer arithmetic,,E,latency,R1,W0,3,2.999,3.01,cycles,
uaba_4s,"uaba v0.4s, v12.4s, v13.4s",SIMD / integer arithmetic,,P,throughput,,,3.306,3.261,3.505,per cycle,
uaba_4s,"uaba v0.4s, v12.4s, v13.4s",SIMD / integer arithmetic,,P,latency,RW0,RW0,3,2.998,3.001,cycles,
uaba_4s,"uaba v0.4s, v12.4s, v13.4s",SIMD / integer arithmetic,,P,latency,R0,RW0,3,2.999,3.002,cycles,tied-with-destination
uaba_4s,"uaba v0.4s, v12.4s, v13.4s",SIMD / integer arithmetic,,P,latency,R1,RW0,3,2.999,3.001,cycles,tied-with-destination
uaba_4s,"uaba v0.4s, v12.4s, v13.4s",SIMD / integer arithmetic,,E,throughput,,,3,3,3.012,per cycle,
uaba_4s,"uaba v0.4s, v12.4s, v13.4s",SIMD / integer arithmetic,,E,latency,RW0,RW0,3,2.999,3.023,cycles,
uaba_4s,"uaba v0.4s, v12.4s, v13.4s",SIMD / integer arithmetic,,E,latency,R0,RW0,3.0,3,3.02,cycles,tied-with-destination
uaba_4s,"uaba v0.4s, v12.4s, v13.4s",SIMD / integer arithmetic,,E,latency,R1,RW0,3.0,3,3.008,cycles,tied-with-destination
shadd_4s,"shadd v0.4s, v12.4s, v13.4s",SIMD / integer arithmetic,,P,throughput,,,4.132,4.002,4.807,per cycle,
shadd_4s,"shadd v0.4s, v12.4s, v13.4s",SIMD / integer arithmetic,,P,latency,R0,W0,2,2,2.001,cycles,
shadd_4s,"shadd v0.4s, v12.4s, v13.4s",SIMD / integer arithmetic,,P,latency,R1,W0,2,1.999,2,cycles,
shadd_4s,"shadd v0.4s, v12.4s, v13.4s",SIMD / integer arithmetic,,E,throughput,,,3.001,2.999,3.003,per cycle,
shadd_4s,"shadd v0.4s, v12.4s, v13.4s",SIMD / integer arithmetic,,E,latency,R0,W0,2,2,2.005,cycles,
shadd_4s,"shadd v0.4s, v12.4s, v13.4s",SIMD / integer arithmetic,,E,latency,R1,W0,2,1.999,2,cycles,
urhadd_4s,"urhadd v0.4s, v12.4s, v13.4s",SIMD / integer arithmetic,,P,throughput,,,3.999,3.999,4.003,per cycle,
urhadd_4s,"urhadd v0.4s, v12.4s, v13.4s",SIMD / integer arithmetic,,P,latency,R0,W0,2,2,2.001,cycles,
urhadd_4s,"urhadd v0.4s, v12.4s, v13.4s",SIMD / integer arithmetic,,P,latency,R1,W0,2,1.999,2.001,cycles,
urhadd_4s,"urhadd v0.4s, v12.4s, v13.4s",SIMD / integer arithmetic,,E,throughput,,,3.001,2.996,3.005,per cycle,
urhadd_4s,"urhadd v0.4s, v12.4s, v13.4s",SIMD / integer arithmetic,,E,latency,R0,W0,2,1.996,2,cycles,
urhadd_4s,"urhadd v0.4s, v12.4s, v13.4s",SIMD / integer arithmetic,,E,latency,R1,W0,2,1.999,2.004,cycles,
addp_4s,"addp v0.4s, v12.4s, v13.4s",SIMD / integer arithmetic,,P,throughput,,,3.999,3.998,4.002,per cycle,
addp_4s,"addp v0.4s, v12.4s, v13.4s",SIMD / integer arithmetic,,P,latency,R0,W0,2,2,2.001,cycles,
addp_4s,"addp v0.4s, v12.4s, v13.4s",SIMD / integer arithmetic,,P,latency,R1,W0,2,1.999,2,cycles,
addp_4s,"addp v0.4s, v12.4s, v13.4s",SIMD / integer arithmetic,,E,throughput,,,2.994,2.992,3,per cycle,
addp_4s,"addp v0.4s, v12.4s, v13.4s",SIMD / integer arithmetic,,E,latency,R0,W0,2,2,2.01,cycles,
addp_4s,"addp v0.4s, v12.4s, v13.4s",SIMD / integer arithmetic,,E,latency,R1,W0,2,2,2.004,cycles,
umaxp_4s,"umaxp v0.4s, v12.4s, v13.4s",SIMD / integer arithmetic,,P,throughput,,,3.999,3.998,4.002,per cycle,
umaxp_4s,"umaxp v0.4s, v12.4s, v13.4s",SIMD / integer arithmetic,,P,latency,R0,W0,2,2,2.001,cycles,
umaxp_4s,"umaxp v0.4s, v12.4s, v13.4s",SIMD / integer arithmetic,,P,latency,R1,W0,2,2,2,cycles,
umaxp_4s,"umaxp v0.4s, v12.4s, v13.4s",SIMD / integer arithmetic,,E,throughput,,,3,2.999,3.008,per cycle,
umaxp_4s,"umaxp v0.4s, v12.4s, v13.4s",SIMD / integer arithmetic,,E,latency,R0,W0,2,2,2.006,cycles,
umaxp_4s,"umaxp v0.4s, v12.4s, v13.4s",SIMD / integer arithmetic,,E,latency,R1,W0,2,1.999,2.002,cycles,
clz_4s,"clz v0.4s, v12.4s",SIMD / integer arithmetic,,P,throughput,,,3.999,3.998,4.002,per cycle,
clz_4s,"clz v0.4s, v12.4s",SIMD / integer arithmetic,,P,latency,R0,W0,2,2,2,cycles,
clz_4s,"clz v0.4s, v12.4s",SIMD / integer arithmetic,,E,throughput,,,3,2.921,3,per cycle,
clz_4s,"clz v0.4s, v12.4s",SIMD / integer arithmetic,,E,latency,R0,W0,2,1.998,2.001,cycles,
cls_4s,"cls v0.4s, v12.4s",SIMD / integer arithmetic,,P,throughput,,,4,3.998,4.002,per cycle,
cls_4s,"cls v0.4s, v12.4s",SIMD / integer arithmetic,,P,latency,R0,W0,2,1.999,2.001,cycles,
cls_4s,"cls v0.4s, v12.4s",SIMD / integer arithmetic,,E,throughput,,,3,3,3.003,per cycle,
cls_4s,"cls v0.4s, v12.4s",SIMD / integer arithmetic,,E,latency,R0,W0,2,1.996,2.001,cycles,
sqabs_4s,"sqabs v0.4s, v12.4s",SIMD / integer arithmetic,,P,throughput,,,4.001,3.999,4.002,per cycle,
sqabs_4s,"sqabs v0.4s, v12.4s",SIMD / integer arithmetic,,P,latency,R0,W0,3,2.999,3.001,cycles,
sqabs_4s,"sqabs v0.4s, v12.4s",SIMD / integer arithmetic,,E,throughput,,,3,3,3.002,per cycle,
sqabs_4s,"sqabs v0.4s, v12.4s",SIMD / integer arithmetic,,E,latency,R0,W0,3,3,3,cycles,
addp_2d,"addp v0.2d, v12.2d, v13.2d",SIMD / integer arithmetic,,P,throughput,,,4,3.999,4.001,per cycle,
addp_2d,"addp v0.2d, v12.2d, v13.2d",SIMD / integer arithmetic,,P,latency,R0,W0,2,2,2.001,cycles,
addp_2d,"addp v0.2d, v12.2d, v13.2d",SIMD / integer arithmetic,,P,latency,R1,W0,2,1.999,2.001,cycles,
addp_2d,"addp v0.2d, v12.2d, v13.2d",SIMD / integer arithmetic,,E,throughput,,,3,2.967,3.001,per cycle,
addp_2d,"addp v0.2d, v12.2d, v13.2d",SIMD / integer arithmetic,,E,latency,R0,W0,2,2,2.001,cycles,
addp_2d,"addp v0.2d, v12.2d, v13.2d",SIMD / integer arithmetic,,E,latency,R1,W0,2,1.999,2.026,cycles,
addp_d_scalar,"addp d0, v12.2d",SIMD / integer arithmetic,,P,throughput,,,3.999,3.998,4.001,per cycle,
addp_d_scalar,"addp d0, v12.2d",SIMD / integer arithmetic,,P,latency,R0,W0,2,2,2.001,cycles,
addp_d_scalar,"addp d0, v12.2d",SIMD / integer arithmetic,,E,throughput,,,3,3,3.023,per cycle,
addp_d_scalar,"addp d0, v12.2d",SIMD / integer arithmetic,,E,latency,R0,W0,2,2,2.011,cycles,
mul_4s_elem,"mul v0.4s, v12.4s, v13.s[1]",SIMD / integer arithmetic,,P,throughput,,,4,3.998,4.001,per cycle,
mul_4s_elem,"mul v0.4s, v12.4s, v13.s[1]",SIMD / integer arithmetic,,P,latency,R0,W0,3,2.999,3.001,cycles,
mul_4s_elem,"mul v0.4s, v12.4s, v13.s[1]",SIMD / integer arithmetic,,P,latency,R1,W0,3,2.999,3.001,cycles,
mul_4s_elem,"mul v0.4s, v12.4s, v13.s[1]",SIMD / integer arithmetic,,E,throughput,,,3.004,3,3.004,per cycle,
mul_4s_elem,"mul v0.4s, v12.4s, v13.s[1]",SIMD / integer arithmetic,,E,latency,R0,W0,2.999,2.996,3,cycles,
mul_4s_elem,"mul v0.4s, v12.4s, v13.s[1]",SIMD / integer arithmetic,,E,latency,R1,W0,3,2.998,3.001,cycles,
mul_8h_elem,"mul v0.8h, v12.8h, v13.h[1]",SIMD / integer arithmetic,,P,throughput,,,3.999,3.999,4.002,per cycle,
mul_8h_elem,"mul v0.8h, v12.8h, v13.h[1]",SIMD / integer arithmetic,,P,latency,R0,W0,2.999,2.999,3,cycles,
mul_8h_elem,"mul v0.8h, v12.8h, v13.h[1]",SIMD / integer arithmetic,,P,latency,R1,W0,3,3,3.001,cycles,
mul_8h_elem,"mul v0.8h, v12.8h, v13.h[1]",SIMD / integer arithmetic,,E,throughput,,,3,2.978,3.001,per cycle,
mul_8h_elem,"mul v0.8h, v12.8h, v13.h[1]",SIMD / integer arithmetic,,E,latency,R0,W0,3,2.997,3.005,cycles,
mul_8h_elem,"mul v0.8h, v12.8h, v13.h[1]",SIMD / integer arithmetic,,E,latency,R1,W0,3,2.999,3.006,cycles,
mla_4s_elem,"mla v0.4s, v12.4s, v13.s[1]",SIMD / integer arithmetic,,P,throughput,,,3.305,3.254,3.324,per cycle,
mla_4s_elem,"mla v0.4s, v12.4s, v13.s[1]",SIMD / integer arithmetic,,P,latency,RW0,RW0,3.001,3,3.001,cycles,
mla_4s_elem,"mla v0.4s, v12.4s, v13.s[1]",SIMD / integer arithmetic,,P,latency,R0,RW0,3,2.999,3,cycles,tied-with-destination
mla_4s_elem,"mla v0.4s, v12.4s, v13.s[1]",SIMD / integer arithmetic,,P,latency,R1,RW0,2.999,2.999,3.001,cycles,tied-with-destination
mla_4s_elem,"mla v0.4s, v12.4s, v13.s[1]",SIMD / integer arithmetic,,E,throughput,,,3,2.986,3.006,per cycle,
mla_4s_elem,"mla v0.4s, v12.4s, v13.s[1]",SIMD / integer arithmetic,,E,latency,RW0,RW0,3,2.988,3,cycles,
mla_4s_elem,"mla v0.4s, v12.4s, v13.s[1]",SIMD / integer arithmetic,,E,latency,R0,RW0,3,2.999,3.005,cycles,tied-with-destination
mla_4s_elem,"mla v0.4s, v12.4s, v13.s[1]",SIMD / integer arithmetic,,E,latency,R1,RW0,3,2.999,3.002,cycles,tied-with-destination
sqdmulh_8h,"sqdmulh v0.8h, v12.8h, v13.8h",SIMD / integer arithmetic,,P,throughput,,,4.85,4.658,4.94,per cycle,
sqdmulh_8h,"sqdmulh v0.8h, v12.8h, v13.8h",SIMD / integer arithmetic,,P,latency,R0,W0,3,3,3.001,cycles,
sqdmulh_8h,"sqdmulh v0.8h, v12.8h, v13.8h",SIMD / integer arithmetic,,P,latency,R1,W0,3,2.999,3.001,cycles,
sqdmulh_8h,"sqdmulh v0.8h, v12.8h, v13.8h",SIMD / integer arithmetic,,E,throughput,,,3.001,3,3.001,per cycle,
sqdmulh_8h,"sqdmulh v0.8h, v12.8h, v13.8h",SIMD / integer arithmetic,,E,latency,R0,W0,3,3,3.004,cycles,
sqdmulh_8h,"sqdmulh v0.8h, v12.8h, v13.8h",SIMD / integer arithmetic,,E,latency,R1,W0,3,2.996,3.002,cycles,
sqdmulh_4s,"sqdmulh v0.4s, v12.4s, v13.4s",SIMD / integer arithmetic,,P,throughput,,,4,3.998,4.002,per cycle,
sqdmulh_4s,"sqdmulh v0.4s, v12.4s, v13.4s",SIMD / integer arithmetic,,P,latency,R0,W0,2.999,2.999,3,cycles,
sqdmulh_4s,"sqdmulh v0.4s, v12.4s, v13.4s",SIMD / integer arithmetic,,P,latency,R1,W0,3,3,3.001,cycles,
sqdmulh_4s,"sqdmulh v0.4s, v12.4s, v13.4s",SIMD / integer arithmetic,,E,throughput,,,3,2.99,3,per cycle,
sqdmulh_4s,"sqdmulh v0.4s, v12.4s, v13.4s",SIMD / integer arithmetic,,E,latency,R0,W0,3,3,3.009,cycles,
sqdmulh_4s,"sqdmulh v0.4s, v12.4s, v13.4s",SIMD / integer arithmetic,,E,latency,R1,W0,3.001,3,3.006,cycles,
sqrdmulh_4s,"sqrdmulh v0.4s, v12.4s, v13.4s",SIMD / integer arithmetic,,P,throughput,,,4,3.998,4.001,per cycle,
sqrdmulh_4s,"sqrdmulh v0.4s, v12.4s, v13.4s",SIMD / integer arithmetic,,P,latency,R0,W0,3,2.999,3.001,cycles,
sqrdmulh_4s,"sqrdmulh v0.4s, v12.4s, v13.4s",SIMD / integer arithmetic,,P,latency,R1,W0,3,2.999,3.001,cycles,
sqrdmulh_4s,"sqrdmulh v0.4s, v12.4s, v13.4s",SIMD / integer arithmetic,,E,throughput,,,3.001,2.994,3.008,per cycle,
sqrdmulh_4s,"sqrdmulh v0.4s, v12.4s, v13.4s",SIMD / integer arithmetic,,E,latency,R0,W0,3.001,3,3.003,cycles,
sqrdmulh_4s,"sqrdmulh v0.4s, v12.4s, v13.4s",SIMD / integer arithmetic,,E,latency,R1,W0,3.001,3,3.006,cycles,
sqrdmlah_4s,"sqrdmlah v0.4s, v12.4s, v13.4s",SIMD / integer arithmetic,RDM,P,throughput,,,3.348,3.243,3.416,per cycle,
sqrdmlah_4s,"sqrdmlah v0.4s, v12.4s, v13.4s",SIMD / integer arithmetic,RDM,P,latency,RW0,RW0,3,3,3.001,cycles,
sqrdmlah_4s,"sqrdmlah v0.4s, v12.4s, v13.4s",SIMD / integer arithmetic,RDM,P,latency,R0,RW0,3,2.999,3.002,cycles,tied-with-destination
sqrdmlah_4s,"sqrdmlah v0.4s, v12.4s, v13.4s",SIMD / integer arithmetic,RDM,P,latency,R1,RW0,3,2.999,3,cycles,tied-with-destination
sqrdmlah_4s,"sqrdmlah v0.4s, v12.4s, v13.4s",SIMD / integer arithmetic,RDM,E,throughput,,,3,2.979,3.005,per cycle,
sqrdmlah_4s,"sqrdmlah v0.4s, v12.4s, v13.4s",SIMD / integer arithmetic,RDM,E,latency,RW0,RW0,3,2.999,3.026,cycles,
sqrdmlah_4s,"sqrdmlah v0.4s, v12.4s, v13.4s",SIMD / integer arithmetic,RDM,E,latency,R0,RW0,3,2.998,3.018,cycles,tied-with-destination
sqrdmlah_4s,"sqrdmlah v0.4s, v12.4s, v13.4s",SIMD / integer arithmetic,RDM,E,latency,R1,RW0,3,3,3.001,cycles,tied-with-destination
add_d_scalar,"add d0, d12, d13",SIMD / integer arithmetic,,P,throughput,,,4.311,4.188,4.333,per cycle,
add_d_scalar,"add d0, d12, d13",SIMD / integer arithmetic,,P,latency,R0,W0,2,1.999,2.001,cycles,
add_d_scalar,"add d0, d12, d13",SIMD / integer arithmetic,,P,latency,R1,W0,2,2,2.001,cycles,
add_d_scalar,"add d0, d12, d13",SIMD / integer arithmetic,,E,throughput,,,2.999,2.988,3,per cycle,
add_d_scalar,"add d0, d12, d13",SIMD / integer arithmetic,,E,latency,R0,W0,2,1.994,2.001,cycles,
add_d_scalar,"add d0, d12, d13",SIMD / integer arithmetic,,E,latency,R1,W0,2,1.999,2.008,cycles,
cmeq_d_scalar,"cmeq d0, d12, d13",SIMD / integer arithmetic,,P,throughput,,,3.999,3.998,4.002,per cycle,
cmeq_d_scalar,"cmeq d0, d12, d13",SIMD / integer arithmetic,,P,latency,R0,W0,2,2,2.001,cycles,
cmeq_d_scalar,"cmeq d0, d12, d13",SIMD / integer arithmetic,,P,latency,R1,W0,2,1.999,2.001,cycles,
cmeq_d_scalar,"cmeq d0, d12, d13",SIMD / integer arithmetic,,E,throughput,,,3,2.985,3.001,per cycle,
cmeq_d_scalar,"cmeq d0, d12, d13",SIMD / integer arithmetic,,E,latency,R0,W0,2,1.998,2.001,cycles,
cmeq_d_scalar,"cmeq d0, d12, d13",SIMD / integer arithmetic,,E,latency,R1,W0,2,1.999,2.004,cycles,
shl_d_scalar,"shl d0, d12, #3",SIMD / integer arithmetic,,P,throughput,,,3.999,3.998,4.002,per cycle,
shl_d_scalar,"shl d0, d12, #3",SIMD / integer arithmetic,,P,latency,R0,W0,2,1.999,2.001,cycles,
shl_d_scalar,"shl d0, d12, #3",SIMD / integer arithmetic,,E,throughput,,,2.999,2.991,3.001,per cycle,
shl_d_scalar,"shl d0, d12, #3",SIMD / integer arithmetic,,E,latency,R0,W0,2,2,2.003,cycles,
ushl_d_scalar,"ushl d0, d12, d13",SIMD / integer arithmetic,,P,throughput,,,3.999,3.998,4.002,per cycle,
ushl_d_scalar,"ushl d0, d12, d13",SIMD / integer arithmetic,,P,latency,R0,W0,2.001,2,2.001,cycles,
ushl_d_scalar,"ushl d0, d12, d13",SIMD / integer arithmetic,,P,latency,R1,W0,2,2,2,cycles,
ushl_d_scalar,"ushl d0, d12, d13",SIMD / integer arithmetic,,E,throughput,,,3,2.999,3.018,per cycle,
ushl_d_scalar,"ushl d0, d12, d13",SIMD / integer arithmetic,,E,latency,R0,W0,2,1.998,2.004,cycles,
ushl_d_scalar,"ushl d0, d12, d13",SIMD / integer arithmetic,,E,latency,R1,W0,2,1.999,2.006,cycles,
cnt_16b,"cnt v0.16b, v12.16b",SIMD / integer arithmetic,,P,throughput,,,4.001,3.999,4.002,per cycle,
cnt_16b,"cnt v0.16b, v12.16b",SIMD / integer arithmetic,,P,latency,R0,W0,2,1.999,2,cycles,
cnt_16b,"cnt v0.16b, v12.16b",SIMD / integer arithmetic,,E,throughput,,,3,2.998,3,per cycle,
cnt_16b,"cnt v0.16b, v12.16b",SIMD / integer arithmetic,,E,latency,R0,W0,2,2,2.005,cycles,
rbit_16b,"rbit v0.16b, v12.16b",SIMD / integer arithmetic,,P,throughput,,,4.001,3.797,4.002,per cycle,
rbit_16b,"rbit v0.16b, v12.16b",SIMD / integer arithmetic,,P,latency,R0,W0,2,1.999,2.001,cycles,
rbit_16b,"rbit v0.16b, v12.16b",SIMD / integer arithmetic,,E,throughput,,,3,2.986,3,per cycle,
rbit_16b,"rbit v0.16b, v12.16b",SIMD / integer arithmetic,,E,latency,R0,W0,2,2,2,cycles,
rev16_16b,"rev16 v0.16b, v12.16b",SIMD / integer arithmetic,,P,throughput,,,4.001,3.998,4.002,per cycle,
rev16_16b,"rev16 v0.16b, v12.16b",SIMD / integer arithmetic,,P,latency,R0,W0,1.999,1.999,2,cycles,
rev16_16b,"rev16 v0.16b, v12.16b",SIMD / integer arithmetic,,E,throughput,,,2.999,2.993,3,per cycle,
rev16_16b,"rev16 v0.16b, v12.16b",SIMD / integer arithmetic,,E,latency,R0,W0,2,2,2.005,cycles,
rev32_16b,"rev32 v0.16b, v12.16b",SIMD / integer arithmetic,,P,throughput,,,4.001,3.999,4.003,per cycle,
rev32_16b,"rev32 v0.16b, v12.16b",SIMD / integer arithmetic,,P,latency,R0,W0,2,2,2,cycles,
rev32_16b,"rev32 v0.16b, v12.16b",SIMD / integer arithmetic,,E,throughput,,,3,2.997,3.009,per cycle,
rev32_16b,"rev32 v0.16b, v12.16b",SIMD / integer arithmetic,,E,latency,R0,W0,2,1.999,2.004,cycles,
rev64_16b,"rev64 v0.16b, v12.16b",SIMD / integer arithmetic,,P,throughput,,,4,3.998,4.002,per cycle,
rev64_16b,"rev64 v0.16b, v12.16b",SIMD / integer arithmetic,,P,latency,R0,W0,2,1.999,2.001,cycles,
rev64_16b,"rev64 v0.16b, v12.16b",SIMD / integer arithmetic,,E,throughput,,,3,2.998,3.001,per cycle,
rev64_16b,"rev64 v0.16b, v12.16b",SIMD / integer arithmetic,,E,latency,R0,W0,2,1.997,2.003,cycles,
rev64_4s,"rev64 v0.4s, v12.4s",SIMD / integer arithmetic,,P,throughput,,,4,3.999,4.003,per cycle,
rev64_4s,"rev64 v0.4s, v12.4s",SIMD / integer arithmetic,,P,latency,R0,W0,2,1.999,2.001,cycles,
rev64_4s,"rev64 v0.4s, v12.4s",SIMD / integer arithmetic,,E,throughput,,,3,2.997,3,per cycle,
rev64_4s,"rev64 v0.4s, v12.4s",SIMD / integer arithmetic,,E,latency,R0,W0,2,1.999,2.001,cycles,
urecpe_4s,"urecpe v0.4s, v12.4s",SIMD / integer arithmetic,,P,throughput,,,1,0.999,1.001,per cycle,
urecpe_4s,"urecpe v0.4s, v12.4s",SIMD / integer arithmetic,,P,latency,R0,W0,3,2.998,3.001,cycles,
urecpe_4s,"urecpe v0.4s, v12.4s",SIMD / integer arithmetic,,E,throughput,,,0.5,0.499,0.501,per cycle,
urecpe_4s,"urecpe v0.4s, v12.4s",SIMD / integer arithmetic,,E,latency,R0,W0,4.001,4,4.003,cycles,
ursqrte_4s,"ursqrte v0.4s, v12.4s",SIMD / integer arithmetic,,P,throughput,,,1,1,1.001,per cycle,
ursqrte_4s,"ursqrte v0.4s, v12.4s",SIMD / integer arithmetic,,P,latency,R0,W0,3,2.999,3.001,cycles,
ursqrte_4s,"ursqrte v0.4s, v12.4s",SIMD / integer arithmetic,,E,throughput,,,0.5,0.499,0.5,per cycle,
ursqrte_4s,"ursqrte v0.4s, v12.4s",SIMD / integer arithmetic,,E,latency,R0,W0,4,4,4.036,cycles,
and_16b,"and v0.16b, v12.16b, v13.16b",SIMD / logical,,P,throughput,,,3.999,3.998,4.002,per cycle,
and_16b,"and v0.16b, v12.16b, v13.16b",SIMD / logical,,P,latency,R0,W0,2,2,2.001,cycles,
and_16b,"and v0.16b, v12.16b, v13.16b",SIMD / logical,,P,latency,R1,W0,2,2,2.001,cycles,
and_16b,"and v0.16b, v12.16b, v13.16b",SIMD / logical,,E,throughput,,,2.999,2.997,3,per cycle,
and_16b,"and v0.16b, v12.16b, v13.16b",SIMD / logical,,E,latency,R0,W0,2,1.999,2.004,cycles,
and_16b,"and v0.16b, v12.16b, v13.16b",SIMD / logical,,E,latency,R1,W0,2,1.998,2,cycles,
orr_16b,"orr v0.16b, v12.16b, v13.16b",SIMD / logical,,P,throughput,,,4.001,3.998,4.002,per cycle,
orr_16b,"orr v0.16b, v12.16b, v13.16b",SIMD / logical,,P,latency,R0,W0,2,1.999,2.001,cycles,
orr_16b,"orr v0.16b, v12.16b, v13.16b",SIMD / logical,,P,latency,R1,W0,2.001,1.999,2.001,cycles,
orr_16b,"orr v0.16b, v12.16b, v13.16b",SIMD / logical,,E,throughput,,,3,2.962,3,per cycle,
orr_16b,"orr v0.16b, v12.16b, v13.16b",SIMD / logical,,E,latency,R0,W0,2,2,2.007,cycles,
orr_16b,"orr v0.16b, v12.16b, v13.16b",SIMD / logical,,E,latency,R1,W0,2,1.998,2.008,cycles,
eor_16b,"eor v0.16b, v12.16b, v13.16b",SIMD / logical,,P,throughput,,,4.002,3.998,4.003,per cycle,
eor_16b,"eor v0.16b, v12.16b, v13.16b",SIMD / logical,,P,latency,R0,W0,2,1.999,2.001,cycles,
eor_16b,"eor v0.16b, v12.16b, v13.16b",SIMD / logical,,P,latency,R1,W0,2,1.999,2.001,cycles,
eor_16b,"eor v0.16b, v12.16b, v13.16b",SIMD / logical,,E,throughput,,,3.001,3,3.008,per cycle,
eor_16b,"eor v0.16b, v12.16b, v13.16b",SIMD / logical,,E,latency,R0,W0,2,2,2.001,cycles,
eor_16b,"eor v0.16b, v12.16b, v13.16b",SIMD / logical,,E,latency,R1,W0,2,1.997,2,cycles,
bic_16b,"bic v0.16b, v12.16b, v13.16b",SIMD / logical,,P,throughput,,,3.999,3.998,4.002,per cycle,
bic_16b,"bic v0.16b, v12.16b, v13.16b",SIMD / logical,,P,latency,R0,W0,2.001,2,2.001,cycles,
bic_16b,"bic v0.16b, v12.16b, v13.16b",SIMD / logical,,P,latency,R1,W0,2,1.999,2,cycles,
bic_16b,"bic v0.16b, v12.16b, v13.16b",SIMD / logical,,E,throughput,,,3,2.993,3.015,per cycle,
bic_16b,"bic v0.16b, v12.16b, v13.16b",SIMD / logical,,E,latency,R0,W0,2,2,2.008,cycles,
bic_16b,"bic v0.16b, v12.16b, v13.16b",SIMD / logical,,E,latency,R1,W0,2,1.999,2,cycles,
orn_16b,"orn v0.16b, v12.16b, v13.16b",SIMD / logical,,P,throughput,,,4,3.999,4.002,per cycle,
orn_16b,"orn v0.16b, v12.16b, v13.16b",SIMD / logical,,P,latency,R0,W0,2,2,2.001,cycles,
orn_16b,"orn v0.16b, v12.16b, v13.16b",SIMD / logical,,P,latency,R1,W0,2,2,2.001,cycles,
orn_16b,"orn v0.16b, v12.16b, v13.16b",SIMD / logical,,E,throughput,,,3,2.988,3,per cycle,
orn_16b,"orn v0.16b, v12.16b, v13.16b",SIMD / logical,,E,latency,R0,W0,2,1.993,2,cycles,
orn_16b,"orn v0.16b, v12.16b, v13.16b",SIMD / logical,,E,latency,R1,W0,2,2,2.007,cycles,
not_16b,"not v0.16b, v12.16b",SIMD / logical,,P,throughput,,,4.001,3.998,4.002,per cycle,
not_16b,"not v0.16b, v12.16b",SIMD / logical,,P,latency,R0,W0,2,2,2,cycles,
not_16b,"not v0.16b, v12.16b",SIMD / logical,,E,throughput,,,3,2.999,3.008,per cycle,
not_16b,"not v0.16b, v12.16b",SIMD / logical,,E,latency,R0,W0,2,2,2.001,cycles,
bsl_16b,"bsl v0.16b, v12.16b, v13.16b",SIMD / logical,,P,throughput,,,3.028,3.012,3.107,per cycle,
bsl_16b,"bsl v0.16b, v12.16b, v13.16b",SIMD / logical,,P,latency,RW0,RW0,2,2,2.001,cycles,
bsl_16b,"bsl v0.16b, v12.16b, v13.16b",SIMD / logical,,P,latency,R0,RW0,2,2,2.001,cycles,tied-with-destination
bsl_16b,"bsl v0.16b, v12.16b, v13.16b",SIMD / logical,,P,latency,R1,RW0,2,2,2.001,cycles,tied-with-destination
bsl_16b,"bsl v0.16b, v12.16b, v13.16b",SIMD / logical,,E,throughput,,,3,2.998,3.001,per cycle,
bsl_16b,"bsl v0.16b, v12.16b, v13.16b",SIMD / logical,,E,latency,RW0,RW0,2,1.996,2.001,cycles,
bsl_16b,"bsl v0.16b, v12.16b, v13.16b",SIMD / logical,,E,latency,R0,RW0,2,1.988,2,cycles,tied-with-destination
bsl_16b,"bsl v0.16b, v12.16b, v13.16b",SIMD / logical,,E,latency,R1,RW0,2,2,2.001,cycles,tied-with-destination
bit_16b,"bit v0.16b, v12.16b, v13.16b",SIMD / logical,,P,throughput,,,2.944,2.874,3.248,per cycle,
bit_16b,"bit v0.16b, v12.16b, v13.16b",SIMD / logical,,P,latency,RW0,RW0,2,1.999,2,cycles,
bit_16b,"bit v0.16b, v12.16b, v13.16b",SIMD / logical,,P,latency,R0,RW0,2.001,2,2.001,cycles,tied-with-destination
bit_16b,"bit v0.16b, v12.16b, v13.16b",SIMD / logical,,P,latency,R1,RW0,2,2,2.001,cycles,tied-with-destination
bit_16b,"bit v0.16b, v12.16b, v13.16b",SIMD / logical,,E,throughput,,,3,3,3,per cycle,
bit_16b,"bit v0.16b, v12.16b, v13.16b",SIMD / logical,,E,latency,RW0,RW0,2,2,2.001,cycles,
bit_16b,"bit v0.16b, v12.16b, v13.16b",SIMD / logical,,E,latency,R0,RW0,2,1.999,2,cycles,tied-with-destination
bit_16b,"bit v0.16b, v12.16b, v13.16b",SIMD / logical,,E,latency,R1,RW0,2,2,2,cycles,tied-with-destination
bif_16b,"bif v0.16b, v12.16b, v13.16b",SIMD / logical,,P,throughput,,,2.821,2.796,3.135,per cycle,
bif_16b,"bif v0.16b, v12.16b, v13.16b",SIMD / logical,,P,latency,RW0,RW0,2,2,2.001,cycles,
bif_16b,"bif v0.16b, v12.16b, v13.16b",SIMD / logical,,P,latency,R0,RW0,2,2,2,cycles,tied-with-destination
bif_16b,"bif v0.16b, v12.16b, v13.16b",SIMD / logical,,P,latency,R1,RW0,2,1.999,2,cycles,tied-with-destination
bif_16b,"bif v0.16b, v12.16b, v13.16b",SIMD / logical,,E,throughput,,,3,2.999,3,per cycle,
bif_16b,"bif v0.16b, v12.16b, v13.16b",SIMD / logical,,E,latency,RW0,RW0,2,1.997,2,cycles,
bif_16b,"bif v0.16b, v12.16b, v13.16b",SIMD / logical,,E,latency,R0,RW0,2.0,2,2.008,cycles,tied-with-destination
bif_16b,"bif v0.16b, v12.16b, v13.16b",SIMD / logical,,E,latency,R1,RW0,2.0,1.995,2,cycles,tied-with-destination
orr_4s_imm,"orr v0.4s, #1",SIMD / logical,,P,throughput,,,4.12,3.426,4.321,per cycle,
orr_4s_imm,"orr v0.4s, #1",SIMD / logical,,P,latency,RW0,RW0,2,2,2.001,cycles,
orr_4s_imm,"orr v0.4s, #1",SIMD / logical,,E,throughput,,,3,3,3.003,per cycle,
orr_4s_imm,"orr v0.4s, #1",SIMD / logical,,E,latency,RW0,RW0,2,1.999,2.003,cycles,
bic_4s_imm,"bic v0.4s, #1",SIMD / logical,,P,throughput,,,3.504,3.346,4.324,per cycle,
bic_4s_imm,"bic v0.4s, #1",SIMD / logical,,P,latency,RW0,RW0,2,2,2,cycles,
bic_4s_imm,"bic v0.4s, #1",SIMD / logical,,E,throughput,,,3,3,3,per cycle,
bic_4s_imm,"bic v0.4s, #1",SIMD / logical,,E,latency,RW0,RW0,2,1.998,2,cycles,
eor_16b_self,"eor v0.16b, v12.16b, v12.16b",SIMD / logical,,P,throughput,,,4.128,3.542,4.571,per cycle,
eor_16b_self,"eor v0.16b, v12.16b, v12.16b",SIMD / logical,,P,latency,R0,W0,2,2,2,cycles,
eor_16b_self,"eor v0.16b, v12.16b, v12.16b",SIMD / logical,,E,throughput,,,3,2.999,3.001,per cycle,
eor_16b_self,"eor v0.16b, v12.16b, v12.16b",SIMD / logical,,E,latency,R0,W0,2,1.998,2.001,cycles,
mov_16b,"mov v0.16b, v12.16b","SIMD / moves, immediates, permutes",,P,throughput,,,9.999,9.997,10.001,per cycle,
mov_16b,"mov v0.16b, v12.16b","SIMD / moves, immediates, permutes",,P,latency,R0,W0,1.804,1.803,1.804,cycles,
mov_16b,"mov v0.16b, v12.16b","SIMD / moves, immediates, permutes",,E,throughput,,,6.001,5.998,6.004,per cycle,
mov_16b,"mov v0.16b, v12.16b","SIMD / moves, immediates, permutes",,E,latency,R0,W0,1.672,1.672,1.672,cycles,
movi_16b,"movi v0.16b, #1","SIMD / moves, immediates, permutes",,P,throughput,,,4,3.999,4.001,per cycle,
movi_16b,"movi v0.16b, #1","SIMD / moves, immediates, permutes",,E,throughput,,,3,3,3.008,per cycle,
movi_2d_zero,"movi v0.2d, #0","SIMD / moves, immediates, permutes",,P,throughput,,,9.999,9.995,9.999,per cycle,
movi_2d_zero,"movi v0.2d, #0","SIMD / moves, immediates, permutes",,E,throughput,,,5.999,5.986,6.01,per cycle,
movi_16b_zero,"movi v0.16b, #0","SIMD / moves, immediates, permutes",,P,throughput,,,9.998,9.996,10,per cycle,
movi_16b_zero,"movi v0.16b, #0","SIMD / moves, immediates, permutes",,E,throughput,,,6,5.999,6.006,per cycle,
movi_2d_ones,"movi v0.2d, #0xffffffffffffffff","SIMD / moves, immediates, permutes",,P,throughput,,,4,3.998,4.001,per cycle,
movi_2d_ones,"movi v0.2d, #0xffffffffffffffff","SIMD / moves, immediates, permutes",,E,throughput,,,2.996,2.984,3,per cycle,
movi_4s,"movi v0.4s, #1","SIMD / moves, immediates, permutes",,P,throughput,,,3.999,3.999,4.002,per cycle,
movi_4s,"movi v0.4s, #1","SIMD / moves, immediates, permutes",,E,throughput,,,3,2.985,3,per cycle,
mvni_4s,"mvni v0.4s, #1","SIMD / moves, immediates, permutes",,P,throughput,,,4,3.999,4.002,per cycle,
mvni_4s,"mvni v0.4s, #1","SIMD / moves, immediates, permutes",,E,throughput,,,3,2.999,3.001,per cycle,
fmov_4s_imm,"fmov v0.4s, #1.0","SIMD / moves, immediates, permutes",,P,throughput,,,4,3.999,4.002,per cycle,
fmov_4s_imm,"fmov v0.4s, #1.0","SIMD / moves, immediates, permutes",,E,throughput,,,3,3,3.001,per cycle,
dup_16b_w,"dup v0.16b, w19","SIMD / moves, immediates, permutes",,P,throughput,,,3,3,3.001,per cycle,
dup_16b_w,"dup v0.16b, w19","SIMD / moves, immediates, permutes",,P,latency,R0,W0,10.001,9.989,10.002,cycles,"round-trip-via-fmovx,d"
dup_16b_w,"dup v0.16b, w19","SIMD / moves, immediates, permutes",,E,throughput,,,2,1.998,2.008,per cycle,
dup_16b_w,"dup v0.16b, w19","SIMD / moves, immediates, permutes",,E,latency,R0,W0,8.001,8,8.003,cycles,"round-trip-via-fmovx,d"
dup_4s_w,"dup v0.4s, w19","SIMD / moves, immediates, permutes",,P,throughput,,,3,3,3.002,per cycle,
dup_4s_w,"dup v0.4s, w19","SIMD / moves, immediates, permutes",,P,latency,R0,W0,9.999,9.998,10.006,cycles,"round-trip-via-fmovx,d"
dup_4s_w,"dup v0.4s, w19","SIMD / moves, immediates, permutes",,E,throughput,,,2,1.955,2.002,per cycle,
dup_4s_w,"dup v0.4s, w19","SIMD / moves, immediates, permutes",,E,latency,R0,W0,8,7.997,8.001,cycles,"round-trip-via-fmovx,d"
dup_2d_x,"dup v0.2d, x19","SIMD / moves, immediates, permutes",,P,throughput,,,3,2.999,3.001,per cycle,
dup_2d_x,"dup v0.2d, x19","SIMD / moves, immediates, permutes",,P,latency,R0,W0,10.002,9.999,10.003,cycles,"round-trip-via-fmovx,d"
dup_2d_x,"dup v0.2d, x19","SIMD / moves, immediates, permutes",,E,throughput,,,2,1.997,2,per cycle,
dup_2d_x,"dup v0.2d, x19","SIMD / moves, immediates, permutes",,E,latency,R0,W0,8,7.999,8.001,cycles,"round-trip-via-fmovx,d"
dup_4s_elem,"dup v0.4s, v12.s[1]","SIMD / moves, immediates, permutes",,P,throughput,,,4,3.998,4.002,per cycle,
dup_4s_elem,"dup v0.4s, v12.s[1]","SIMD / moves, immediates, permutes",,P,latency,R0,W0,2,2,2.001,cycles,
dup_4s_elem,"dup v0.4s, v12.s[1]","SIMD / moves, immediates, permutes",,E,throughput,,,3,2.999,3.001,per cycle,
dup_4s_elem,"dup v0.4s, v12.s[1]","SIMD / moves, immediates, permutes",,E,latency,R0,W0,2,1.995,2,cycles,
dup_2d_elem,"dup v0.2d, v12.d[1]","SIMD / moves, immediates, permutes",,P,throughput,,,4,3.998,4.001,per cycle,
dup_2d_elem,"dup v0.2d, v12.d[1]","SIMD / moves, immediates, permutes",,P,latency,R0,W0,2,1.999,2.001,cycles,
dup_2d_elem,"dup v0.2d, v12.d[1]","SIMD / moves, immediates, permutes",,E,throughput,,,3,2.998,3.001,per cycle,
dup_2d_elem,"dup v0.2d, v12.d[1]","SIMD / moves, immediates, permutes",,E,latency,R0,W0,2,1.999,2.009,cycles,
dup_s_scalar,"mov s0, v12.s[1]","SIMD / moves, immediates, permutes",,P,throughput,,,3.999,3.998,4.001,per cycle,
dup_s_scalar,"mov s0, v12.s[1]","SIMD / moves, immediates, permutes",,P,latency,R0,W0,2,1.999,2.001,cycles,
dup_s_scalar,"mov s0, v12.s[1]","SIMD / moves, immediates, permutes",,E,throughput,,,3,2.999,3.025,per cycle,
dup_s_scalar,"mov s0, v12.s[1]","SIMD / moves, immediates, permutes",,E,latency,R0,W0,2,1.993,2.001,cycles,
ins_s_w,"mov v0.s[1], w19","SIMD / moves, immediates, permutes",,P,throughput,,,2.298,2.178,2.402,per cycle,
ins_s_w,"mov v0.s[1], w19","SIMD / moves, immediates, permutes",,P,latency,RW0,RW0,2,1.998,2,cycles,
ins_s_w,"mov v0.s[1], w19","SIMD / moves, immediates, permutes",,E,throughput,,,1.999,1.998,2.005,per cycle,
ins_s_w,"mov v0.s[1], w19","SIMD / moves, immediates, permutes",,E,latency,RW0,RW0,2,2,2.008,cycles,
ins_d_x,"mov v0.d[1], x19","SIMD / moves, immediates, permutes",,P,throughput,,,2.405,2.199,2.656,per cycle,
ins_d_x,"mov v0.d[1], x19","SIMD / moves, immediates, permutes",,P,latency,RW0,RW0,2,1.999,2.001,cycles,
ins_d_x,"mov v0.d[1], x19","SIMD / moves, immediates, permutes",,E,throughput,,,1.999,1.995,2,per cycle,
ins_d_x,"mov v0.d[1], x19","SIMD / moves, immediates, permutes",,E,latency,RW0,RW0,2,1.995,2,cycles,
ins_s_elem,"mov v0.s[1], v12.s[2]","SIMD / moves, immediates, permutes",,P,throughput,,,3.183,3.07,3.286,per cycle,
ins_s_elem,"mov v0.s[1], v12.s[2]","SIMD / moves, immediates, permutes",,P,latency,RW0,RW0,2,1.999,2,cycles,
ins_s_elem,"mov v0.s[1], v12.s[2]","SIMD / moves, immediates, permutes",,P,latency,R0,RW0,2,2,2.001,cycles,tied-with-destination
ins_s_elem,"mov v0.s[1], v12.s[2]","SIMD / moves, immediates, permutes",,E,throughput,,,3,2.999,3.001,per cycle,
ins_s_elem,"mov v0.s[1], v12.s[2]","SIMD / moves, immediates, permutes",,E,latency,RW0,RW0,2,1.999,2.001,cycles,
ins_s_elem,"mov v0.s[1], v12.s[2]","SIMD / moves, immediates, permutes",,E,latency,R0,RW0,2,1.998,2,cycles,tied-with-destination
ins_b_elem,"mov v0.b[3], v12.b[5]","SIMD / moves, immediates, permutes",,P,throughput,,,2.968,2.845,3.079,per cycle,
ins_b_elem,"mov v0.b[3], v12.b[5]","SIMD / moves, immediates, permutes",,P,latency,RW0,RW0,2,1.999,2.001,cycles,
ins_b_elem,"mov v0.b[3], v12.b[5]","SIMD / moves, immediates, permutes",,P,latency,R0,RW0,2,1.999,2,cycles,tied-with-destination
ins_b_elem,"mov v0.b[3], v12.b[5]","SIMD / moves, immediates, permutes",,E,throughput,,,3.001,3,3.006,per cycle,
ins_b_elem,"mov v0.b[3], v12.b[5]","SIMD / moves, immediates, permutes",,E,latency,RW0,RW0,2,1.998,2,cycles,
ins_b_elem,"mov v0.b[3], v12.b[5]","SIMD / moves, immediates, permutes",,E,latency,R0,RW0,2,2,2.004,cycles,tied-with-destination
umov_w_s,"mov w0, v12.s[1]","SIMD / moves, immediates, permutes",,P,throughput,,,1.978,1.927,2.006,per cycle,
umov_w_s,"mov w0, v12.s[1]","SIMD / moves, immediates, permutes",,P,latency,R0,W0,10.001,9.997,10.003,cycles,"round-trip-via-fmovd,x"
umov_w_s,"mov w0, v12.s[1]","SIMD / moves, immediates, permutes",,E,throughput,,,2,1.999,2,per cycle,
umov_w_s,"mov w0, v12.s[1]","SIMD / moves, immediates, permutes",,E,latency,R0,W0,8,8,8.025,cycles,"round-trip-via-fmovd,x"
umov_x_d,"mov x0, v12.d[1]","SIMD / moves, immediates, permutes",,P,throughput,,,1.955,1.945,1.978,per cycle,
umov_x_d,"mov x0, v12.d[1]","SIMD / moves, immediates, permutes",,P,latency,R0,W0,10.001,9.999,10.004,cycles,"round-trip-via-fmovd,x"
umov_x_d,"mov x0, v12.d[1]","SIMD / moves, immediates, permutes",,E,throughput,,,2,1.999,2.012,per cycle,
umov_x_d,"mov x0, v12.d[1]","SIMD / moves, immediates, permutes",,E,latency,R0,W0,8,7.999,8.034,cycles,"round-trip-via-fmovd,x"
umov_w_b,"umov w0, v12.b[3]","SIMD / moves, immediates, permutes",,P,throughput,,,1.934,1.93,1.96,per cycle,
umov_w_b,"umov w0, v12.b[3]","SIMD / moves, immediates, permutes",,P,latency,R0,W0,10.001,9.998,10.004,cycles,"round-trip-via-fmovd,x"
umov_w_b,"umov w0, v12.b[3]","SIMD / moves, immediates, permutes",,E,throughput,,,2,1.996,2.002,per cycle,
umov_w_b,"umov w0, v12.b[3]","SIMD / moves, immediates, permutes",,E,latency,R0,W0,8,7.999,8.002,cycles,"round-trip-via-fmovd,x"
smov_x_s,"smov x0, v12.s[1]","SIMD / moves, immediates, permutes",,P,throughput,,,1.97,1.952,1.974,per cycle,
smov_x_s,"smov x0, v12.s[1]","SIMD / moves, immediates, permutes",,P,latency,R0,W0,10,9.998,10.001,cycles,"round-trip-via-fmovd,x"
smov_x_s,"smov x0, v12.s[1]","SIMD / moves, immediates, permutes",,E,throughput,,,2,1.999,2.011,per cycle,
smov_x_s,"smov x0, v12.s[1]","SIMD / moves, immediates, permutes",,E,latency,R0,W0,8.001,7.999,8.02,cycles,"round-trip-via-fmovd,x"
smov_w_b,"smov w0, v12.b[3]","SIMD / moves, immediates, permutes",,P,throughput,,,1.952,1.934,1.954,per cycle,
smov_w_b,"smov w0, v12.b[3]","SIMD / moves, immediates, permutes",,P,latency,R0,W0,10,9.998,10.002,cycles,"round-trip-via-fmovd,x"
smov_w_b,"smov w0, v12.b[3]","SIMD / moves, immediates, permutes",,E,throughput,,,2,1.997,2.001,per cycle,
smov_w_b,"smov w0, v12.b[3]","SIMD / moves, immediates, permutes",,E,latency,R0,W0,8,7.998,8.011,cycles,"round-trip-via-fmovd,x"
ext_16b,"ext v0.16b, v12.16b, v13.16b, #3","SIMD / moves, immediates, permutes",,P,throughput,,,4,3.998,4,per cycle,
ext_16b,"ext v0.16b, v12.16b, v13.16b, #3","SIMD / moves, immediates, permutes",,P,latency,R0,W0,2,2,2.001,cycles,
ext_16b,"ext v0.16b, v12.16b, v13.16b, #3","SIMD / moves, immediates, permutes",,P,latency,R1,W0,2,1.999,2,cycles,
ext_16b,"ext v0.16b, v12.16b, v13.16b, #3","SIMD / moves, immediates, permutes",,E,throughput,,,2.999,2.967,3.001,per cycle,
ext_16b,"ext v0.16b, v12.16b, v13.16b, #3","SIMD / moves, immediates, permutes",,E,latency,R0,W0,2,1.999,2.023,cycles,
ext_16b,"ext v0.16b, v12.16b, v13.16b, #3","SIMD / moves, immediates, permutes",,E,latency,R1,W0,2,1.997,2.005,cycles,
zip1_16b,"zip1 v0.16b, v12.16b, v13.16b","SIMD / moves, immediates, permutes",,P,throughput,,,4,3.999,4.002,per cycle,
zip1_16b,"zip1 v0.16b, v12.16b, v13.16b","SIMD / moves, immediates, permutes",,P,latency,R0,W0,2,1.999,2,cycles,
zip1_16b,"zip1 v0.16b, v12.16b, v13.16b","SIMD / moves, immediates, permutes",,P,latency,R1,W0,2,2,2.001,cycles,
zip1_16b,"zip1 v0.16b, v12.16b, v13.16b","SIMD / moves, immediates, permutes",,E,throughput,,,3.001,2.998,3.001,per cycle,
zip1_16b,"zip1 v0.16b, v12.16b, v13.16b","SIMD / moves, immediates, permutes",,E,latency,R0,W0,2,1.999,2.024,cycles,
zip1_16b,"zip1 v0.16b, v12.16b, v13.16b","SIMD / moves, immediates, permutes",,E,latency,R1,W0,2,1.998,2.003,cycles,
zip2_4s,"zip2 v0.4s, v12.4s, v13.4s","SIMD / moves, immediates, permutes",,P,throughput,,,4,3.998,4.001,per cycle,
zip2_4s,"zip2 v0.4s, v12.4s, v13.4s","SIMD / moves, immediates, permutes",,P,latency,R0,W0,2,2,2,cycles,
zip2_4s,"zip2 v0.4s, v12.4s, v13.4s","SIMD / moves, immediates, permutes",,P,latency,R1,W0,2,1.999,2,cycles,
zip2_4s,"zip2 v0.4s, v12.4s, v13.4s","SIMD / moves, immediates, permutes",,E,throughput,,,3,2.974,3.007,per cycle,
zip2_4s,"zip2 v0.4s, v12.4s, v13.4s","SIMD / moves, immediates, permutes",,E,latency,R0,W0,2,2,2.014,cycles,
zip2_4s,"zip2 v0.4s, v12.4s, v13.4s","SIMD / moves, immediates, permutes",,E,latency,R1,W0,2,2,2.001,cycles,
uzp1_16b,"uzp1 v0.16b, v12.16b, v13.16b","SIMD / moves, immediates, permutes",,P,throughput,,,4,3.998,4,per cycle,
uzp1_16b,"uzp1 v0.16b, v12.16b, v13.16b","SIMD / moves, immediates, permutes",,P,latency,R0,W0,2,2,2.001,cycles,
uzp1_16b,"uzp1 v0.16b, v12.16b, v13.16b","SIMD / moves, immediates, permutes",,P,latency,R1,W0,2,1.999,2.001,cycles,
uzp1_16b,"uzp1 v0.16b, v12.16b, v13.16b","SIMD / moves, immediates, permutes",,E,throughput,,,3,3,3.002,per cycle,
uzp1_16b,"uzp1 v0.16b, v12.16b, v13.16b","SIMD / moves, immediates, permutes",,E,latency,R0,W0,2,1.997,2.001,cycles,
uzp1_16b,"uzp1 v0.16b, v12.16b, v13.16b","SIMD / moves, immediates, permutes",,E,latency,R1,W0,2,1.996,2.003,cycles,
uzp2_4s,"uzp2 v0.4s, v12.4s, v13.4s","SIMD / moves, immediates, permutes",,P,throughput,,,4.001,3.999,4.002,per cycle,
uzp2_4s,"uzp2 v0.4s, v12.4s, v13.4s","SIMD / moves, immediates, permutes",,P,latency,R0,W0,2,2,2,cycles,
uzp2_4s,"uzp2 v0.4s, v12.4s, v13.4s","SIMD / moves, immediates, permutes",,P,latency,R1,W0,2,2,2.001,cycles,
uzp2_4s,"uzp2 v0.4s, v12.4s, v13.4s","SIMD / moves, immediates, permutes",,E,throughput,,,2.999,2.983,3,per cycle,
uzp2_4s,"uzp2 v0.4s, v12.4s, v13.4s","SIMD / moves, immediates, permutes",,E,latency,R0,W0,2,2,2.021,cycles,
uzp2_4s,"uzp2 v0.4s, v12.4s, v13.4s","SIMD / moves, immediates, permutes",,E,latency,R1,W0,2,2,2.014,cycles,
trn1_16b,"trn1 v0.16b, v12.16b, v13.16b","SIMD / moves, immediates, permutes",,P,throughput,,,4.001,3.999,4.002,per cycle,
trn1_16b,"trn1 v0.16b, v12.16b, v13.16b","SIMD / moves, immediates, permutes",,P,latency,R0,W0,2,2,2.001,cycles,
trn1_16b,"trn1 v0.16b, v12.16b, v13.16b","SIMD / moves, immediates, permutes",,P,latency,R1,W0,2,1.999,2.001,cycles,
trn1_16b,"trn1 v0.16b, v12.16b, v13.16b","SIMD / moves, immediates, permutes",,E,throughput,,,3,2.983,3,per cycle,
trn1_16b,"trn1 v0.16b, v12.16b, v13.16b","SIMD / moves, immediates, permutes",,E,latency,R0,W0,2,1.999,2.005,cycles,
trn1_16b,"trn1 v0.16b, v12.16b, v13.16b","SIMD / moves, immediates, permutes",,E,latency,R1,W0,2,1.998,2.001,cycles,
trn2_2d,"trn2 v0.2d, v12.2d, v13.2d","SIMD / moves, immediates, permutes",,P,throughput,,,4,3.999,4.002,per cycle,
trn2_2d,"trn2 v0.2d, v12.2d, v13.2d","SIMD / moves, immediates, permutes",,P,latency,R0,W0,2,2,2.001,cycles,
trn2_2d,"trn2 v0.2d, v12.2d, v13.2d","SIMD / moves, immediates, permutes",,P,latency,R1,W0,2,2,2,cycles,
trn2_2d,"trn2 v0.2d, v12.2d, v13.2d","SIMD / moves, immediates, permutes",,E,throughput,,,3,2.978,3.003,per cycle,
trn2_2d,"trn2 v0.2d, v12.2d, v13.2d","SIMD / moves, immediates, permutes",,E,latency,R0,W0,1.999,1.993,2,cycles,
trn2_2d,"trn2 v0.2d, v12.2d, v13.2d","SIMD / moves, immediates, permutes",,E,latency,R1,W0,2,1.999,2.001,cycles,
tbl1_16b,"tbl v0.16b, { v12.16b }, v13.16b","SIMD / moves, immediates, permutes",,P,throughput,,,4.001,3.999,4.001,per cycle,
tbl1_16b,"tbl v0.16b, { v12.16b }, v13.16b","SIMD / moves, immediates, permutes",,P,latency,R0,W0,2,2,2,cycles,
tbl1_16b,"tbl v0.16b, { v12.16b }, v13.16b","SIMD / moves, immediates, permutes",,P,latency,R1,W0,2,2,2.001,cycles,
tbl1_16b,"tbl v0.16b, { v12.16b }, v13.16b","SIMD / moves, immediates, permutes",,E,throughput,,,3,2.999,3,per cycle,
tbl1_16b,"tbl v0.16b, { v12.16b }, v13.16b","SIMD / moves, immediates, permutes",,E,latency,R0,W0,2,2,2.007,cycles,
tbl1_16b,"tbl v0.16b, { v12.16b }, v13.16b","SIMD / moves, immediates, permutes",,E,latency,R1,W0,2,2,2.001,cycles,
tbl2_16b,"tbl v0.16b, { v12.16b, v13.16b }, v14.16b","SIMD / moves, immediates, permutes",,P,throughput,,,3.999,3.998,4.001,per cycle,
tbl2_16b,"tbl v0.16b, { v12.16b, v13.16b }, v14.16b","SIMD / moves, immediates, permutes",,P,latency,R2,W0,2,2,2.001,cycles,
tbl2_16b,"tbl v0.16b, { v12.16b, v13.16b }, v14.16b","SIMD / moves, immediates, permutes",,E,throughput,,,3,2.998,3.003,per cycle,
tbl2_16b,"tbl v0.16b, { v12.16b, v13.16b }, v14.16b","SIMD / moves, immediates, permutes",,E,latency,R2,W0,2,1.999,2,cycles,
tbl3_16b,"tbl v0.16b, { v12.16b, v13.16b, v14.16b }, v15.16b","SIMD / moves, immediates, permutes",,P,throughput,,,1.962,1.947,1.968,per cycle,
tbl3_16b,"tbl v0.16b, { v12.16b, v13.16b, v14.16b }, v15.16b","SIMD / moves, immediates, permutes",,P,latency,R3,W0,4.001,3.999,4.002,cycles,
tbl3_16b,"tbl v0.16b, { v12.16b, v13.16b, v14.16b }, v15.16b","SIMD / moves, immediates, permutes",,E,throughput,,,1.5,1.496,1.501,per cycle,
tbl3_16b,"tbl v0.16b, { v12.16b, v13.16b, v14.16b }, v15.16b","SIMD / moves, immediates, permutes",,E,latency,R3,W0,4.001,4,4.003,cycles,
tbl4_16b,"tbl v0.16b, { v12.16b, v13.16b, v14.16b, v15.16b }, v12.16b","SIMD / moves, immediates, permutes",,P,throughput,,,1.331,1.087,1.334,per cycle,
tbl4_16b,"tbl v0.16b, { v12.16b, v13.16b, v14.16b, v15.16b }, v12.16b","SIMD / moves, immediates, permutes",,E,throughput,,,1,1,1,per cycle,
tbx1_16b,"tbx v0.16b, { v12.16b }, v13.16b","SIMD / moves, immediates, permutes",,P,throughput,,,3.034,2.905,3.06,per cycle,
tbx1_16b,"tbx v0.16b, { v12.16b }, v13.16b","SIMD / moves, immediates, permutes",,P,latency,RW0,RW0,2,1.999,2,cycles,
tbx1_16b,"tbx v0.16b, { v12.16b }, v13.16b","SIMD / moves, immediates, permutes",,P,latency,R0,RW0,2,2,2,cycles,tied-with-destination
tbx1_16b,"tbx v0.16b, { v12.16b }, v13.16b","SIMD / moves, immediates, permutes",,P,latency,R1,RW0,2,2,2,cycles,tied-with-destination
tbx1_16b,"tbx v0.16b, { v12.16b }, v13.16b","SIMD / moves, immediates, permutes",,E,throughput,,,3.001,3,3.011,per cycle,
tbx1_16b,"tbx v0.16b, { v12.16b }, v13.16b","SIMD / moves, immediates, permutes",,E,latency,RW0,RW0,2,2,2.004,cycles,
tbx1_16b,"tbx v0.16b, { v12.16b }, v13.16b","SIMD / moves, immediates, permutes",,E,latency,R0,RW0,2,1.999,2,cycles,tied-with-destination
tbx1_16b,"tbx v0.16b, { v12.16b }, v13.16b","SIMD / moves, immediates, permutes",,E,latency,R1,RW0,2,2,2.001,cycles,tied-with-destination
tbx2_16b,"tbx v0.16b, { v12.16b, v13.16b }, v14.16b","SIMD / moves, immediates, permutes",,P,throughput,,,1.75,1.726,1.84,per cycle,
tbx2_16b,"tbx v0.16b, { v12.16b, v13.16b }, v14.16b","SIMD / moves, immediates, permutes",,P,latency,RW0,RW0,4.001,3.999,4.001,cycles,
tbx2_16b,"tbx v0.16b, { v12.16b, v13.16b }, v14.16b","SIMD / moves, immediates, permutes",,P,latency,R2,RW0,3.999,3.999,4,cycles,tied-with-destination
tbx2_16b,"tbx v0.16b, { v12.16b, v13.16b }, v14.16b","SIMD / moves, immediates, permutes",,E,throughput,,,1.5,1.499,1.5,per cycle,
tbx2_16b,"tbx v0.16b, { v12.16b, v13.16b }, v14.16b","SIMD / moves, immediates, permutes",,E,latency,RW0,RW0,4,3.999,4.002,cycles,
tbx2_16b,"tbx v0.16b, { v12.16b, v13.16b }, v14.16b","SIMD / moves, immediates, permutes",,E,latency,R2,RW0,4.001,3.998,4.01,cycles,tied-with-destination
uaddl_8h,"uaddl v0.8h, v12.8b, v13.8b",SIMD / widening and narrowing,,P,throughput,,,4.113,3.831,4.318,per cycle,
uaddl_8h,"uaddl v0.8h, v12.8b, v13.8b",SIMD / widening and narrowing,,P,latency,R0,W0,2,2,2.001,cycles,
uaddl_8h,"uaddl v0.8h, v12.8b, v13.8b",SIMD / widening and narrowing,,P,latency,R1,W0,2,1.999,2.001,cycles,
uaddl_8h,"uaddl v0.8h, v12.8b, v13.8b",SIMD / widening and narrowing,,E,throughput,,,3,2.999,3.007,per cycle,
uaddl_8h,"uaddl v0.8h, v12.8b, v13.8b",SIMD / widening and narrowing,,E,latency,R0,W0,2,1.998,2.001,cycles,
uaddl_8h,"uaddl v0.8h, v12.8b, v13.8b",SIMD / widening and narrowing,,E,latency,R1,W0,2,1.997,2,cycles,
saddw_8h,"saddw v0.8h, v12.8h, v13.8b",SIMD / widening and narrowing,,P,throughput,,,4,3.999,4.002,per cycle,
saddw_8h,"saddw v0.8h, v12.8h, v13.8b",SIMD / widening and narrowing,,P,latency,R0,W0,2,2,2,cycles,
saddw_8h,"saddw v0.8h, v12.8h, v13.8b",SIMD / widening and narrowing,,P,latency,R1,W0,2,2,2.001,cycles,
saddw_8h,"saddw v0.8h, v12.8h, v13.8b",SIMD / widening and narrowing,,E,throughput,,,3.002,3,3.007,per cycle,
saddw_8h,"saddw v0.8h, v12.8h, v13.8b",SIMD / widening and narrowing,,E,latency,R0,W0,2,1.999,2.003,cycles,
saddw_8h,"saddw v0.8h, v12.8h, v13.8b",SIMD / widening and narrowing,,E,latency,R1,W0,2,1.999,2.008,cycles,
umull_8h,"umull v0.8h, v12.8b, v13.8b",SIMD / widening and narrowing,,P,throughput,,,4,3.998,4.001,per cycle,
umull_8h,"umull v0.8h, v12.8b, v13.8b",SIMD / widening and narrowing,,P,latency,R0,W0,3,2.999,3,cycles,
umull_8h,"umull v0.8h, v12.8b, v13.8b",SIMD / widening and narrowing,,P,latency,R1,W0,3,2.999,3,cycles,
umull_8h,"umull v0.8h, v12.8b, v13.8b",SIMD / widening and narrowing,,E,throughput,,,3,2.998,3.002,per cycle,
umull_8h,"umull v0.8h, v12.8b, v13.8b",SIMD / widening and narrowing,,E,latency,R0,W0,3,2.999,3,cycles,
umull_8h,"umull v0.8h, v12.8b, v13.8b",SIMD / widening and narrowing,,E,latency,R1,W0,3,3,3.001,cycles,
smlal_8h,"smlal v0.8h, v12.8b, v13.8b",SIMD / widening and narrowing,,P,throughput,,,3.322,3.199,3.414,per cycle,
smlal_8h,"smlal v0.8h, v12.8b, v13.8b",SIMD / widening and narrowing,,P,latency,RW0,RW0,3,3,3.001,cycles,
smlal_8h,"smlal v0.8h, v12.8b, v13.8b",SIMD / widening and narrowing,,P,latency,R0,RW0,2.999,2.999,3.001,cycles,tied-with-destination
smlal_8h,"smlal v0.8h, v12.8b, v13.8b",SIMD / widening and narrowing,,P,latency,R1,RW0,3.001,2.999,3.001,cycles,tied-with-destination
smlal_8h,"smlal v0.8h, v12.8b, v13.8b",SIMD / widening and narrowing,,E,throughput,,,2.999,2.998,3.001,per cycle,
smlal_8h,"smlal v0.8h, v12.8b, v13.8b",SIMD / widening and narrowing,,E,latency,RW0,RW0,3,2.997,3.001,cycles,
smlal_8h,"smlal v0.8h, v12.8b, v13.8b",SIMD / widening and narrowing,,E,latency,R0,RW0,3,3,3.001,cycles,tied-with-destination
smlal_8h,"smlal v0.8h, v12.8b, v13.8b",SIMD / widening and narrowing,,E,latency,R1,RW0,3,3,3.001,cycles,tied-with-destination
uabdl_8h,"uabdl v0.8h, v12.8b, v13.8b",SIMD / widening and narrowing,,P,throughput,,,4.79,4.44,4.975,per cycle,
uabdl_8h,"uabdl v0.8h, v12.8b, v13.8b",SIMD / widening and narrowing,,P,latency,R0,W0,3,2.999,3,cycles,
uabdl_8h,"uabdl v0.8h, v12.8b, v13.8b",SIMD / widening and narrowing,,P,latency,R1,W0,3,3,3.001,cycles,
uabdl_8h,"uabdl v0.8h, v12.8b, v13.8b",SIMD / widening and narrowing,,E,throughput,,,2.999,2.992,3.001,per cycle,
uabdl_8h,"uabdl v0.8h, v12.8b, v13.8b",SIMD / widening and narrowing,,E,latency,R0,W0,3,2.994,3,cycles,
uabdl_8h,"uabdl v0.8h, v12.8b, v13.8b",SIMD / widening and narrowing,,E,latency,R1,W0,3,2.998,3.001,cycles,
uxtl_8h,"uxtl v0.8h, v12.8b",SIMD / widening and narrowing,,P,throughput,,,4,3.999,4.002,per cycle,
uxtl_8h,"uxtl v0.8h, v12.8b",SIMD / widening and narrowing,,P,latency,R0,W0,2,1.999,2.001,cycles,
uxtl_8h,"uxtl v0.8h, v12.8b",SIMD / widening and narrowing,,E,throughput,,,3.001,2.997,3.001,per cycle,
uxtl_8h,"uxtl v0.8h, v12.8b",SIMD / widening and narrowing,,E,latency,R0,W0,2,1.999,2,cycles,
sshll_8h,"sshll v0.8h, v12.8b, #3",SIMD / widening and narrowing,,P,throughput,,,4,3.999,4.115,per cycle,
sshll_8h,"sshll v0.8h, v12.8b, #3",SIMD / widening and narrowing,,P,latency,R0,W0,2,1.999,2,cycles,
sshll_8h,"sshll v0.8h, v12.8b, #3",SIMD / widening and narrowing,,E,throughput,,,2.999,2.992,3,per cycle,
sshll_8h,"sshll v0.8h, v12.8b, #3",SIMD / widening and narrowing,,E,latency,R0,W0,2,2,2,cycles,
xtn_8b,"xtn v0.8b, v12.8h",SIMD / widening and narrowing,,P,throughput,,,4,3.999,4.002,per cycle,
xtn_8b,"xtn v0.8b, v12.8h",SIMD / widening and narrowing,,P,latency,R0,W0,2,1.999,2,cycles,
xtn_8b,"xtn v0.8b, v12.8h",SIMD / widening and narrowing,,E,throughput,,,2.999,2.998,3,per cycle,
xtn_8b,"xtn v0.8b, v12.8h",SIMD / widening and narrowing,,E,latency,R0,W0,2,2,2,cycles,
sqxtn_8b,"sqxtn v0.8b, v12.8h",SIMD / widening and narrowing,,P,throughput,,,4,3.999,4.003,per cycle,
sqxtn_8b,"sqxtn v0.8b, v12.8h",SIMD / widening and narrowing,,P,latency,R0,W0,3,2.999,3.001,cycles,
sqxtn_8b,"sqxtn v0.8b, v12.8h",SIMD / widening and narrowing,,E,throughput,,,3,2.998,3,per cycle,
sqxtn_8b,"sqxtn v0.8b, v12.8h",SIMD / widening and narrowing,,E,latency,R0,W0,3,2.999,3.006,cycles,
sqxtun_8b,"sqxtun v0.8b, v12.8h",SIMD / widening and narrowing,,P,throughput,,,4,3.998,4.003,per cycle,
sqxtun_8b,"sqxtun v0.8b, v12.8h",SIMD / widening and narrowing,,P,latency,R0,W0,2.999,2.998,3,cycles,
sqxtun_8b,"sqxtun v0.8b, v12.8h",SIMD / widening and narrowing,,E,throughput,,,2.999,2.993,3,per cycle,
sqxtun_8b,"sqxtun v0.8b, v12.8h",SIMD / widening and narrowing,,E,latency,R0,W0,3,3,3.003,cycles,
shrn_8b,"shrn v0.8b, v12.8h, #3",SIMD / widening and narrowing,,P,throughput,,,4,3.998,4.002,per cycle,
shrn_8b,"shrn v0.8b, v12.8h, #3",SIMD / widening and narrowing,,P,latency,R0,W0,3,2.999,3.001,cycles,
shrn_8b,"shrn v0.8b, v12.8h, #3",SIMD / widening and narrowing,,E,throughput,,,3,2.998,3.007,per cycle,
shrn_8b,"shrn v0.8b, v12.8h, #3",SIMD / widening and narrowing,,E,latency,R0,W0,3,3,3.001,cycles,
rshrn_8b,"rshrn v0.8b, v12.8h, #3",SIMD / widening and narrowing,,P,throughput,,,4,3.999,4.002,per cycle,
rshrn_8b,"rshrn v0.8b, v12.8h, #3",SIMD / widening and narrowing,,P,latency,R0,W0,3,2.999,3,cycles,
rshrn_8b,"rshrn v0.8b, v12.8h, #3",SIMD / widening and narrowing,,E,throughput,,,3,2.999,3,per cycle,
rshrn_8b,"rshrn v0.8b, v12.8h, #3",SIMD / widening and narrowing,,E,latency,R0,W0,3,2.994,3.001,cycles,
sqrshrn_8b,"sqrshrn v0.8b, v12.8h, #3",SIMD / widening and narrowing,,P,throughput,,,4.001,3.998,4.002,per cycle,
sqrshrn_8b,"sqrshrn v0.8b, v12.8h, #3",SIMD / widening and narrowing,,P,latency,R0,W0,3.001,2.999,3.001,cycles,
sqrshrn_8b,"sqrshrn v0.8b, v12.8h, #3",SIMD / widening and narrowing,,E,throughput,,,3,2.999,3.001,per cycle,
sqrshrn_8b,"sqrshrn v0.8b, v12.8h, #3",SIMD / widening and narrowing,,E,latency,R0,W0,3,3,3.001,cycles,
addhn_8b,"addhn v0.8b, v12.8h, v13.8h",SIMD / widening and narrowing,,P,throughput,,,4.001,3.998,4.001,per cycle,
addhn_8b,"addhn v0.8b, v12.8h, v13.8h",SIMD / widening and narrowing,,P,latency,R0,W0,2.999,2.999,3.001,cycles,
addhn_8b,"addhn v0.8b, v12.8h, v13.8h",SIMD / widening and narrowing,,P,latency,R1,W0,2.999,2.999,3.001,cycles,
addhn_8b,"addhn v0.8b, v12.8h, v13.8h",SIMD / widening and narrowing,,E,throughput,,,2.999,2.992,3.001,per cycle,
addhn_8b,"addhn v0.8b, v12.8h, v13.8h",SIMD / widening and narrowing,,E,latency,R0,W0,3,2.999,3.003,cycles,
addhn_8b,"addhn v0.8b, v12.8h, v13.8h",SIMD / widening and narrowing,,E,latency,R1,W0,3,2.999,3.006,cycles,
raddhn_8b,"raddhn v0.8b, v12.8h, v13.8h",SIMD / widening and narrowing,,P,throughput,,,4,3.999,4.002,per cycle,
raddhn_8b,"raddhn v0.8b, v12.8h, v13.8h",SIMD / widening and narrowing,,P,latency,R0,W0,3,2.999,3,cycles,
raddhn_8b,"raddhn v0.8b, v12.8h, v13.8h",SIMD / widening and narrowing,,P,latency,R1,W0,3,3,3.001,cycles,
raddhn_8b,"raddhn v0.8b, v12.8h, v13.8h",SIMD / widening and narrowing,,E,throughput,,,3,2.999,3.004,per cycle,
raddhn_8b,"raddhn v0.8b, v12.8h, v13.8h",SIMD / widening and narrowing,,E,latency,R0,W0,3,3,3.006,cycles,
raddhn_8b,"raddhn v0.8b, v12.8h, v13.8h",SIMD / widening and narrowing,,E,latency,R1,W0,3,3,3.001,cycles,
uaddl_4s,"uaddl v0.4s, v12.4h, v13.4h",SIMD / widening and narrowing,,P,throughput,,,4,3.998,4.002,per cycle,
uaddl_4s,"uaddl v0.4s, v12.4h, v13.4h",SIMD / widening and narrowing,,P,latency,R0,W0,2,2,2.001,cycles,
uaddl_4s,"uaddl v0.4s, v12.4h, v13.4h",SIMD / widening and narrowing,,P,latency,R1,W0,2,1.999,2,cycles,
uaddl_4s,"uaddl v0.4s, v12.4h, v13.4h",SIMD / widening and narrowing,,E,throughput,,,3,2.999,3,per cycle,
uaddl_4s,"uaddl v0.4s, v12.4h, v13.4h",SIMD / widening and narrowing,,E,latency,R0,W0,2,2,2,cycles,
uaddl_4s,"uaddl v0.4s, v12.4h, v13.4h",SIMD / widening and narrowing,,E,latency,R1,W0,2,1.999,2.009,cycles,
saddw_4s,"saddw v0.4s, v12.4s, v13.4h",SIMD / widening and narrowing,,P,throughput,,,3.999,3.999,4.002,per cycle,
saddw_4s,"saddw v0.4s, v12.4s, v13.4h",SIMD / widening and narrowing,,P,latency,R0,W0,2,1.999,2.001,cycles,
saddw_4s,"saddw v0.4s, v12.4s, v13.4h",SIMD / widening and narrowing,,P,latency,R1,W0,2.001,2,2.001,cycles,
saddw_4s,"saddw v0.4s, v12.4s, v13.4h",SIMD / widening and narrowing,,E,throughput,,,3,2.999,3.015,per cycle,
saddw_4s,"saddw v0.4s, v12.4s, v13.4h",SIMD / widening and narrowing,,E,latency,R0,W0,2,2,2.004,cycles,
saddw_4s,"saddw v0.4s, v12.4s, v13.4h",SIMD / widening and narrowing,,E,latency,R1,W0,2,1.998,2.004,cycles,
umull_4s,"umull v0.4s, v12.4h, v13.4h",SIMD / widening and narrowing,,P,throughput,,,4.001,3.998,4.002,per cycle,
umull_4s,"umull v0.4s, v12.4h, v13.4h",SIMD / widening and narrowing,,P,latency,R0,W0,3,2.999,3.001,cycles,
umull_4s,"umull v0.4s, v12.4h, v13.4h",SIMD / widening and narrowing,,P,latency,R1,W0,3,2.999,3.001,cycles,
umull_4s,"umull v0.4s, v12.4h, v13.4h",SIMD / widening and narrowing,,E,throughput,,,3,2.997,3.007,per cycle,
umull_4s,"umull v0.4s, v12.4h, v13.4h",SIMD / widening and narrowing,,E,latency,R0,W0,3,3,3.002,cycles,
umull_4s,"umull v0.4s, v12.4h, v13.4h",SIMD / widening and narrowing,,E,latency,R1,W0,3,2.997,3,cycles,
smlal_4s,"smlal v0.4s, v12.4h, v13.4h",SIMD / widening and narrowing,,P,throughput,,,3.258,3.208,3.326,per cycle,
smlal_4s,"smlal v0.4s, v12.4h, v13.4h",SIMD / widening and narrowing,,P,latency,RW0,RW0,3,2.999,3.001,cycles,
smlal_4s,"smlal v0.4s, v12.4h, v13.4h",SIMD / widening and narrowing,,P,latency,R0,RW0,3,2.999,3.001,cycles,tied-with-destination
smlal_4s,"smlal v0.4s, v12.4h, v13.4h",SIMD / widening and narrowing,,P,latency,R1,RW0,3,3,3.001,cycles,tied-with-destination
smlal_4s,"smlal v0.4s, v12.4h, v13.4h",SIMD / widening and narrowing,,E,throughput,,,3,2.992,3,per cycle,
smlal_4s,"smlal v0.4s, v12.4h, v13.4h",SIMD / widening and narrowing,,E,latency,RW0,RW0,3,2.997,3,cycles,
smlal_4s,"smlal v0.4s, v12.4h, v13.4h",SIMD / widening and narrowing,,E,latency,R0,RW0,3,3,3,cycles,tied-with-destination
smlal_4s,"smlal v0.4s, v12.4h, v13.4h",SIMD / widening and narrowing,,E,latency,R1,RW0,3,3,3.001,cycles,tied-with-destination
uabdl_4s,"uabdl v0.4s, v12.4h, v13.4h",SIMD / widening and narrowing,,P,throughput,,,4.885,4.808,4.983,per cycle,
uabdl_4s,"uabdl v0.4s, v12.4h, v13.4h",SIMD / widening and narrowing,,P,latency,R0,W0,3,3,3,cycles,
uabdl_4s,"uabdl v0.4s, v12.4h, v13.4h",SIMD / widening and narrowing,,P,latency,R1,W0,3,3,3.001,cycles,
uabdl_4s,"uabdl v0.4s, v12.4h, v13.4h",SIMD / widening and narrowing,,E,throughput,,,3,2.999,3.001,per cycle,
uabdl_4s,"uabdl v0.4s, v12.4h, v13.4h",SIMD / widening and narrowing,,E,latency,R0,W0,3,3,3,cycles,
uabdl_4s,"uabdl v0.4s, v12.4h, v13.4h",SIMD / widening and narrowing,,E,latency,R1,W0,3,3,3,cycles,
uxtl_4s,"uxtl v0.4s, v12.4h",SIMD / widening and narrowing,,P,throughput,,,4,4,4.002,per cycle,
uxtl_4s,"uxtl v0.4s, v12.4h",SIMD / widening and narrowing,,P,latency,R0,W0,2,1.999,2,cycles,
uxtl_4s,"uxtl v0.4s, v12.4h",SIMD / widening and narrowing,,E,throughput,,,3,2.999,3.001,per cycle,
uxtl_4s,"uxtl v0.4s, v12.4h",SIMD / widening and narrowing,,E,latency,R0,W0,2,2,2.003,cycles,
sshll_4s,"sshll v0.4s, v12.4h, #3",SIMD / widening and narrowing,,P,throughput,,,4.001,3.999,4.002,per cycle,
sshll_4s,"sshll v0.4s, v12.4h, #3",SIMD / widening and narrowing,,P,latency,R0,W0,2,1.999,2,cycles,
sshll_4s,"sshll v0.4s, v12.4h, #3",SIMD / widening and narrowing,,E,throughput,,,3,3,3.007,per cycle,
sshll_4s,"sshll v0.4s, v12.4h, #3",SIMD / widening and narrowing,,E,latency,R0,W0,2,2,2.001,cycles,
xtn_4h,"xtn v0.4h, v12.4s",SIMD / widening and narrowing,,P,throughput,,,4,3.999,4.002,per cycle,
xtn_4h,"xtn v0.4h, v12.4s",SIMD / widening and narrowing,,P,latency,R0,W0,2,1.999,2,cycles,
xtn_4h,"xtn v0.4h, v12.4s",SIMD / widening and narrowing,,E,throughput,,,3,2.999,3,per cycle,
xtn_4h,"xtn v0.4h, v12.4s",SIMD / widening and narrowing,,E,latency,R0,W0,2,2,2.005,cycles,
sqxtn_4h,"sqxtn v0.4h, v12.4s",SIMD / widening and narrowing,,P,throughput,,,4.001,4,4.002,per cycle,
sqxtn_4h,"sqxtn v0.4h, v12.4s",SIMD / widening and narrowing,,P,latency,R0,W0,3,2.999,3,cycles,
sqxtn_4h,"sqxtn v0.4h, v12.4s",SIMD / widening and narrowing,,E,throughput,,,3,3,3.001,per cycle,
sqxtn_4h,"sqxtn v0.4h, v12.4s",SIMD / widening and narrowing,,E,latency,R0,W0,3,2.996,3,cycles,
sqxtun_4h,"sqxtun v0.4h, v12.4s",SIMD / widening and narrowing,,P,throughput,,,4,4,4.002,per cycle,
sqxtun_4h,"sqxtun v0.4h, v12.4s",SIMD / widening and narrowing,,P,latency,R0,W0,3,2.999,3.001,cycles,
sqxtun_4h,"sqxtun v0.4h, v12.4s",SIMD / widening and narrowing,,E,throughput,,,3,2.993,3.001,per cycle,
sqxtun_4h,"sqxtun v0.4h, v12.4s",SIMD / widening and narrowing,,E,latency,R0,W0,3,2.994,3,cycles,
shrn_4h,"shrn v0.4h, v12.4s, #3",SIMD / widening and narrowing,,P,throughput,,,4,3.999,4.001,per cycle,
shrn_4h,"shrn v0.4h, v12.4s, #3",SIMD / widening and narrowing,,P,latency,R0,W0,3,3,3.001,cycles,
shrn_4h,"shrn v0.4h, v12.4s, #3",SIMD / widening and narrowing,,E,throughput,,,3,3,3.001,per cycle,
shrn_4h,"shrn v0.4h, v12.4s, #3",SIMD / widening and narrowing,,E,latency,R0,W0,3,2.999,3.005,cycles,
rshrn_4h,"rshrn v0.4h, v12.4s, #3",SIMD / widening and narrowing,,P,throughput,,,4,3.998,4.001,per cycle,
rshrn_4h,"rshrn v0.4h, v12.4s, #3",SIMD / widening and narrowing,,P,latency,R0,W0,3,3,3.001,cycles,
rshrn_4h,"rshrn v0.4h, v12.4s, #3",SIMD / widening and narrowing,,E,throughput,,,3,2.996,3.001,per cycle,
rshrn_4h,"rshrn v0.4h, v12.4s, #3",SIMD / widening and narrowing,,E,latency,R0,W0,3,2.997,3.02,cycles,
sqrshrn_4h,"sqrshrn v0.4h, v12.4s, #3",SIMD / widening and narrowing,,P,throughput,,,4,3.998,4.001,per cycle,
sqrshrn_4h,"sqrshrn v0.4h, v12.4s, #3",SIMD / widening and narrowing,,P,latency,R0,W0,3,2.999,3.001,cycles,
sqrshrn_4h,"sqrshrn v0.4h, v12.4s, #3",SIMD / widening and narrowing,,E,throughput,,,3,2.998,3.001,per cycle,
sqrshrn_4h,"sqrshrn v0.4h, v12.4s, #3",SIMD / widening and narrowing,,E,latency,R0,W0,3.001,2.998,3.002,cycles,
addhn_4h,"addhn v0.4h, v12.4s, v13.4s",SIMD / widening and narrowing,,P,throughput,,,4,3.999,4.002,per cycle,
addhn_4h,"addhn v0.4h, v12.4s, v13.4s",SIMD / widening and narrowing,,P,latency,R0,W0,3,2.999,3.001,cycles,
addhn_4h,"addhn v0.4h, v12.4s, v13.4s",SIMD / widening and narrowing,,P,latency,R1,W0,3,2.999,3.001,cycles,
addhn_4h,"addhn v0.4h, v12.4s, v13.4s",SIMD / widening and narrowing,,E,throughput,,,3,2.999,3.011,per cycle,
addhn_4h,"addhn v0.4h, v12.4s, v13.4s",SIMD / widening and narrowing,,E,latency,R0,W0,3,3,3.001,cycles,
addhn_4h,"addhn v0.4h, v12.4s, v13.4s",SIMD / widening and narrowing,,E,latency,R1,W0,2.999,2.994,3,cycles,
raddhn_4h,"raddhn v0.4h, v12.4s, v13.4s",SIMD / widening and narrowing,,P,throughput,,,4,3.999,4.002,per cycle,
raddhn_4h,"raddhn v0.4h, v12.4s, v13.4s",SIMD / widening and narrowing,,P,latency,R0,W0,3,2.999,3,cycles,
raddhn_4h,"raddhn v0.4h, v12.4s, v13.4s",SIMD / widening and narrowing,,P,latency,R1,W0,3,2.999,3,cycles,
raddhn_4h,"raddhn v0.4h, v12.4s, v13.4s",SIMD / widening and narrowing,,E,throughput,,,3,2.978,3.004,per cycle,
raddhn_4h,"raddhn v0.4h, v12.4s, v13.4s",SIMD / widening and narrowing,,E,latency,R0,W0,3,2.999,3.01,cycles,
raddhn_4h,"raddhn v0.4h, v12.4s, v13.4s",SIMD / widening and narrowing,,E,latency,R1,W0,3,2.999,3,cycles,
uaddl_2d,"uaddl v0.2d, v12.2s, v13.2s",SIMD / widening and narrowing,,P,throughput,,,3.999,3.997,4.001,per cycle,
uaddl_2d,"uaddl v0.2d, v12.2s, v13.2s",SIMD / widening and narrowing,,P,latency,R0,W0,2,1.999,2.001,cycles,
uaddl_2d,"uaddl v0.2d, v12.2s, v13.2s",SIMD / widening and narrowing,,P,latency,R1,W0,2,1.999,2,cycles,
uaddl_2d,"uaddl v0.2d, v12.2s, v13.2s",SIMD / widening and narrowing,,E,throughput,,,3.001,2.995,3.001,per cycle,
uaddl_2d,"uaddl v0.2d, v12.2s, v13.2s",SIMD / widening and narrowing,,E,latency,R0,W0,2,1.999,2,cycles,
uaddl_2d,"uaddl v0.2d, v12.2s, v13.2s",SIMD / widening and narrowing,,E,latency,R1,W0,2,1.996,2.004,cycles,
saddw_2d,"saddw v0.2d, v12.2d, v13.2s",SIMD / widening and narrowing,,P,throughput,,,4.001,4,4.002,per cycle,
saddw_2d,"saddw v0.2d, v12.2d, v13.2s",SIMD / widening and narrowing,,P,latency,R0,W0,2,1.999,2,cycles,
saddw_2d,"saddw v0.2d, v12.2d, v13.2s",SIMD / widening and narrowing,,P,latency,R1,W0,2,1.999,2.001,cycles,
saddw_2d,"saddw v0.2d, v12.2d, v13.2s",SIMD / widening and narrowing,,E,throughput,,,3,2.999,3.006,per cycle,
saddw_2d,"saddw v0.2d, v12.2d, v13.2s",SIMD / widening and narrowing,,E,latency,R0,W0,2,1.999,2.002,cycles,
saddw_2d,"saddw v0.2d, v12.2d, v13.2s",SIMD / widening and narrowing,,E,latency,R1,W0,2,1.993,2.001,cycles,
umull_2d,"umull v0.2d, v12.2s, v13.2s",SIMD / widening and narrowing,,P,throughput,,,4.001,3.999,4.002,per cycle,
umull_2d,"umull v0.2d, v12.2s, v13.2s",SIMD / widening and narrowing,,P,latency,R0,W0,3,2.999,3,cycles,
umull_2d,"umull v0.2d, v12.2s, v13.2s",SIMD / widening and narrowing,,P,latency,R1,W0,3,2.999,3.001,cycles,
umull_2d,"umull v0.2d, v12.2s, v13.2s",SIMD / widening and narrowing,,E,throughput,,,2.992,2.985,3,per cycle,
umull_2d,"umull v0.2d, v12.2s, v13.2s",SIMD / widening and narrowing,,E,latency,R0,W0,3,2.999,3.004,cycles,
umull_2d,"umull v0.2d, v12.2s, v13.2s",SIMD / widening and narrowing,,E,latency,R1,W0,2.999,2.999,3.006,cycles,
smlal_2d,"smlal v0.2d, v12.2s, v13.2s",SIMD / widening and narrowing,,P,throughput,,,3.281,3.184,3.334,per cycle,
smlal_2d,"smlal v0.2d, v12.2s, v13.2s",SIMD / widening and narrowing,,P,latency,RW0,RW0,3,2.999,3.001,cycles,
smlal_2d,"smlal v0.2d, v12.2s, v13.2s",SIMD / widening and narrowing,,P,latency,R0,RW0,3,2.999,3.001,cycles,tied-with-destination
smlal_2d,"smlal v0.2d, v12.2s, v13.2s",SIMD / widening and narrowing,,P,latency,R1,RW0,3,2.999,3.001,cycles,tied-with-destination
smlal_2d,"smlal v0.2d, v12.2s, v13.2s",SIMD / widening and narrowing,,E,throughput,,,3,2.999,3.004,per cycle,
smlal_2d,"smlal v0.2d, v12.2s, v13.2s",SIMD / widening and narrowing,,E,latency,RW0,RW0,3,2.999,3.001,cycles,
smlal_2d,"smlal v0.2d, v12.2s, v13.2s",SIMD / widening and narrowing,,E,latency,R0,RW0,3,2.999,3.011,cycles,tied-with-destination
smlal_2d,"smlal v0.2d, v12.2s, v13.2s",SIMD / widening and narrowing,,E,latency,R1,RW0,3,2.995,3.004,cycles,tied-with-destination
uabdl_2d,"uabdl v0.2d, v12.2s, v13.2s",SIMD / widening and narrowing,,P,throughput,,,4.564,4.46,4.912,per cycle,
uabdl_2d,"uabdl v0.2d, v12.2s, v13.2s",SIMD / widening and narrowing,,P,latency,R0,W0,3,2.999,3,cycles,
uabdl_2d,"uabdl v0.2d, v12.2s, v13.2s",SIMD / widening and narrowing,,P,latency,R1,W0,3.001,2.999,3.001,cycles,
uabdl_2d,"uabdl v0.2d, v12.2s, v13.2s",SIMD / widening and narrowing,,E,throughput,,,3,2.982,3.007,per cycle,
uabdl_2d,"uabdl v0.2d, v12.2s, v13.2s",SIMD / widening and narrowing,,E,latency,R0,W0,3,2.998,3.006,cycles,
uabdl_2d,"uabdl v0.2d, v12.2s, v13.2s",SIMD / widening and narrowing,,E,latency,R1,W0,3,2.999,3.006,cycles,
uxtl_2d,"uxtl v0.2d, v12.2s",SIMD / widening and narrowing,,P,throughput,,,4.001,3.998,4.001,per cycle,
uxtl_2d,"uxtl v0.2d, v12.2s",SIMD / widening and narrowing,,P,latency,R0,W0,2,2,2.001,cycles,
uxtl_2d,"uxtl v0.2d, v12.2s",SIMD / widening and narrowing,,E,throughput,,,3.001,2.995,3.003,per cycle,
uxtl_2d,"uxtl v0.2d, v12.2s",SIMD / widening and narrowing,,E,latency,R0,W0,2,1.999,2.002,cycles,
sshll_2d,"sshll v0.2d, v12.2s, #3",SIMD / widening and narrowing,,P,throughput,,,4.001,3.998,4.002,per cycle,
sshll_2d,"sshll v0.2d, v12.2s, #3",SIMD / widening and narrowing,,P,latency,R0,W0,2,2,2.001,cycles,
sshll_2d,"sshll v0.2d, v12.2s, #3",SIMD / widening and narrowing,,E,throughput,,,2.999,2.993,3.001,per cycle,
sshll_2d,"sshll v0.2d, v12.2s, #3",SIMD / widening and narrowing,,E,latency,R0,W0,2,1.992,2.004,cycles,
xtn_2s,"xtn v0.2s, v12.2d",SIMD / widening and narrowing,,P,throughput,,,4,3.998,4.001,per cycle,
xtn_2s,"xtn v0.2s, v12.2d",SIMD / widening and narrowing,,P,latency,R0,W0,2,2,2,cycles,
xtn_2s,"xtn v0.2s, v12.2d",SIMD / widening and narrowing,,E,throughput,,,2.996,2.981,3.001,per cycle,
xtn_2s,"xtn v0.2s, v12.2d",SIMD / widening and narrowing,,E,latency,R0,W0,2,1.997,2.001,cycles,
sqxtn_2s,"sqxtn v0.2s, v12.2d",SIMD / widening and narrowing,,P,throughput,,,4.001,3.998,4.001,per cycle,
sqxtn_2s,"sqxtn v0.2s, v12.2d",SIMD / widening and narrowing,,P,latency,R0,W0,3,2.999,3.001,cycles,
sqxtn_2s,"sqxtn v0.2s, v12.2d",SIMD / widening and narrowing,,E,throughput,,,3.001,2.992,3.025,per cycle,
sqxtn_2s,"sqxtn v0.2s, v12.2d",SIMD / widening and narrowing,,E,latency,R0,W0,3.006,2.994,3.011,cycles,
sqxtun_2s,"sqxtun v0.2s, v12.2d",SIMD / widening and narrowing,,P,throughput,,,4.001,3.998,4.002,per cycle,
sqxtun_2s,"sqxtun v0.2s, v12.2d",SIMD / widening and narrowing,,P,latency,R0,W0,3,2.999,3.001,cycles,
sqxtun_2s,"sqxtun v0.2s, v12.2d",SIMD / widening and narrowing,,E,throughput,,,3,2.944,3.008,per cycle,
sqxtun_2s,"sqxtun v0.2s, v12.2d",SIMD / widening and narrowing,,E,latency,R0,W0,2.997,2.986,3.017,cycles,
shrn_2s,"shrn v0.2s, v12.2d, #3",SIMD / widening and narrowing,,P,throughput,,,4.001,3.998,4.001,per cycle,
shrn_2s,"shrn v0.2s, v12.2d, #3",SIMD / widening and narrowing,,P,latency,R0,W0,3,2.999,3.001,cycles,
shrn_2s,"shrn v0.2s, v12.2d, #3",SIMD / widening and narrowing,,E,throughput,,,3,2.996,3.004,per cycle,
shrn_2s,"shrn v0.2s, v12.2d, #3",SIMD / widening and narrowing,,E,latency,R0,W0,3,2.999,3.012,cycles,
rshrn_2s,"rshrn v0.2s, v12.2d, #3",SIMD / widening and narrowing,,P,throughput,,,4,3.998,4.001,per cycle,
rshrn_2s,"rshrn v0.2s, v12.2d, #3",SIMD / widening and narrowing,,P,latency,R0,W0,3,2.999,3,cycles,
rshrn_2s,"rshrn v0.2s, v12.2d, #3",SIMD / widening and narrowing,,E,throughput,,,2.999,2.962,3,per cycle,
rshrn_2s,"rshrn v0.2s, v12.2d, #3",SIMD / widening and narrowing,,E,latency,R0,W0,3,2.999,3.021,cycles,
sqrshrn_2s,"sqrshrn v0.2s, v12.2d, #3",SIMD / widening and narrowing,,P,throughput,,,4,4,4.002,per cycle,
sqrshrn_2s,"sqrshrn v0.2s, v12.2d, #3",SIMD / widening and narrowing,,P,latency,R0,W0,3,3,3.001,cycles,
sqrshrn_2s,"sqrshrn v0.2s, v12.2d, #3",SIMD / widening and narrowing,,E,throughput,,,3,2.992,3.005,per cycle,
sqrshrn_2s,"sqrshrn v0.2s, v12.2d, #3",SIMD / widening and narrowing,,E,latency,R0,W0,3,3,3.006,cycles,
addhn_2s,"addhn v0.2s, v12.2d, v13.2d",SIMD / widening and narrowing,,P,throughput,,,4,3.998,4.001,per cycle,
addhn_2s,"addhn v0.2s, v12.2d, v13.2d",SIMD / widening and narrowing,,P,latency,R0,W0,3,2.999,3,cycles,
addhn_2s,"addhn v0.2s, v12.2d, v13.2d",SIMD / widening and narrowing,,P,latency,R1,W0,3,2.999,3,cycles,
addhn_2s,"addhn v0.2s, v12.2d, v13.2d",SIMD / widening and narrowing,,E,throughput,,,3,2.993,3.023,per cycle,
addhn_2s,"addhn v0.2s, v12.2d, v13.2d",SIMD / widening and narrowing,,E,latency,R0,W0,3,2.999,3.009,cycles,
addhn_2s,"addhn v0.2s, v12.2d, v13.2d",SIMD / widening and narrowing,,E,latency,R1,W0,3,2.998,3.012,cycles,
raddhn_2s,"raddhn v0.2s, v12.2d, v13.2d",SIMD / widening and narrowing,,P,throughput,,,4.001,3.999,4.001,per cycle,
raddhn_2s,"raddhn v0.2s, v12.2d, v13.2d",SIMD / widening and narrowing,,P,latency,R0,W0,3,3,3,cycles,
raddhn_2s,"raddhn v0.2s, v12.2d, v13.2d",SIMD / widening and narrowing,,P,latency,R1,W0,3,3,3.001,cycles,
raddhn_2s,"raddhn v0.2s, v12.2d, v13.2d",SIMD / widening and narrowing,,E,throughput,,,2.993,2.978,3.007,per cycle,
raddhn_2s,"raddhn v0.2s, v12.2d, v13.2d",SIMD / widening and narrowing,,E,latency,R0,W0,3,2.991,3.007,cycles,
raddhn_2s,"raddhn v0.2s, v12.2d, v13.2d",SIMD / widening and narrowing,,E,latency,R1,W0,3,2.988,3.01,cycles,
uaddlp_8h,"uaddlp v0.8h, v12.16b",SIMD / widening and narrowing,,P,throughput,,,4.001,3.999,4.001,per cycle,
uaddlp_8h,"uaddlp v0.8h, v12.16b",SIMD / widening and narrowing,,P,latency,R0,W0,2,2,2,cycles,
uaddlp_8h,"uaddlp v0.8h, v12.16b",SIMD / widening and narrowing,,E,throughput,,,3,2.994,3.002,per cycle,
uaddlp_8h,"uaddlp v0.8h, v12.16b",SIMD / widening and narrowing,,E,latency,R0,W0,1.999,1.988,2,cycles,
uadalp_8h,"uadalp v0.8h, v12.16b",SIMD / widening and narrowing,,P,throughput,,,3.27,3.185,3.47,per cycle,
uadalp_8h,"uadalp v0.8h, v12.16b",SIMD / widening and narrowing,,P,latency,RW0,RW0,3,2.999,3.001,cycles,
uadalp_8h,"uadalp v0.8h, v12.16b",SIMD / widening and narrowing,,P,latency,R0,RW0,3,2.999,3,cycles,tied-with-destination
uadalp_8h,"uadalp v0.8h, v12.16b",SIMD / widening and narrowing,,E,throughput,,,3,2.985,3.007,per cycle,
uadalp_8h,"uadalp v0.8h, v12.16b",SIMD / widening and narrowing,,E,latency,RW0,RW0,3.001,2.999,3.011,cycles,
uadalp_8h,"uadalp v0.8h, v12.16b",SIMD / widening and narrowing,,E,latency,R0,RW0,3,2.993,3.008,cycles,tied-with-destination
uaddlp_4s,"uaddlp v0.4s, v12.8h",SIMD / widening and narrowing,,P,throughput,,,4.87,4.001,4.921,per cycle,
uaddlp_4s,"uaddlp v0.4s, v12.8h",SIMD / widening and narrowing,,P,latency,R0,W0,2,1.999,2,cycles,
uaddlp_4s,"uaddlp v0.4s, v12.8h",SIMD / widening and narrowing,,E,throughput,,,2.999,2.985,3.001,per cycle,
uaddlp_4s,"uaddlp v0.4s, v12.8h",SIMD / widening and narrowing,,E,latency,R0,W0,2.001,2,2.01,cycles,
uadalp_4s,"uadalp v0.4s, v12.8h",SIMD / widening and narrowing,,P,throughput,,,3.242,3.225,3.267,per cycle,
uadalp_4s,"uadalp v0.4s, v12.8h",SIMD / widening and narrowing,,P,latency,RW0,RW0,3,2.999,3,cycles,
uadalp_4s,"uadalp v0.4s, v12.8h",SIMD / widening and narrowing,,P,latency,R0,RW0,3,3,3.001,cycles,tied-with-destination
uadalp_4s,"uadalp v0.4s, v12.8h",SIMD / widening and narrowing,,E,throughput,,,3,2.985,3.003,per cycle,
uadalp_4s,"uadalp v0.4s, v12.8h",SIMD / widening and narrowing,,E,latency,RW0,RW0,3.002,2.997,3.016,cycles,
uadalp_4s,"uadalp v0.4s, v12.8h",SIMD / widening and narrowing,,E,latency,R0,RW0,3,2.984,3.007,cycles,tied-with-destination
uaddlp_2d,"uaddlp v0.2d, v12.4s",SIMD / widening and narrowing,,P,throughput,,,4.443,4.002,4.777,per cycle,
uaddlp_2d,"uaddlp v0.2d, v12.4s",SIMD / widening and narrowing,,P,latency,R0,W0,2,2,2.001,cycles,
uaddlp_2d,"uaddlp v0.2d, v12.4s",SIMD / widening and narrowing,,E,throughput,,,3.001,2.988,3.018,per cycle,
uaddlp_2d,"uaddlp v0.2d, v12.4s",SIMD / widening and narrowing,,E,latency,R0,W0,2.004,2.001,2.008,cycles,
uadalp_2d,"uadalp v0.2d, v12.4s",SIMD / widening and narrowing,,P,throughput,,,3.161,3.137,3.311,per cycle,
uadalp_2d,"uadalp v0.2d, v12.4s",SIMD / widening and narrowing,,P,latency,RW0,RW0,3,3,3.001,cycles,
uadalp_2d,"uadalp v0.2d, v12.4s",SIMD / widening and narrowing,,P,latency,R0,RW0,3,2.999,3.001,cycles,tied-with-destination
uadalp_2d,"uadalp v0.2d, v12.4s",SIMD / widening and narrowing,,E,throughput,,,2.998,2.984,3.001,per cycle,
uadalp_2d,"uadalp v0.2d, v12.4s",SIMD / widening and narrowing,,E,latency,RW0,RW0,3.004,3.001,3.011,cycles,
uadalp_2d,"uadalp v0.2d, v12.4s",SIMD / widening and narrowing,,E,latency,R0,RW0,3,2.997,3.002,cycles,tied-with-destination
xtn2_16b,"xtn2 v0.16b, v12.8h",SIMD / widening and narrowing,,P,throughput,,,2.942,2.851,2.963,per cycle,
xtn2_16b,"xtn2 v0.16b, v12.8h",SIMD / widening and narrowing,,P,latency,RW0,RW0,2,1.999,2,cycles,
xtn2_16b,"xtn2 v0.16b, v12.8h",SIMD / widening and narrowing,,P,latency,R0,RW0,2,2,2,cycles,tied-with-destination
xtn2_16b,"xtn2 v0.16b, v12.8h",SIMD / widening and narrowing,,E,throughput,,,3,2.988,3.001,per cycle,
xtn2_16b,"xtn2 v0.16b, v12.8h",SIMD / widening and narrowing,,E,latency,RW0,RW0,2.004,2,2.02,cycles,
xtn2_16b,"xtn2 v0.16b, v12.8h",SIMD / widening and narrowing,,E,latency,R0,RW0,1.998,1.995,2,cycles,tied-with-destination
uaddl2_8h,"uaddl2 v0.8h, v12.16b, v13.16b",SIMD / widening and narrowing,,P,throughput,,,4.063,4.001,4.314,per cycle,
uaddl2_8h,"uaddl2 v0.8h, v12.16b, v13.16b",SIMD / widening and narrowing,,P,latency,R0,W0,2,2,2,cycles,
uaddl2_8h,"uaddl2 v0.8h, v12.16b, v13.16b",SIMD / widening and narrowing,,P,latency,R1,W0,2,2,2.001,cycles,
uaddl2_8h,"uaddl2 v0.8h, v12.16b, v13.16b",SIMD / widening and narrowing,,E,throughput,,,2.999,2.985,3.003,per cycle,
uaddl2_8h,"uaddl2 v0.8h, v12.16b, v13.16b",SIMD / widening and narrowing,,E,latency,R0,W0,1.999,1.995,2.005,cycles,
uaddl2_8h,"uaddl2 v0.8h, v12.16b, v13.16b",SIMD / widening and narrowing,,E,latency,R1,W0,2.001,1.999,2.005,cycles,
sqdmull_4s,"sqdmull v0.4s, v12.4h, v13.4h",SIMD / widening and narrowing,,P,throughput,,,3.999,3.998,4.001,per cycle,
sqdmull_4s,"sqdmull v0.4s, v12.4h, v13.4h",SIMD / widening and narrowing,,P,latency,R0,W0,3,2.999,3.001,cycles,
sqdmull_4s,"sqdmull v0.4s, v12.4h, v13.4h",SIMD / widening and narrowing,,P,latency,R1,W0,3.001,3,3.001,cycles,
sqdmull_4s,"sqdmull v0.4s, v12.4h, v13.4h",SIMD / widening and narrowing,,E,throughput,,,3,2.992,3.001,per cycle,
sqdmull_4s,"sqdmull v0.4s, v12.4h, v13.4h",SIMD / widening and narrowing,,E,latency,R0,W0,3.001,2.999,3.009,cycles,
sqdmull_4s,"sqdmull v0.4s, v12.4h, v13.4h",SIMD / widening and narrowing,,E,latency,R1,W0,3,2.998,3.008,cycles,
sqdmlal_4s,"sqdmlal v0.4s, v12.4h, v13.4h",SIMD / widening and narrowing,,P,throughput,,,3.352,3.215,3.513,per cycle,
sqdmlal_4s,"sqdmlal v0.4s, v12.4h, v13.4h",SIMD / widening and narrowing,,P,latency,RW0,RW0,3,2.999,3.001,cycles,
sqdmlal_4s,"sqdmlal v0.4s, v12.4h, v13.4h",SIMD / widening and narrowing,,P,latency,R0,RW0,3,2.999,3.001,cycles,tied-with-destination
sqdmlal_4s,"sqdmlal v0.4s, v12.4h, v13.4h",SIMD / widening and narrowing,,P,latency,R1,RW0,3,2.999,3.001,cycles,tied-with-destination
sqdmlal_4s,"sqdmlal v0.4s, v12.4h, v13.4h",SIMD / widening and narrowing,,E,throughput,,,2.999,2.99,3.004,per cycle,
sqdmlal_4s,"sqdmlal v0.4s, v12.4h, v13.4h",SIMD / widening and narrowing,,E,latency,RW0,RW0,3,2.999,3.011,cycles,
sqdmlal_4s,"sqdmlal v0.4s, v12.4h, v13.4h",SIMD / widening and narrowing,,E,latency,R0,RW0,3,2.996,3.002,cycles,tied-with-destination
sqdmlal_4s,"sqdmlal v0.4s, v12.4h, v13.4h",SIMD / widening and narrowing,,E,latency,R1,RW0,3.002,3,3.005,cycles,tied-with-destination
pmull_8h,"pmull v0.8h, v12.8b, v13.8b",SIMD / widening and narrowing,,P,throughput,,,4.406,4.001,5.008,per cycle,
pmull_8h,"pmull v0.8h, v12.8b, v13.8b",SIMD / widening and narrowing,,P,latency,R0,W0,3,2.999,3.001,cycles,
pmull_8h,"pmull v0.8h, v12.8b, v13.8b",SIMD / widening and narrowing,,P,latency,R1,W0,3,3,3.001,cycles,
pmull_8h,"pmull v0.8h, v12.8b, v13.8b",SIMD / widening and narrowing,,E,throughput,,,3,2.991,3.002,per cycle,
pmull_8h,"pmull v0.8h, v12.8b, v13.8b",SIMD / widening and narrowing,,E,latency,R0,W0,3,2.995,3.006,cycles,
pmull_8h,"pmull v0.8h, v12.8b, v13.8b",SIMD / widening and narrowing,,E,latency,R1,W0,3,2.998,3.005,cycles,
pmul_16b,"pmul v0.16b, v12.16b, v13.16b",SIMD / widening and narrowing,,P,throughput,,,4.001,3.999,4.002,per cycle,
pmul_16b,"pmul v0.16b, v12.16b, v13.16b",SIMD / widening and narrowing,,P,latency,R0,W0,3,2.999,3.001,cycles,
pmul_16b,"pmul v0.16b, v12.16b, v13.16b",SIMD / widening and narrowing,,P,latency,R1,W0,3,2.999,3.001,cycles,
pmul_16b,"pmul v0.16b, v12.16b, v13.16b",SIMD / widening and narrowing,,E,throughput,,,3,2.965,3.004,per cycle,
pmul_16b,"pmul v0.16b, v12.16b, v13.16b",SIMD / widening and narrowing,,E,latency,R0,W0,3.001,2.998,3.033,cycles,
pmul_16b,"pmul v0.16b, v12.16b, v13.16b",SIMD / widening and narrowing,,E,latency,R1,W0,3,2.993,3.011,cycles,
addv_16b,"addv b0, v12.16b",SIMD / reductions,,P,throughput,,,4,3.999,4.002,per cycle,
addv_16b,"addv b0, v12.16b",SIMD / reductions,,P,latency,R0,W0,3,2.999,3.001,cycles,
addv_16b,"addv b0, v12.16b",SIMD / reductions,,E,throughput,,,3,2.996,3.002,per cycle,
addv_16b,"addv b0, v12.16b",SIMD / reductions,,E,latency,R0,W0,3,2.998,3.003,cycles,
addv_8h,"addv h0, v12.8h",SIMD / reductions,,P,throughput,,,4,3.999,4.002,per cycle,
addv_8h,"addv h0, v12.8h",SIMD / reductions,,P,latency,R0,W0,3,2.999,3.001,cycles,
addv_8h,"addv h0, v12.8h",SIMD / reductions,,E,throughput,,,3.001,2.997,3.004,per cycle,
addv_8h,"addv h0, v12.8h",SIMD / reductions,,E,latency,R0,W0,3,3,3.007,cycles,
addv_4s,"addv s0, v12.4s",SIMD / reductions,,P,throughput,,,4,3.999,4.002,per cycle,
addv_4s,"addv s0, v12.4s",SIMD / reductions,,P,latency,R0,W0,3,2.999,3,cycles,
addv_4s,"addv s0, v12.4s",SIMD / reductions,,E,throughput,,,2.999,2.993,3.002,per cycle,
addv_4s,"addv s0, v12.4s",SIMD / reductions,,E,latency,R0,W0,3,2.999,3.003,cycles,
umaxv_16b,"umaxv b0, v12.16b",SIMD / reductions,,P,throughput,,,4,3.999,4.002,per cycle,
umaxv_16b,"umaxv b0, v12.16b",SIMD / reductions,,P,latency,R0,W0,3,2.999,3,cycles,
umaxv_16b,"umaxv b0, v12.16b",SIMD / reductions,,E,throughput,,,3,2.985,3.002,per cycle,
umaxv_16b,"umaxv b0, v12.16b",SIMD / reductions,,E,latency,R0,W0,3,2.999,3.001,cycles,
umaxv_4s,"umaxv s0, v12.4s",SIMD / reductions,,P,throughput,,,4,3.999,4.002,per cycle,
umaxv_4s,"umaxv s0, v12.4s",SIMD / reductions,,P,latency,R0,W0,3,2.999,3.001,cycles,
umaxv_4s,"umaxv s0, v12.4s",SIMD / reductions,,E,throughput,,,3,2.998,3.012,per cycle,
umaxv_4s,"umaxv s0, v12.4s",SIMD / reductions,,E,latency,R0,W0,2.999,2.998,3.003,cycles,
sminv_8h,"sminv h0, v12.8h",SIMD / reductions,,P,throughput,,,4.001,3.999,4.002,per cycle,
sminv_8h,"sminv h0, v12.8h",SIMD / reductions,,P,latency,R0,W0,3,3,3.001,cycles,
sminv_8h,"sminv h0, v12.8h",SIMD / reductions,,E,throughput,,,3.001,2.996,3.001,per cycle,
sminv_8h,"sminv h0, v12.8h",SIMD / reductions,,E,latency,R0,W0,3,2.999,3.009,cycles,
uaddlv_16b,"uaddlv h0, v12.16b",SIMD / reductions,,P,throughput,,,4,3.999,4.002,per cycle,
uaddlv_16b,"uaddlv h0, v12.16b",SIMD / reductions,,P,latency,R0,W0,3.001,3,3.001,cycles,
uaddlv_16b,"uaddlv h0, v12.16b",SIMD / reductions,,E,throughput,,,3.001,3,3.004,per cycle,
uaddlv_16b,"uaddlv h0, v12.16b",SIMD / reductions,,E,latency,R0,W0,3,2.999,3.001,cycles,
uaddlv_4s,"uaddlv d0, v12.4s",SIMD / reductions,,P,throughput,,,4.002,3.999,4.346,per cycle,
uaddlv_4s,"uaddlv d0, v12.4s",SIMD / reductions,,P,latency,R0,W0,3,2.999,3,cycles,
uaddlv_4s,"uaddlv d0, v12.4s",SIMD / reductions,,E,throughput,,,3,3,3.002,per cycle,
uaddlv_4s,"uaddlv d0, v12.4s",SIMD / reductions,,E,latency,R0,W0,3,2.999,3.004,cycles,
fmaxv_4s,"fmaxv s0, v12.4s",SIMD / reductions,,P,throughput,,,4,3.999,4.002,per cycle,
fmaxv_4s,"fmaxv s0, v12.4s",SIMD / reductions,,P,latency,R0,W0,3,2.999,3.001,cycles,
fmaxv_4s,"fmaxv s0, v12.4s",SIMD / reductions,,E,throughput,,,3.001,2.999,3.004,per cycle,
fmaxv_4s,"fmaxv s0, v12.4s",SIMD / reductions,,E,latency,R0,W0,3,2.999,3.011,cycles,
fminnmv_4s,"fminnmv s0, v12.4s",SIMD / reductions,,P,throughput,,,3.999,3.999,4.002,per cycle,
fminnmv_4s,"fminnmv s0, v12.4s",SIMD / reductions,,P,latency,R0,W0,3,2.999,3.001,cycles,
fminnmv_4s,"fminnmv s0, v12.4s",SIMD / reductions,,E,throughput,,,3.002,3,3.004,per cycle,
fminnmv_4s,"fminnmv s0, v12.4s",SIMD / reductions,,E,latency,R0,W0,3,2.999,3.001,cycles,
faddp_s_scalar,"faddp s0, v12.2s",SIMD / reductions,,P,throughput,,,4,3.891,4,per cycle,
faddp_s_scalar,"faddp s0, v12.2s",SIMD / reductions,,P,latency,R0,W0,3,3,3.001,cycles,
faddp_s_scalar,"faddp s0, v12.2s",SIMD / reductions,,E,throughput,,,3,2.835,3.01,per cycle,
faddp_s_scalar,"faddp s0, v12.2s",SIMD / reductions,,E,latency,R0,W0,3,2.998,3.003,cycles,
faddp_d_scalar,"faddp d0, v12.2d",SIMD / reductions,,P,throughput,,,3.999,3.999,4.002,per cycle,
faddp_d_scalar,"faddp d0, v12.2d",SIMD / reductions,,P,latency,R0,W0,3,2.999,3.001,cycles,
faddp_d_scalar,"faddp d0, v12.2d",SIMD / reductions,,E,throughput,,,3,3,3.019,per cycle,
faddp_d_scalar,"faddp d0, v12.2d",SIMD / reductions,,E,latency,R0,W0,3,2.998,3.007,cycles,
udot_4s,"udot v0.4s, v12.16b, v13.16b",SIMD / dot product,DotProd,P,throughput,,,3.262,3.233,3.337,per cycle,
udot_4s,"udot v0.4s, v12.16b, v13.16b",SIMD / dot product,DotProd,P,latency,RW0,RW0,3,2.999,3,cycles,
udot_4s,"udot v0.4s, v12.16b, v13.16b",SIMD / dot product,DotProd,P,latency,R0,RW0,3,2.999,3.001,cycles,tied-with-destination
udot_4s,"udot v0.4s, v12.16b, v13.16b",SIMD / dot product,DotProd,P,latency,R1,RW0,3,2.999,3.002,cycles,tied-with-destination
udot_4s,"udot v0.4s, v12.16b, v13.16b",SIMD / dot product,DotProd,E,throughput,,,3,2.995,3.002,per cycle,
udot_4s,"udot v0.4s, v12.16b, v13.16b",SIMD / dot product,DotProd,E,latency,RW0,RW0,3,2.994,3.002,cycles,
udot_4s,"udot v0.4s, v12.16b, v13.16b",SIMD / dot product,DotProd,E,latency,R0,RW0,3,2.996,3.004,cycles,tied-with-destination
udot_4s,"udot v0.4s, v12.16b, v13.16b",SIMD / dot product,DotProd,E,latency,R1,RW0,3,2.993,3.006,cycles,tied-with-destination
sdot_4s,"sdot v0.4s, v12.16b, v13.16b",SIMD / dot product,DotProd,P,throughput,,,3.157,3.119,3.561,per cycle,
sdot_4s,"sdot v0.4s, v12.16b, v13.16b",SIMD / dot product,DotProd,P,latency,RW0,RW0,3,2.999,3,cycles,
sdot_4s,"sdot v0.4s, v12.16b, v13.16b",SIMD / dot product,DotProd,P,latency,R0,RW0,3,2.999,3.001,cycles,tied-with-destination
sdot_4s,"sdot v0.4s, v12.16b, v13.16b",SIMD / dot product,DotProd,P,latency,R1,RW0,3,2.999,3,cycles,tied-with-destination
sdot_4s,"sdot v0.4s, v12.16b, v13.16b",SIMD / dot product,DotProd,E,throughput,,,3,2.998,3,per cycle,
sdot_4s,"sdot v0.4s, v12.16b, v13.16b",SIMD / dot product,DotProd,E,latency,RW0,RW0,3,2.998,3.005,cycles,
sdot_4s,"sdot v0.4s, v12.16b, v13.16b",SIMD / dot product,DotProd,E,latency,R0,RW0,2.999,2.998,3.001,cycles,tied-with-destination
sdot_4s,"sdot v0.4s, v12.16b, v13.16b",SIMD / dot product,DotProd,E,latency,R1,RW0,3.001,2.998,3.004,cycles,tied-with-destination
udot_4s_elem,"udot v0.4s, v12.16b, v13.4b[1]",SIMD / dot product,DotProd,P,throughput,,,3.306,3.298,3.421,per cycle,
udot_4s_elem,"udot v0.4s, v12.16b, v13.4b[1]",SIMD / dot product,DotProd,P,latency,RW0,RW0,3,2.999,3.001,cycles,
udot_4s_elem,"udot v0.4s, v12.16b, v13.4b[1]",SIMD / dot product,DotProd,P,latency,R0,RW0,3.001,3,3.001,cycles,tied-with-destination
udot_4s_elem,"udot v0.4s, v12.16b, v13.4b[1]",SIMD / dot product,DotProd,P,latency,R1,RW0,3,2.999,3.001,cycles,tied-with-destination
udot_4s_elem,"udot v0.4s, v12.16b, v13.4b[1]",SIMD / dot product,DotProd,E,throughput,,,3,2.996,3.001,per cycle,
udot_4s_elem,"udot v0.4s, v12.16b, v13.4b[1]",SIMD / dot product,DotProd,E,latency,RW0,RW0,3,2.998,3.009,cycles,
udot_4s_elem,"udot v0.4s, v12.16b, v13.4b[1]",SIMD / dot product,DotProd,E,latency,R0,RW0,3,2.997,3.002,cycles,tied-with-destination
udot_4s_elem,"udot v0.4s, v12.16b, v13.4b[1]",SIMD / dot product,DotProd,E,latency,R1,RW0,3,2.994,3.002,cycles,tied-with-destination
usdot_4s,"usdot v0.4s, v12.16b, v13.16b",SIMD / dot product,I8MM,P,throughput,,,3.372,3.279,3.414,per cycle,
usdot_4s,"usdot v0.4s, v12.16b, v13.16b",SIMD / dot product,I8MM,P,latency,RW0,RW0,3,2.999,3.001,cycles,
usdot_4s,"usdot v0.4s, v12.16b, v13.16b",SIMD / dot product,I8MM,P,latency,R0,RW0,3,2.999,3,cycles,tied-with-destination
usdot_4s,"usdot v0.4s, v12.16b, v13.16b",SIMD / dot product,I8MM,P,latency,R1,RW0,3,2.999,3.001,cycles,tied-with-destination
usdot_4s,"usdot v0.4s, v12.16b, v13.16b",SIMD / dot product,I8MM,E,throughput,,,3.002,3,3.012,per cycle,
usdot_4s,"usdot v0.4s, v12.16b, v13.16b",SIMD / dot product,I8MM,E,latency,RW0,RW0,3,2.995,3.003,cycles,
usdot_4s,"usdot v0.4s, v12.16b, v13.16b",SIMD / dot product,I8MM,E,latency,R0,RW0,2.999,2.997,3,cycles,tied-with-destination
usdot_4s,"usdot v0.4s, v12.16b, v13.16b",SIMD / dot product,I8MM,E,latency,R1,RW0,3,2.998,3.001,cycles,tied-with-destination
fadd_4s,"fadd v0.4s, v12.4s, v13.4s",SIMD / floating point,,P,throughput,,,4.081,3.992,4.277,per cycle,
fadd_4s,"fadd v0.4s, v12.4s, v13.4s",SIMD / floating point,,P,latency,R0,W0,2.114,2.114,2.114,cycles,
fadd_4s,"fadd v0.4s, v12.4s, v13.4s",SIMD / floating point,,P,latency,R1,W0,2.114,2.113,2.118,cycles,
fadd_4s,"fadd v0.4s, v12.4s, v13.4s",SIMD / floating point,,E,throughput,,,3.001,3,3.008,per cycle,
fadd_4s,"fadd v0.4s, v12.4s, v13.4s",SIMD / floating point,,E,latency,R0,W0,2.5,2.5,2.514,cycles,
fadd_4s,"fadd v0.4s, v12.4s, v13.4s",SIMD / floating point,,E,latency,R1,W0,2.5,2.498,2.503,cycles,
fsub_4s,"fsub v0.4s, v12.4s, v13.4s",SIMD / floating point,,P,throughput,,,4,3.971,4.001,per cycle,
fsub_4s,"fsub v0.4s, v12.4s, v13.4s",SIMD / floating point,,P,latency,R0,W0,2.114,2.113,2.115,cycles,
fsub_4s,"fsub v0.4s, v12.4s, v13.4s",SIMD / floating point,,P,latency,R1,W0,2.114,2.114,2.114,cycles,
fsub_4s,"fsub v0.4s, v12.4s, v13.4s",SIMD / floating point,,E,throughput,,,3,2.994,3.001,per cycle,
fsub_4s,"fsub v0.4s, v12.4s, v13.4s",SIMD / floating point,,E,latency,R0,W0,2.501,2.495,2.51,cycles,
fsub_4s,"fsub v0.4s, v12.4s, v13.4s",SIMD / floating point,,E,latency,R1,W0,2.5,2.499,2.504,cycles,
fmul_4s,"fmul v0.4s, v12.4s, v13.4s",SIMD / floating point,,P,throughput,,,4,3.999,4.001,per cycle,
fmul_4s,"fmul v0.4s, v12.4s, v13.4s",SIMD / floating point,,P,latency,R0,W0,3,2.999,3.001,cycles,
fmul_4s,"fmul v0.4s, v12.4s, v13.4s",SIMD / floating point,,P,latency,R1,W0,3,2.999,3.001,cycles,
fmul_4s,"fmul v0.4s, v12.4s, v13.4s",SIMD / floating point,,E,throughput,,,3.003,3.001,3.007,per cycle,
fmul_4s,"fmul v0.4s, v12.4s, v13.4s",SIMD / floating point,,E,latency,R0,W0,3.5,3.487,3.51,cycles,
fmul_4s,"fmul v0.4s, v12.4s, v13.4s",SIMD / floating point,,E,latency,R1,W0,3.501,3.499,3.511,cycles,
fdiv_4s,"fdiv v0.4s, v12.4s, v13.4s",SIMD / floating point,,P,throughput,,,1,1,1,per cycle,
fdiv_4s,"fdiv v0.4s, v12.4s, v13.4s",SIMD / floating point,,P,latency,R0,W0,6.999,6.998,7.002,cycles,
fdiv_4s,"fdiv v0.4s, v12.4s, v13.4s",SIMD / floating point,,P,latency,R1,W0,7,7,7.002,cycles,
fdiv_4s,"fdiv v0.4s, v12.4s, v13.4s",SIMD / floating point,,E,throughput,,,0.5,0.498,0.5,per cycle,
fdiv_4s,"fdiv v0.4s, v12.4s, v13.4s",SIMD / floating point,,E,latency,R0,W0,9.001,8.991,9.005,cycles,
fdiv_4s,"fdiv v0.4s, v12.4s, v13.4s",SIMD / floating point,,E,latency,R1,W0,9,8.995,9.025,cycles,
fmla_4s,"fmla v0.4s, v12.4s, v13.4s",SIMD / floating point,,P,throughput,,,3.294,3.199,3.328,per cycle,
fmla_4s,"fmla v0.4s, v12.4s, v13.4s",SIMD / floating point,,P,latency,RW0,RW0,3.117,3.115,3.117,cycles,
fmla_4s,"fmla v0.4s, v12.4s, v13.4s",SIMD / floating point,,P,latency,R0,RW0,3.116,3.115,3.117,cycles,tied-with-destination
fmla_4s,"fmla v0.4s, v12.4s, v13.4s",SIMD / floating point,,P,latency,R1,RW0,3.117,3.116,3.117,cycles,tied-with-destination
fmla_4s,"fmla v0.4s, v12.4s, v13.4s",SIMD / floating point,,E,throughput,,,3,2.989,3.001,per cycle,
fmla_4s,"fmla v0.4s, v12.4s, v13.4s",SIMD / floating point,,E,latency,RW0,RW0,3.501,3.499,3.509,cycles,
fmla_4s,"fmla v0.4s, v12.4s, v13.4s",SIMD / floating point,,E,latency,R0,RW0,3.5,3.499,3.513,cycles,tied-with-destination
fmla_4s,"fmla v0.4s, v12.4s, v13.4s",SIMD / floating point,,E,latency,R1,RW0,3.499,3.49,3.501,cycles,tied-with-destination
fmls_4s,"fmls v0.4s, v12.4s, v13.4s",SIMD / floating point,,P,throughput,,,3.285,3.163,3.341,per cycle,
fmls_4s,"fmls v0.4s, v12.4s, v13.4s",SIMD / floating point,,P,latency,RW0,RW0,3.116,3.116,3.117,cycles,
fmls_4s,"fmls v0.4s, v12.4s, v13.4s",SIMD / floating point,,P,latency,R0,RW0,3.117,3.116,3.117,cycles,tied-with-destination
fmls_4s,"fmls v0.4s, v12.4s, v13.4s",SIMD / floating point,,P,latency,R1,RW0,3.117,3.115,3.117,cycles,tied-with-destination
fmls_4s,"fmls v0.4s, v12.4s, v13.4s",SIMD / floating point,,E,throughput,,,3,2.996,3.002,per cycle,
fmls_4s,"fmls v0.4s, v12.4s, v13.4s",SIMD / floating point,,E,latency,RW0,RW0,3.501,3.499,3.514,cycles,
fmls_4s,"fmls v0.4s, v12.4s, v13.4s",SIMD / floating point,,E,latency,R0,RW0,3.5,3.498,3.501,cycles,tied-with-destination
fmls_4s,"fmls v0.4s, v12.4s, v13.4s",SIMD / floating point,,E,latency,R1,RW0,3.5,3.496,3.509,cycles,tied-with-destination
fmax_4s,"fmax v0.4s, v12.4s, v13.4s",SIMD / floating point,,P,throughput,,,4.721,4.118,4.968,per cycle,
fmax_4s,"fmax v0.4s, v12.4s, v13.4s",SIMD / floating point,,P,latency,R0,W0,1.6,1.6,1.6,cycles,
fmax_4s,"fmax v0.4s, v12.4s, v13.4s",SIMD / floating point,,P,latency,R1,W0,1.6,1.6,1.6,cycles,
fmax_4s,"fmax v0.4s, v12.4s, v13.4s",SIMD / floating point,,E,throughput,,,2.999,2.999,3.004,per cycle,
fmax_4s,"fmax v0.4s, v12.4s, v13.4s",SIMD / floating point,,E,latency,R0,W0,1.57,1.564,1.57,cycles,
fmax_4s,"fmax v0.4s, v12.4s, v13.4s",SIMD / floating point,,E,latency,R1,W0,1.57,1.57,1.576,cycles,
fminnm_4s,"fminnm v0.4s, v12.4s, v13.4s",SIMD / floating point,,P,throughput,,,4,3.979,4.002,per cycle,
fminnm_4s,"fminnm v0.4s, v12.4s, v13.4s",SIMD / floating point,,P,latency,R0,W0,1.6,1.6,1.601,cycles,
fminnm_4s,"fminnm v0.4s, v12.4s, v13.4s",SIMD / floating point,,P,latency,R1,W0,1.6,1.6,1.6,cycles,
fminnm_4s,"fminnm v0.4s, v12.4s, v13.4s",SIMD / floating point,,E,throughput,,,3,2.999,3.007,per cycle,
fminnm_4s,"fminnm v0.4s, v12.4s, v13.4s",SIMD / floating point,,E,latency,R0,W0,1.57,1.567,1.573,cycles,
fminnm_4s,"fminnm v0.4s, v12.4s, v13.4s",SIMD / floating point,,E,latency,R1,W0,1.57,1.558,1.571,cycles,
fabd_4s,"fabd v0.4s, v12.4s, v13.4s",SIMD / floating point,,P,throughput,,,4.001,3.999,4.001,per cycle,
fabd_4s,"fabd v0.4s, v12.4s, v13.4s",SIMD / floating point,,P,latency,R0,W0,2.114,2.114,2.115,cycles,
fabd_4s,"fabd v0.4s, v12.4s, v13.4s",SIMD / floating point,,P,latency,R1,W0,2.114,2.113,2.115,cycles,
fabd_4s,"fabd v0.4s, v12.4s, v13.4s",SIMD / floating point,,E,throughput,,,2.995,2.984,3.002,per cycle,
fabd_4s,"fabd v0.4s, v12.4s, v13.4s",SIMD / floating point,,E,latency,R0,W0,2.501,2.499,2.508,cycles,
fabd_4s,"fabd v0.4s, v12.4s, v13.4s",SIMD / floating point,,E,latency,R1,W0,2.502,2.5,2.512,cycles,
fmulx_4s,"fmulx v0.4s, v12.4s, v13.4s",SIMD / floating point,,P,throughput,,,4,3.999,4.002,per cycle,
fmulx_4s,"fmulx v0.4s, v12.4s, v13.4s",SIMD / floating point,,P,latency,R0,W0,3,2.999,3,cycles,
fmulx_4s,"fmulx v0.4s, v12.4s, v13.4s",SIMD / floating point,,P,latency,R1,W0,3,3,3.001,cycles,
fmulx_4s,"fmulx v0.4s, v12.4s, v13.4s",SIMD / floating point,,E,throughput,,,2.999,2.997,3.001,per cycle,
fmulx_4s,"fmulx v0.4s, v12.4s, v13.4s",SIMD / floating point,,E,latency,R0,W0,3.502,3.497,3.539,cycles,
fmulx_4s,"fmulx v0.4s, v12.4s, v13.4s",SIMD / floating point,,E,latency,R1,W0,3.5,3.499,3.594,cycles,
faddp_4s,"faddp v0.4s, v12.4s, v13.4s",SIMD / floating point,,P,throughput,,,4.001,3.998,4.284,per cycle,
faddp_4s,"faddp v0.4s, v12.4s, v13.4s",SIMD / floating point,,P,latency,R0,W0,3,2.999,3.001,cycles,
faddp_4s,"faddp v0.4s, v12.4s, v13.4s",SIMD / floating point,,P,latency,R1,W0,2.999,2.999,3.001,cycles,
faddp_4s,"faddp v0.4s, v12.4s, v13.4s",SIMD / floating point,,E,throughput,,,3,2.998,3.007,per cycle,
faddp_4s,"faddp v0.4s, v12.4s, v13.4s",SIMD / floating point,,E,latency,R0,W0,3.001,3,3.008,cycles,
faddp_4s,"faddp v0.4s, v12.4s, v13.4s",SIMD / floating point,,E,latency,R1,W0,3,2.998,3,cycles,
fmaxp_4s,"fmaxp v0.4s, v12.4s, v13.4s",SIMD / floating point,,P,throughput,,,4.001,4,4.002,per cycle,
fmaxp_4s,"fmaxp v0.4s, v12.4s, v13.4s",SIMD / floating point,,P,latency,R0,W0,2,2,2.001,cycles,
fmaxp_4s,"fmaxp v0.4s, v12.4s, v13.4s",SIMD / floating point,,P,latency,R1,W0,2,2,2.001,cycles,
fmaxp_4s,"fmaxp v0.4s, v12.4s, v13.4s",SIMD / floating point,,E,throughput,,,3,2.984,3.002,per cycle,
fmaxp_4s,"fmaxp v0.4s, v12.4s, v13.4s",SIMD / floating point,,E,latency,R0,W0,2.003,2,2.007,cycles,
fmaxp_4s,"fmaxp v0.4s, v12.4s, v13.4s",SIMD / floating point,,E,latency,R1,W0,2.001,2,2.012,cycles,
fabs_4s,"fabs v0.4s, v12.4s",SIMD / floating point,,P,throughput,,,4,3.998,4.001,per cycle,
fabs_4s,"fabs v0.4s, v12.4s",SIMD / floating point,,P,latency,R0,W0,2,2,2.001,cycles,
fabs_4s,"fabs v0.4s, v12.4s",SIMD / floating point,,E,throughput,,,2.994,2.985,3.001,per cycle,
fabs_4s,"fabs v0.4s, v12.4s",SIMD / floating point,,E,latency,R0,W0,2,2,2.001,cycles,
fneg_4s,"fneg v0.4s, v12.4s",SIMD / floating point,,P,throughput,,,3.999,3.998,4.001,per cycle,
fneg_4s,"fneg v0.4s, v12.4s",SIMD / floating point,,P,latency,R0,W0,2,2,2.001,cycles,
fneg_4s,"fneg v0.4s, v12.4s",SIMD / floating point,,E,throughput,,,3,2.979,3,per cycle,
fneg_4s,"fneg v0.4s, v12.4s",SIMD / floating point,,E,latency,R0,W0,2,1.999,2.001,cycles,
fsqrt_4s,"fsqrt v0.4s, v12.4s",SIMD / floating point,,P,throughput,,,0.5,0.5,0.5,per cycle,
fsqrt_4s,"fsqrt v0.4s, v12.4s",SIMD / floating point,,P,latency,R0,W0,9.001,8.999,9.003,cycles,
fsqrt_4s,"fsqrt v0.4s, v12.4s",SIMD / floating point,,E,throughput,,,0.25,0.25,0.25,per cycle,
fsqrt_4s,"fsqrt v0.4s, v12.4s",SIMD / floating point,,E,latency,R0,W0,12,11.994,12.017,cycles,
frecpe_4s,"frecpe v0.4s, v12.4s",SIMD / floating point,,P,throughput,,,1,1,1,per cycle,
frecpe_4s,"frecpe v0.4s, v12.4s",SIMD / floating point,,P,latency,R0,W0,3,2.999,3.001,cycles,
frecpe_4s,"frecpe v0.4s, v12.4s",SIMD / floating point,,E,throughput,,,0.5,0.5,0.5,per cycle,
frecpe_4s,"frecpe v0.4s, v12.4s",SIMD / floating point,,E,latency,R0,W0,4,3.995,4.021,cycles,
frsqrte_4s,"frsqrte v0.4s, v12.4s",SIMD / floating point,,P,throughput,,,1,1,1.001,per cycle,
frsqrte_4s,"frsqrte v0.4s, v12.4s",SIMD / floating point,,P,latency,R0,W0,3,2.999,3.001,cycles,
frsqrte_4s,"frsqrte v0.4s, v12.4s",SIMD / floating point,,E,throughput,,,0.5,0.495,0.501,per cycle,
frsqrte_4s,"frsqrte v0.4s, v12.4s",SIMD / floating point,,E,latency,R0,W0,4,3.996,4.075,cycles,
frecps_4s,"frecps v0.4s, v12.4s, v13.4s",SIMD / floating point,,P,throughput,,,4.001,3.998,4.001,per cycle,
frecps_4s,"frecps v0.4s, v12.4s, v13.4s",SIMD / floating point,,P,latency,R0,W0,3.117,3.115,3.117,cycles,
frecps_4s,"frecps v0.4s, v12.4s, v13.4s",SIMD / floating point,,P,latency,R1,W0,3.117,3.116,3.117,cycles,
frecps_4s,"frecps v0.4s, v12.4s, v13.4s",SIMD / floating point,,E,throughput,,,3,2.983,3.004,per cycle,
frecps_4s,"frecps v0.4s, v12.4s, v13.4s",SIMD / floating point,,E,latency,R0,W0,3.5,3.494,3.515,cycles,
frecps_4s,"frecps v0.4s, v12.4s, v13.4s",SIMD / floating point,,E,latency,R1,W0,3.5,3.44,3.508,cycles,
frsqrts_4s,"frsqrts v0.4s, v12.4s, v13.4s",SIMD / floating point,,P,throughput,,,4,3.999,4.002,per cycle,
frsqrts_4s,"frsqrts v0.4s, v12.4s, v13.4s",SIMD / floating point,,P,latency,R0,W0,3.117,3.115,3.117,cycles,
frsqrts_4s,"frsqrts v0.4s, v12.4s, v13.4s",SIMD / floating point,,P,latency,R1,W0,3.116,3.116,3.117,cycles,
frsqrts_4s,"frsqrts v0.4s, v12.4s, v13.4s",SIMD / floating point,,E,throughput,,,3,2.98,3.004,per cycle,
frsqrts_4s,"frsqrts v0.4s, v12.4s, v13.4s",SIMD / floating point,,E,latency,R0,W0,3.501,3.5,3.522,cycles,
frsqrts_4s,"frsqrts v0.4s, v12.4s, v13.4s",SIMD / floating point,,E,latency,R1,W0,3.5,3.497,3.511,cycles,
frintn_4s,"frintn v0.4s, v12.4s",SIMD / floating point,,P,throughput,,,4.001,3.983,4.001,per cycle,
frintn_4s,"frintn v0.4s, v12.4s",SIMD / floating point,,P,latency,R0,W0,3,3,3,cycles,
frintn_4s,"frintn v0.4s, v12.4s",SIMD / floating point,,E,throughput,,,3,2.985,3.004,per cycle,
frintn_4s,"frintn v0.4s, v12.4s",SIMD / floating point,,E,latency,R0,W0,3,2.998,3.021,cycles,
frintz_4s,"frintz v0.4s, v12.4s",SIMD / floating point,,P,throughput,,,4,3.998,4.131,per cycle,
frintz_4s,"frintz v0.4s, v12.4s",SIMD / floating point,,P,latency,R0,W0,3,3,3.001,cycles,
frintz_4s,"frintz v0.4s, v12.4s",SIMD / floating point,,E,throughput,,,2.999,2.997,3,per cycle,
frintz_4s,"frintz v0.4s, v12.4s",SIMD / floating point,,E,latency,R0,W0,3,3,3.005,cycles,
frintx_4s,"frintx v0.4s, v12.4s",SIMD / floating point,,P,throughput,,,4,3.999,4.002,per cycle,
frintx_4s,"frintx v0.4s, v12.4s",SIMD / floating point,,P,latency,R0,W0,3,2.999,3.001,cycles,
frintx_4s,"frintx v0.4s, v12.4s",SIMD / floating point,,E,throughput,,,3,2.988,3.001,per cycle,
frintx_4s,"frintx v0.4s, v12.4s",SIMD / floating point,,E,latency,R0,W0,3,2.999,3.005,cycles,
fcmeq_4s,"fcmeq v0.4s, v12.4s, v13.4s",SIMD / floating point,,P,throughput,,,4,3.999,4.002,per cycle,
fcmeq_4s,"fcmeq v0.4s, v12.4s, v13.4s",SIMD / floating point,,P,latency,R0,W0,2,2,2,cycles,
fcmeq_4s,"fcmeq v0.4s, v12.4s, v13.4s",SIMD / floating point,,P,latency,R1,W0,2,2,2.001,cycles,
fcmeq_4s,"fcmeq v0.4s, v12.4s, v13.4s",SIMD / floating point,,E,throughput,,,3.001,2.992,3.012,per cycle,
fcmeq_4s,"fcmeq v0.4s, v12.4s, v13.4s",SIMD / floating point,,E,latency,R0,W0,2,1.995,2.001,cycles,
fcmeq_4s,"fcmeq v0.4s, v12.4s, v13.4s",SIMD / floating point,,E,latency,R1,W0,2,1.998,2.006,cycles,
fcmgt_4s,"fcmgt v0.4s, v12.4s, v13.4s",SIMD / floating point,,P,throughput,,,4,3.998,4,per cycle,
fcmgt_4s,"fcmgt v0.4s, v12.4s, v13.4s",SIMD / floating point,,P,latency,R0,W0,2,2,2.001,cycles,
fcmgt_4s,"fcmgt v0.4s, v12.4s, v13.4s",SIMD / floating point,,P,latency,R1,W0,1.999,1.999,2,cycles,
fcmgt_4s,"fcmgt v0.4s, v12.4s, v13.4s",SIMD / floating point,,E,throughput,,,2.988,2.98,3.001,per cycle,
fcmgt_4s,"fcmgt v0.4s, v12.4s, v13.4s",SIMD / floating point,,E,latency,R0,W0,2,1.999,2.001,cycles,
fcmgt_4s,"fcmgt v0.4s, v12.4s, v13.4s",SIMD / floating point,,E,latency,R1,W0,2,1.999,2.011,cycles,
fcmge_4s_zero,"fcmge v0.4s, v12.4s, #0.0",SIMD / floating point,,P,throughput,,,4,3.999,4.002,per cycle,
fcmge_4s_zero,"fcmge v0.4s, v12.4s, #0.0",SIMD / floating point,,P,latency,R0,W0,2,1.999,2,cycles,
fcmge_4s_zero,"fcmge v0.4s, v12.4s, #0.0",SIMD / floating point,,E,throughput,,,3,2.998,3.004,per cycle,
fcmge_4s_zero,"fcmge v0.4s, v12.4s, #0.0",SIMD / floating point,,E,latency,R0,W0,2,1.996,2,cycles,
facgt_4s,"facgt v0.4s, v12.4s, v13.4s",SIMD / floating point,,P,throughput,,,4,3.999,4.002,per cycle,
facgt_4s,"facgt v0.4s, v12.4s, v13.4s",SIMD / floating point,,P,latency,R0,W0,2,2,2.001,cycles,
facgt_4s,"facgt v0.4s, v12.4s, v13.4s",SIMD / floating point,,P,latency,R1,W0,2,2,2.001,cycles,
facgt_4s,"facgt v0.4s, v12.4s, v13.4s",SIMD / floating point,,E,throughput,,,3,2.984,3.002,per cycle,
facgt_4s,"facgt v0.4s, v12.4s, v13.4s",SIMD / floating point,,E,latency,R0,W0,2,1.999,2,cycles,
facgt_4s,"facgt v0.4s, v12.4s, v13.4s",SIMD / floating point,,E,latency,R1,W0,2,1.998,2.01,cycles,
fcvtzs_4s,"fcvtzs v0.4s, v12.4s",SIMD / floating point,,P,throughput,,,4,3.998,4.002,per cycle,
fcvtzs_4s,"fcvtzs v0.4s, v12.4s",SIMD / floating point,,E,throughput,,,2.999,2.985,3,per cycle,
fcvtzu_4s,"fcvtzu v0.4s, v12.4s",SIMD / floating point,,P,throughput,,,4.001,3.998,4.001,per cycle,
fcvtzu_4s,"fcvtzu v0.4s, v12.4s",SIMD / floating point,,E,throughput,,,3,2.99,3,per cycle,
scvtf_4s,"scvtf v0.4s, v12.4s",SIMD / floating point,,P,throughput,,,4,3.998,4.001,per cycle,
scvtf_4s,"scvtf v0.4s, v12.4s",SIMD / floating point,,E,throughput,,,2.999,2.988,3,per cycle,
ucvtf_4s,"ucvtf v0.4s, v12.4s",SIMD / floating point,,P,throughput,,,3.999,3.998,4.001,per cycle,
ucvtf_4s,"ucvtf v0.4s, v12.4s",SIMD / floating point,,E,throughput,,,3,2.984,3.007,per cycle,
fcvt_int_roundtrip_4s,"scvtf v0.4s, v0.4s; fcvtzs v0.4s, v0.4s",SIMD / floating point,,P,latency,RW0,RW0,6,5.998,6.001,cycles,
fcvt_int_roundtrip_4s,"scvtf v0.4s, v0.4s; fcvtzs v0.4s, v0.4s",SIMD / floating point,,E,latency,RW0,RW0,6,5.994,6,cycles,
fadd_2d,"fadd v0.2d, v12.2d, v13.2d",SIMD / floating point,,P,throughput,,,4,3.998,4.603,per cycle,
fadd_2d,"fadd v0.2d, v12.2d, v13.2d",SIMD / floating point,,P,latency,R0,W0,2.114,2.114,2.115,cycles,
fadd_2d,"fadd v0.2d, v12.2d, v13.2d",SIMD / floating point,,P,latency,R1,W0,2.114,2.114,2.115,cycles,
fadd_2d,"fadd v0.2d, v12.2d, v13.2d",SIMD / floating point,,E,throughput,,,3,2.986,3.011,per cycle,
fadd_2d,"fadd v0.2d, v12.2d, v13.2d",SIMD / floating point,,E,latency,R0,W0,2.5,2.472,2.502,cycles,
fadd_2d,"fadd v0.2d, v12.2d, v13.2d",SIMD / floating point,,E,latency,R1,W0,2.5,2.497,2.575,cycles,
fsub_2d,"fsub v0.2d, v12.2d, v13.2d",SIMD / floating point,,P,throughput,,,4.001,3.998,4.002,per cycle,
fsub_2d,"fsub v0.2d, v12.2d, v13.2d",SIMD / floating point,,P,latency,R0,W0,2.114,2.114,2.115,cycles,
fsub_2d,"fsub v0.2d, v12.2d, v13.2d",SIMD / floating point,,P,latency,R1,W0,2.114,2.114,2.114,cycles,
fsub_2d,"fsub v0.2d, v12.2d, v13.2d",SIMD / floating point,,E,throughput,,,3,2.985,3.002,per cycle,
fsub_2d,"fsub v0.2d, v12.2d, v13.2d",SIMD / floating point,,E,latency,R0,W0,2.5,2.5,2.573,cycles,
fsub_2d,"fsub v0.2d, v12.2d, v13.2d",SIMD / floating point,,E,latency,R1,W0,2.5,2.5,2.525,cycles,
fmul_2d,"fmul v0.2d, v12.2d, v13.2d",SIMD / floating point,,P,throughput,,,4,4,4.002,per cycle,
fmul_2d,"fmul v0.2d, v12.2d, v13.2d",SIMD / floating point,,P,latency,R0,W0,3,2.999,3.001,cycles,
fmul_2d,"fmul v0.2d, v12.2d, v13.2d",SIMD / floating point,,P,latency,R1,W0,3,2.999,3.001,cycles,
fmul_2d,"fmul v0.2d, v12.2d, v13.2d",SIMD / floating point,,E,throughput,,,3,2.989,3.001,per cycle,
fmul_2d,"fmul v0.2d, v12.2d, v13.2d",SIMD / floating point,,E,latency,R0,W0,3.5,3.5,3.519,cycles,
fmul_2d,"fmul v0.2d, v12.2d, v13.2d",SIMD / floating point,,E,latency,R1,W0,3.5,3.446,3.501,cycles,
fdiv_2d,"fdiv v0.2d, v12.2d, v13.2d",SIMD / floating point,,P,throughput,,,1,1,1,per cycle,
fdiv_2d,"fdiv v0.2d, v12.2d, v13.2d",SIMD / floating point,,P,latency,R0,W0,9.001,8.999,9.003,cycles,
fdiv_2d,"fdiv v0.2d, v12.2d, v13.2d",SIMD / floating point,,P,latency,R1,W0,9,8.998,9.002,cycles,
fdiv_2d,"fdiv v0.2d, v12.2d, v13.2d",SIMD / floating point,,E,throughput,,,0.5,0.499,0.5,per cycle,
fdiv_2d,"fdiv v0.2d, v12.2d, v13.2d",SIMD / floating point,,E,latency,R0,W0,11,10.981,11.033,cycles,
fdiv_2d,"fdiv v0.2d, v12.2d, v13.2d",SIMD / floating point,,E,latency,R1,W0,11,10.975,11.025,cycles,
fmla_2d,"fmla v0.2d, v12.2d, v13.2d",SIMD / floating point,,P,throughput,,,3.272,3.223,3.33,per cycle,
fmla_2d,"fmla v0.2d, v12.2d, v13.2d",SIMD / floating point,,P,latency,RW0,RW0,3.117,3.116,3.117,cycles,
fmla_2d,"fmla v0.2d, v12.2d, v13.2d",SIMD / floating point,,P,latency,R0,RW0,3.116,3.116,3.118,cycles,tied-with-destination
fmla_2d,"fmla v0.2d, v12.2d, v13.2d",SIMD / floating point,,P,latency,R1,RW0,3.116,3.116,3.117,cycles,tied-with-destination
fmla_2d,"fmla v0.2d, v12.2d, v13.2d",SIMD / floating point,,E,throughput,,,3,2.999,3.023,per cycle,
fmla_2d,"fmla v0.2d, v12.2d, v13.2d",SIMD / floating point,,E,latency,RW0,RW0,3.5,3.5,3.508,cycles,
fmla_2d,"fmla v0.2d, v12.2d, v13.2d",SIMD / floating point,,E,latency,R0,RW0,3.504,3.5,3.564,cycles,tied-with-destination
fmla_2d,"fmla v0.2d, v12.2d, v13.2d",SIMD / floating point,,E,latency,R1,RW0,3.5,3.5,3.563,cycles,tied-with-destination
fmls_2d,"fmls v0.2d, v12.2d, v13.2d",SIMD / floating point,,P,throughput,,,3.233,3.166,3.314,per cycle,
fmls_2d,"fmls v0.2d, v12.2d, v13.2d",SIMD / floating point,,P,latency,RW0,RW0,3.117,3.115,3.117,cycles,
fmls_2d,"fmls v0.2d, v12.2d, v13.2d",SIMD / floating point,,P,latency,R0,RW0,3.116,3.115,3.117,cycles,tied-with-destination
fmls_2d,"fmls v0.2d, v12.2d, v13.2d",SIMD / floating point,,P,latency,R1,RW0,3.117,3.116,3.117,cycles,tied-with-destination
fmls_2d,"fmls v0.2d, v12.2d, v13.2d",SIMD / floating point,,E,throughput,,,3,2.978,3.001,per cycle,
fmls_2d,"fmls v0.2d, v12.2d, v13.2d",SIMD / floating point,,E,latency,RW0,RW0,3.5,3.495,3.571,cycles,
fmls_2d,"fmls v0.2d, v12.2d, v13.2d",SIMD / floating point,,E,latency,R0,RW0,3.5,3.493,3.563,cycles,tied-with-destination
fmls_2d,"fmls v0.2d, v12.2d, v13.2d",SIMD / floating point,,E,latency,R1,RW0,3.499,3.496,3.554,cycles,tied-with-destination
fmax_2d,"fmax v0.2d, v12.2d, v13.2d",SIMD / floating point,,P,throughput,,,4.079,3.927,4.801,per cycle,
fmax_2d,"fmax v0.2d, v12.2d, v13.2d",SIMD / floating point,,P,latency,R0,W0,1.6,1.6,1.6,cycles,
fmax_2d,"fmax v0.2d, v12.2d, v13.2d",SIMD / floating point,,P,latency,R1,W0,1.6,1.6,1.6,cycles,
fmax_2d,"fmax v0.2d, v12.2d, v13.2d",SIMD / floating point,,E,throughput,,,3,2.996,3.001,per cycle,
fmax_2d,"fmax v0.2d, v12.2d, v13.2d",SIMD / floating point,,E,latency,R0,W0,1.567,1.559,1.571,cycles,
fmax_2d,"fmax v0.2d, v12.2d, v13.2d",SIMD / floating point,,E,latency,R1,W0,1.57,1.562,1.572,cycles,
fminnm_2d,"fminnm v0.2d, v12.2d, v13.2d",SIMD / floating point,,P,throughput,,,4,4,4.002,per cycle,
fminnm_2d,"fminnm v0.2d, v12.2d, v13.2d",SIMD / floating point,,P,latency,R0,W0,1.6,1.6,1.6,cycles,
fminnm_2d,"fminnm v0.2d, v12.2d, v13.2d",SIMD / floating point,,P,latency,R1,W0,1.6,1.6,1.6,cycles,
fminnm_2d,"fminnm v0.2d, v12.2d, v13.2d",SIMD / floating point,,E,throughput,,,3,3,3.016,per cycle,
fminnm_2d,"fminnm v0.2d, v12.2d, v13.2d",SIMD / floating point,,E,latency,R0,W0,1.57,1.562,1.57,cycles,
fminnm_2d,"fminnm v0.2d, v12.2d, v13.2d",SIMD / floating point,,E,latency,R1,W0,1.57,1.563,1.571,cycles,
fabd_2d,"fabd v0.2d, v12.2d, v13.2d",SIMD / floating point,,P,throughput,,,4,3.999,4.002,per cycle,
fabd_2d,"fabd v0.2d, v12.2d, v13.2d",SIMD / floating point,,P,latency,R0,W0,2.114,2.114,2.114,cycles,
fabd_2d,"fabd v0.2d, v12.2d, v13.2d",SIMD / floating point,,P,latency,R1,W0,2.114,2.114,2.115,cycles,
fabd_2d,"fabd v0.2d, v12.2d, v13.2d",SIMD / floating point,,E,throughput,,,3,2.993,3.008,per cycle,
fabd_2d,"fabd v0.2d, v12.2d, v13.2d",SIMD / floating point,,E,latency,R0,W0,2.5,2.466,2.5,cycles,
fabd_2d,"fabd v0.2d, v12.2d, v13.2d",SIMD / floating point,,E,latency,R1,W0,2.5,2.494,2.562,cycles,
fmulx_2d,"fmulx v0.2d, v12.2d, v13.2d",SIMD / floating point,,P,throughput,,,4,4,4.002,per cycle,
fmulx_2d,"fmulx v0.2d, v12.2d, v13.2d",SIMD / floating point,,P,latency,R0,W0,3,3,3,cycles,
fmulx_2d,"fmulx v0.2d, v12.2d, v13.2d",SIMD / floating point,,P,latency,R1,W0,3,2.999,3.001,cycles,
fmulx_2d,"fmulx v0.2d, v12.2d, v13.2d",SIMD / floating point,,E,throughput,,,3,3,3.002,per cycle,
fmulx_2d,"fmulx v0.2d, v12.2d, v13.2d",SIMD / floating point,,E,latency,R0,W0,3.5,3.483,3.539,cycles,
fmulx_2d,"fmulx v0.2d, v12.2d, v13.2d",SIMD / floating point,,E,latency,R1,W0,3.5,3.483,3.562,cycles,
faddp_2d,"faddp v0.2d, v12.2d, v13.2d",SIMD / floating point,,P,throughput,,,3.999,3.998,4,per cycle,
faddp_2d,"faddp v0.2d, v12.2d, v13.2d",SIMD / floating point,,P,latency,R0,W0,3,3,3.001,cycles,
faddp_2d,"faddp v0.2d, v12.2d, v13.2d",SIMD / floating point,,P,latency,R1,W0,3,2.999,3,cycles,
faddp_2d,"faddp v0.2d, v12.2d, v13.2d",SIMD / floating point,,E,throughput,,,3,2.999,3.023,per cycle,
faddp_2d,"faddp v0.2d, v12.2d, v13.2d",SIMD / floating point,,E,latency,R0,W0,3,2.999,3.011,cycles,
faddp_2d,"faddp v0.2d, v12.2d, v13.2d",SIMD / floating point,,E,latency,R1,W0,3.003,3,3.008,cycles,
fmaxp_2d,"fmaxp v0.2d, v12.2d, v13.2d",SIMD / floating point,,P,throughput,,,4.001,3.998,4.001,per cycle,
fmaxp_2d,"fmaxp v0.2d, v12.2d, v13.2d",SIMD / floating point,,P,latency,R0,W0,2,2,2.001,cycles,
fmaxp_2d,"fmaxp v0.2d, v12.2d, v13.2d",SIMD / floating point,,P,latency,R1,W0,2,2,2.001,cycles,
fmaxp_2d,"fmaxp v0.2d, v12.2d, v13.2d",SIMD / floating point,,E,throughput,,,3.008,2.999,3.02,per cycle,
fmaxp_2d,"fmaxp v0.2d, v12.2d, v13.2d",SIMD / floating point,,E,latency,R0,W0,2,1.999,2.016,cycles,
fmaxp_2d,"fmaxp v0.2d, v12.2d, v13.2d",SIMD / floating point,,E,latency,R1,W0,2,1.997,2.003,cycles,
fabs_2d,"fabs v0.2d, v12.2d",SIMD / floating point,,P,throughput,,,3.999,3.998,4.001,per cycle,
fabs_2d,"fabs v0.2d, v12.2d",SIMD / floating point,,P,latency,R0,W0,2,2,2,cycles,
fabs_2d,"fabs v0.2d, v12.2d",SIMD / floating point,,E,throughput,,,3,2.999,3.004,per cycle,
fabs_2d,"fabs v0.2d, v12.2d",SIMD / floating point,,E,latency,R0,W0,2,2,2.001,cycles,
fneg_2d,"fneg v0.2d, v12.2d",SIMD / floating point,,P,throughput,,,4.001,4,4.005,per cycle,
fneg_2d,"fneg v0.2d, v12.2d",SIMD / floating point,,P,latency,R0,W0,2,2,2,cycles,
fneg_2d,"fneg v0.2d, v12.2d",SIMD / floating point,,E,throughput,,,3,2.999,3.002,per cycle,
fneg_2d,"fneg v0.2d, v12.2d",SIMD / floating point,,E,latency,R0,W0,2,1.997,2,cycles,
fsqrt_2d,"fsqrt v0.2d, v12.2d",SIMD / floating point,,P,throughput,,,0.5,0.5,0.5,per cycle,
fsqrt_2d,"fsqrt v0.2d, v12.2d",SIMD / floating point,,P,latency,R0,W0,12.001,11.998,12.005,cycles,
fsqrt_2d,"fsqrt v0.2d, v12.2d",SIMD / floating point,,E,throughput,,,0.25,0.248,0.251,per cycle,
fsqrt_2d,"fsqrt v0.2d, v12.2d",SIMD / floating point,,E,latency,R0,W0,15.001,14.997,15.054,cycles,
frecpe_2d,"frecpe v0.2d, v12.2d",SIMD / floating point,,P,throughput,,,1,1,1,per cycle,
frecpe_2d,"frecpe v0.2d, v12.2d",SIMD / floating point,,P,latency,R0,W0,3,3,3.001,cycles,
frecpe_2d,"frecpe v0.2d, v12.2d",SIMD / floating point,,E,throughput,,,0.5,0.498,0.5,per cycle,
frecpe_2d,"frecpe v0.2d, v12.2d",SIMD / floating point,,E,latency,R0,W0,3.999,3.999,4.007,cycles,
frsqrte_2d,"frsqrte v0.2d, v12.2d",SIMD / floating point,,P,throughput,,,1,1,1.001,per cycle,
frsqrte_2d,"frsqrte v0.2d, v12.2d",SIMD / floating point,,P,latency,R0,W0,3,3,3.001,cycles,
frsqrte_2d,"frsqrte v0.2d, v12.2d",SIMD / floating point,,E,throughput,,,0.5,0.498,0.501,per cycle,
frsqrte_2d,"frsqrte v0.2d, v12.2d",SIMD / floating point,,E,latency,R0,W0,4,3.996,4.016,cycles,
frecps_2d,"frecps v0.2d, v12.2d, v13.2d",SIMD / floating point,,P,throughput,,,4,3.999,4.001,per cycle,
frecps_2d,"frecps v0.2d, v12.2d, v13.2d",SIMD / floating point,,P,latency,R0,W0,3.117,3.116,3.118,cycles,
frecps_2d,"frecps v0.2d, v12.2d, v13.2d",SIMD / floating point,,P,latency,R1,W0,3.117,3.116,3.117,cycles,
frecps_2d,"frecps v0.2d, v12.2d, v13.2d",SIMD / floating point,,E,throughput,,,3,2.985,3,per cycle,
frecps_2d,"frecps v0.2d, v12.2d, v13.2d",SIMD / floating point,,E,latency,R0,W0,3.507,3.5,3.563,cycles,
frecps_2d,"frecps v0.2d, v12.2d, v13.2d",SIMD / floating point,,E,latency,R1,W0,3.5,3.498,3.563,cycles,
frsqrts_2d,"frsqrts v0.2d, v12.2d, v13.2d",SIMD / floating point,,P,throughput,,,3.999,3.998,4.001,per cycle,
frsqrts_2d,"frsqrts v0.2d, v12.2d, v13.2d",SIMD / floating point,,P,latency,R0,W0,3.116,3.116,3.117,cycles,
frsqrts_2d,"frsqrts v0.2d, v12.2d, v13.2d",SIMD / floating point,,P,latency,R1,W0,3.116,3.112,3.117,cycles,
frsqrts_2d,"frsqrts v0.2d, v12.2d, v13.2d",SIMD / floating point,,E,throughput,,,3,2.988,3.003,per cycle,
frsqrts_2d,"frsqrts v0.2d, v12.2d, v13.2d",SIMD / floating point,,E,latency,R0,W0,3.5,3.49,3.562,cycles,
frsqrts_2d,"frsqrts v0.2d, v12.2d, v13.2d",SIMD / floating point,,E,latency,R1,W0,3.5,3.496,3.562,cycles,
frintn_2d,"frintn v0.2d, v12.2d",SIMD / floating point,,P,throughput,,,4.001,4,4.002,per cycle,
frintn_2d,"frintn v0.2d, v12.2d",SIMD / floating point,,P,latency,R0,W0,3,2.999,3.001,cycles,
frintn_2d,"frintn v0.2d, v12.2d",SIMD / floating point,,E,throughput,,,3,2.999,3.008,per cycle,
frintn_2d,"frintn v0.2d, v12.2d",SIMD / floating point,,E,latency,R0,W0,3,2.995,3,cycles,
frintz_2d,"frintz v0.2d, v12.2d",SIMD / floating point,,P,throughput,,,3.999,3.999,4.001,per cycle,
frintz_2d,"frintz v0.2d, v12.2d",SIMD / floating point,,P,latency,R0,W0,3,2.999,3,cycles,
frintz_2d,"frintz v0.2d, v12.2d",SIMD / floating point,,E,throughput,,,3,2.992,3.001,per cycle,
frintz_2d,"frintz v0.2d, v12.2d",SIMD / floating point,,E,latency,R0,W0,3.002,3,3.006,cycles,
frintx_2d,"frintx v0.2d, v12.2d",SIMD / floating point,,P,throughput,,,3.999,3.999,4,per cycle,
frintx_2d,"frintx v0.2d, v12.2d",SIMD / floating point,,P,latency,R0,W0,3,2.999,3.001,cycles,
frintx_2d,"frintx v0.2d, v12.2d",SIMD / floating point,,E,throughput,,,3,2.992,3.001,per cycle,
frintx_2d,"frintx v0.2d, v12.2d",SIMD / floating point,,E,latency,R0,W0,3,2.999,3.006,cycles,
fcmeq_2d,"fcmeq v0.2d, v12.2d, v13.2d",SIMD / floating point,,P,throughput,,,3.999,3.998,4,per cycle,
fcmeq_2d,"fcmeq v0.2d, v12.2d, v13.2d",SIMD / floating point,,P,latency,R0,W0,2,2,2.001,cycles,
fcmeq_2d,"fcmeq v0.2d, v12.2d, v13.2d",SIMD / floating point,,P,latency,R1,W0,2,1.999,2,cycles,
fcmeq_2d,"fcmeq v0.2d, v12.2d, v13.2d",SIMD / floating point,,E,throughput,,,3,2.999,3.001,per cycle,
fcmeq_2d,"fcmeq v0.2d, v12.2d, v13.2d",SIMD / floating point,,E,latency,R0,W0,2,1.992,2.001,cycles,
fcmeq_2d,"fcmeq v0.2d, v12.2d, v13.2d",SIMD / floating point,,E,latency,R1,W0,2,2,2,cycles,
fcmgt_2d,"fcmgt v0.2d, v12.2d, v13.2d",SIMD / floating point,,P,throughput,,,4,4,4.003,per cycle,
fcmgt_2d,"fcmgt v0.2d, v12.2d, v13.2d",SIMD / floating point,,P,latency,R0,W0,2,2,2,cycles,
fcmgt_2d,"fcmgt v0.2d, v12.2d, v13.2d",SIMD / floating point,,P,latency,R1,W0,2,2,2,cycles,
fcmgt_2d,"fcmgt v0.2d, v12.2d, v13.2d",SIMD / floating point,,E,throughput,,,3,2.999,3,per cycle,
fcmgt_2d,"fcmgt v0.2d, v12.2d, v13.2d",SIMD / floating point,,E,latency,R0,W0,2,2,2.004,cycles,
fcmgt_2d,"fcmgt v0.2d, v12.2d, v13.2d",SIMD / floating point,,E,latency,R1,W0,2,2,2.001,cycles,
fcmge_2d_zero,"fcmge v0.2d, v12.2d, #0.0",SIMD / floating point,,P,throughput,,,4,3.998,4,per cycle,
fcmge_2d_zero,"fcmge v0.2d, v12.2d, #0.0",SIMD / floating point,,P,latency,R0,W0,2,2,2.001,cycles,
fcmge_2d_zero,"fcmge v0.2d, v12.2d, #0.0",SIMD / floating point,,E,throughput,,,3,2.994,3.001,per cycle,
fcmge_2d_zero,"fcmge v0.2d, v12.2d, #0.0",SIMD / floating point,,E,latency,R0,W0,2.001,2,2.016,cycles,
facgt_2d,"facgt v0.2d, v12.2d, v13.2d",SIMD / floating point,,P,throughput,,,3.999,3.998,4,per cycle,
facgt_2d,"facgt v0.2d, v12.2d, v13.2d",SIMD / floating point,,P,latency,R0,W0,2,2,2.001,cycles,
facgt_2d,"facgt v0.2d, v12.2d, v13.2d",SIMD / floating point,,P,latency,R1,W0,2,2,2,cycles,
facgt_2d,"facgt v0.2d, v12.2d, v13.2d",SIMD / floating point,,E,throughput,,,3,2.997,3.003,per cycle,
facgt_2d,"facgt v0.2d, v12.2d, v13.2d",SIMD / floating point,,E,latency,R0,W0,2,1.999,2.001,cycles,
facgt_2d,"facgt v0.2d, v12.2d, v13.2d",SIMD / floating point,,E,latency,R1,W0,2,2,2.002,cycles,
fcvtzs_2d,"fcvtzs v0.2d, v12.2d",SIMD / floating point,,P,throughput,,,4.001,4.001,4.002,per cycle,
fcvtzs_2d,"fcvtzs v0.2d, v12.2d",SIMD / floating point,,E,throughput,,,3,2.998,3.002,per cycle,
fcvtzu_2d,"fcvtzu v0.2d, v12.2d",SIMD / floating point,,P,throughput,,,4,4,4.002,per cycle,
fcvtzu_2d,"fcvtzu v0.2d, v12.2d",SIMD / floating point,,E,throughput,,,3,2.993,3.014,per cycle,
scvtf_2d,"scvtf v0.2d, v12.2d",SIMD / floating point,,P,throughput,,,4,4,4.002,per cycle,
scvtf_2d,"scvtf v0.2d, v12.2d",SIMD / floating point,,E,throughput,,,3,3,3.003,per cycle,
ucvtf_2d,"ucvtf v0.2d, v12.2d",SIMD / floating point,,P,throughput,,,4,4,4.002,per cycle,
ucvtf_2d,"ucvtf v0.2d, v12.2d",SIMD / floating point,,E,throughput,,,3.001,2.993,3.007,per cycle,
fcvt_int_roundtrip_2d,"scvtf v0.2d, v0.2d; fcvtzs v0.2d, v0.2d",SIMD / floating point,,P,latency,RW0,RW0,6,5.999,6.002,cycles,
fcvt_int_roundtrip_2d,"scvtf v0.2d, v0.2d; fcvtzs v0.2d, v0.2d",SIMD / floating point,,E,latency,RW0,RW0,6,5.99,6.011,cycles,
fmla_4s_elem,"fmla v0.4s, v12.4s, v13.s[1]",SIMD / floating point,,P,throughput,,,3.289,3.274,3.35,per cycle,
fmla_4s_elem,"fmla v0.4s, v12.4s, v13.s[1]",SIMD / floating point,,P,latency,RW0,RW0,4.001,3.999,4.001,cycles,
fmla_4s_elem,"fmla v0.4s, v12.4s, v13.s[1]",SIMD / floating point,,P,latency,R0,RW0,4,4,4.001,cycles,tied-with-destination
fmla_4s_elem,"fmla v0.4s, v12.4s, v13.s[1]",SIMD / floating point,,P,latency,R1,RW0,4,4,4.001,cycles,tied-with-destination
fmla_4s_elem,"fmla v0.4s, v12.4s, v13.s[1]",SIMD / floating point,,E,throughput,,,3,3,3.007,per cycle,
fmla_4s_elem,"fmla v0.4s, v12.4s, v13.s[1]",SIMD / floating point,,E,latency,RW0,RW0,4,3.994,4.002,cycles,
fmla_4s_elem,"fmla v0.4s, v12.4s, v13.s[1]",SIMD / floating point,,E,latency,R0,RW0,4,4,4.001,cycles,tied-with-destination
fmla_4s_elem,"fmla v0.4s, v12.4s, v13.s[1]",SIMD / floating point,,E,latency,R1,RW0,4.001,4,4.014,cycles,tied-with-destination
fmul_2d_elem,"fmul v0.2d, v12.2d, v13.d[1]",SIMD / floating point,,P,throughput,,,4.816,4.506,5.004,per cycle,
fmul_2d_elem,"fmul v0.2d, v12.2d, v13.d[1]",SIMD / floating point,,P,latency,R0,W0,3,2.999,3.001,cycles,
fmul_2d_elem,"fmul v0.2d, v12.2d, v13.d[1]",SIMD / floating point,,P,latency,R1,W0,3,3,3.001,cycles,
fmul_2d_elem,"fmul v0.2d, v12.2d, v13.d[1]",SIMD / floating point,,E,throughput,,,3,2.999,3,per cycle,
fmul_2d_elem,"fmul v0.2d, v12.2d, v13.d[1]",SIMD / floating point,,E,latency,R0,W0,4,3.999,4,cycles,
fmul_2d_elem,"fmul v0.2d, v12.2d, v13.d[1]",SIMD / floating point,,E,latency,R1,W0,4,3.999,4.007,cycles,
fmul_s_elem_scalar,"fmul s0, s12, v13.s[1]",SIMD / floating point,,P,throughput,,,4,3.999,4.001,per cycle,
fmul_s_elem_scalar,"fmul s0, s12, v13.s[1]",SIMD / floating point,,P,latency,R0,W0,3,3,3.001,cycles,
fmul_s_elem_scalar,"fmul s0, s12, v13.s[1]",SIMD / floating point,,P,latency,R1,W0,3,2.999,3,cycles,
fmul_s_elem_scalar,"fmul s0, s12, v13.s[1]",SIMD / floating point,,E,throughput,,,3,3,3.002,per cycle,
fmul_s_elem_scalar,"fmul s0, s12, v13.s[1]",SIMD / floating point,,E,latency,R0,W0,4,4,4.015,cycles,
fmul_s_elem_scalar,"fmul s0, s12, v13.s[1]",SIMD / floating point,,E,latency,R1,W0,4,4,4,cycles,
fcvtn_2s,"fcvtn v0.2s, v12.2d",SIMD / floating point,,P,throughput,,,4.001,3.999,4.002,per cycle,
fcvtn_2s,"fcvtn v0.2s, v12.2d",SIMD / floating point,,E,throughput,,,3,2.999,3.009,per cycle,
fcvtl_2d,"fcvtl v0.2d, v12.2s",SIMD / floating point,,P,throughput,,,3.999,3.998,4,per cycle,
fcvtl_2d,"fcvtl v0.2d, v12.2s",SIMD / floating point,,E,throughput,,,3,3,3.004,per cycle,
fcvtl_fcvtn_roundtrip,"fcvtn v0.2s, v1.2d; fcvtl v1.2d, v0.2s",SIMD / floating point,,P,latency,RW1,RW1,5.999,5.998,6.001,cycles,
fcvtl_fcvtn_roundtrip,"fcvtn v0.2s, v1.2d; fcvtl v1.2d, v0.2s",SIMD / floating point,,E,latency,RW1,RW1,6,5.998,6.001,cycles,
fadd_8h,"fadd v0.8h, v12.8h, v13.8h",SIMD / floating point,FP16,P,throughput,,,4,3.998,4.001,per cycle,
fadd_8h,"fadd v0.8h, v12.8h, v13.8h",SIMD / floating point,FP16,P,latency,R0,W0,2.114,2.114,2.115,cycles,
fadd_8h,"fadd v0.8h, v12.8h, v13.8h",SIMD / floating point,FP16,P,latency,R1,W0,2.114,2.113,2.114,cycles,
fadd_8h,"fadd v0.8h, v12.8h, v13.8h",SIMD / floating point,FP16,E,throughput,,,3.001,2.991,3.004,per cycle,
fadd_8h,"fadd v0.8h, v12.8h, v13.8h",SIMD / floating point,FP16,E,latency,R0,W0,2.5,2.499,2.504,cycles,
fadd_8h,"fadd v0.8h, v12.8h, v13.8h",SIMD / floating point,FP16,E,latency,R1,W0,2.5,2.499,2.563,cycles,
fmul_8h,"fmul v0.8h, v12.8h, v13.8h",SIMD / floating point,FP16,P,throughput,,,4.001,4,4.002,per cycle,
fmul_8h,"fmul v0.8h, v12.8h, v13.8h",SIMD / floating point,FP16,P,latency,R0,W0,3.116,3.116,3.117,cycles,
fmul_8h,"fmul v0.8h, v12.8h, v13.8h",SIMD / floating point,FP16,P,latency,R1,W0,3.117,3.116,3.117,cycles,
fmul_8h,"fmul v0.8h, v12.8h, v13.8h",SIMD / floating point,FP16,E,throughput,,,3,3,3.014,per cycle,
fmul_8h,"fmul v0.8h, v12.8h, v13.8h",SIMD / floating point,FP16,E,latency,R0,W0,3.501,3.499,3.594,cycles,
fmul_8h,"fmul v0.8h, v12.8h, v13.8h",SIMD / floating point,FP16,E,latency,R1,W0,3.5,3.499,3.562,cycles,
fmla_8h,"fmla v0.8h, v12.8h, v13.8h",SIMD / floating point,FP16,P,throughput,,,3.262,3.238,3.309,per cycle,
fmla_8h,"fmla v0.8h, v12.8h, v13.8h",SIMD / floating point,FP16,P,latency,RW0,RW0,3.117,3.116,3.117,cycles,
fmla_8h,"fmla v0.8h, v12.8h, v13.8h",SIMD / floating point,FP16,P,latency,R0,RW0,3.116,3.115,3.117,cycles,tied-with-destination
fmla_8h,"fmla v0.8h, v12.8h, v13.8h",SIMD / floating point,FP16,P,latency,R1,RW0,3.117,3.116,3.117,cycles,tied-with-destination
fmla_8h,"fmla v0.8h, v12.8h, v13.8h",SIMD / floating point,FP16,E,throughput,,,3,2.998,3.002,per cycle,
fmla_8h,"fmla v0.8h, v12.8h, v13.8h",SIMD / floating point,FP16,E,latency,RW0,RW0,3.499,3.469,3.562,cycles,
fmla_8h,"fmla v0.8h, v12.8h, v13.8h",SIMD / floating point,FP16,E,latency,R0,RW0,3.5,3.499,3.563,cycles,tied-with-destination
fmla_8h,"fmla v0.8h, v12.8h, v13.8h",SIMD / floating point,FP16,E,latency,R1,RW0,3.5,3.499,3.562,cycles,tied-with-destination
fdiv_8h,"fdiv v0.8h, v12.8h, v13.8h",SIMD / floating point,FP16,P,throughput,,,1.04,0.975,1.043,per cycle,
fdiv_8h,"fdiv v0.8h, v12.8h, v13.8h",SIMD / floating point,FP16,P,latency,R0,W0,6.999,6.998,7.002,cycles,
fdiv_8h,"fdiv v0.8h, v12.8h, v13.8h",SIMD / floating point,FP16,P,latency,R1,W0,7,6.999,7.002,cycles,
fdiv_8h,"fdiv v0.8h, v12.8h, v13.8h",SIMD / floating point,FP16,E,throughput,,,0.5,0.5,0.5,per cycle,
fdiv_8h,"fdiv v0.8h, v12.8h, v13.8h",SIMD / floating point,FP16,E,latency,R0,W0,7.999,7.997,8.001,cycles,
fdiv_8h,"fdiv v0.8h, v12.8h, v13.8h",SIMD / floating point,FP16,E,latency,R1,W0,8.001,7.994,8.027,cycles,
fsqrt_8h,"fsqrt v0.8h, v12.8h",SIMD / floating point,FP16,P,throughput,,,0.5,0.499,0.5,per cycle,
fsqrt_8h,"fsqrt v0.8h, v12.8h",SIMD / floating point,FP16,P,latency,R0,W0,7.999,7.997,8.002,cycles,
fsqrt_8h,"fsqrt v0.8h, v12.8h",SIMD / floating point,FP16,E,throughput,,,0.25,0.25,0.25,per cycle,
fsqrt_8h,"fsqrt v0.8h, v12.8h",SIMD / floating point,FP16,E,latency,R0,W0,10.001,9.992,10.058,cycles,
fcadd_4s,"fcadd v0.4s, v12.4s, v13.4s, #90",SIMD / floating point,FCMA,P,throughput,,,4.001,3.999,4.001,per cycle,
fcadd_4s,"fcadd v0.4s, v12.4s, v13.4s, #90",SIMD / floating point,FCMA,P,latency,R0,W0,2.999,2.999,3,cycles,
fcadd_4s,"fcadd v0.4s, v12.4s, v13.4s, #90",SIMD / floating point,FCMA,P,latency,R1,W0,3,3,3.001,cycles,
fcadd_4s,"fcadd v0.4s, v12.4s, v13.4s, #90",SIMD / floating point,FCMA,E,throughput,,,3,2.999,3.003,per cycle,
fcadd_4s,"fcadd v0.4s, v12.4s, v13.4s, #90",SIMD / floating point,FCMA,E,latency,R0,W0,3,3,3.002,cycles,
fcadd_4s,"fcadd v0.4s, v12.4s, v13.4s, #90",SIMD / floating point,FCMA,E,latency,R1,W0,3,3,3.027,cycles,
fcmla_4s,"fcmla v0.4s, v12.4s, v13.4s, #90",SIMD / floating point,FCMA,P,throughput,,,3.251,3.204,3.315,per cycle,
fcmla_4s,"fcmla v0.4s, v12.4s, v13.4s, #90",SIMD / floating point,FCMA,P,latency,RW0,RW0,4,4,4.001,cycles,
fcmla_4s,"fcmla v0.4s, v12.4s, v13.4s, #90",SIMD / floating point,FCMA,P,latency,R0,RW0,3.999,3.999,4.001,cycles,tied-with-destination
fcmla_4s,"fcmla v0.4s, v12.4s, v13.4s, #90",SIMD / floating point,FCMA,P,latency,R1,RW0,3.999,3.999,4,cycles,tied-with-destination
fcmla_4s,"fcmla v0.4s, v12.4s, v13.4s, #90",SIMD / floating point,FCMA,E,throughput,,,3.001,2.998,3.048,per cycle,
fcmla_4s,"fcmla v0.4s, v12.4s, v13.4s, #90",SIMD / floating point,FCMA,E,latency,RW0,RW0,4,3.971,4.001,cycles,
fcmla_4s,"fcmla v0.4s, v12.4s, v13.4s, #90",SIMD / floating point,FCMA,E,latency,R0,RW0,3.998,3.994,4.001,cycles,tied-with-destination
fcmla_4s,"fcmla v0.4s, v12.4s, v13.4s, #90",SIMD / floating point,FCMA,E,latency,R1,RW0,3.999,3.996,4.001,cycles,tied-with-destination
fcmla_2d,"fcmla v0.2d, v12.2d, v13.2d, #0",SIMD / floating point,FCMA,P,throughput,,,3.31,3.223,3.447,per cycle,
fcmla_2d,"fcmla v0.2d, v12.2d, v13.2d, #0",SIMD / floating point,FCMA,P,latency,RW0,RW0,4.001,4,4.001,cycles,
fcmla_2d,"fcmla v0.2d, v12.2d, v13.2d, #0",SIMD / floating point,FCMA,P,latency,R0,RW0,3.999,3.999,4,cycles,tied-with-destination
fcmla_2d,"fcmla v0.2d, v12.2d, v13.2d, #0",SIMD / floating point,FCMA,P,latency,R1,RW0,4,3.999,4.003,cycles,tied-with-destination
fcmla_2d,"fcmla v0.2d, v12.2d, v13.2d, #0",SIMD / floating point,FCMA,E,throughput,,,3,2.994,3,per cycle,
fcmla_2d,"fcmla v0.2d, v12.2d, v13.2d, #0",SIMD / floating point,FCMA,E,latency,RW0,RW0,4,3.998,4.001,cycles,
fcmla_2d,"fcmla v0.2d, v12.2d, v13.2d, #0",SIMD / floating point,FCMA,E,latency,R0,RW0,4.001,4,4.033,cycles,tied-with-destination
fcmla_2d,"fcmla v0.2d, v12.2d, v13.2d, #0",SIMD / floating point,FCMA,E,latency,R1,RW0,4,3.999,4.014,cycles,tied-with-destination
fmlal_4s,"fmlal v0.4s, v12.4h, v13.4h",SIMD / floating point,FHM,P,throughput,,,3.464,3.344,3.548,per cycle,
fmlal_4s,"fmlal v0.4s, v12.4h, v13.4h",SIMD / floating point,FHM,P,latency,RW0,RW0,4.001,3.999,4.001,cycles,
fmlal_4s,"fmlal v0.4s, v12.4h, v13.4h",SIMD / floating point,FHM,P,latency,R0,RW0,3.999,3.999,4.002,cycles,tied-with-destination
fmlal_4s,"fmlal v0.4s, v12.4h, v13.4h",SIMD / floating point,FHM,P,latency,R1,RW0,3.999,3.999,4.002,cycles,tied-with-destination
fmlal_4s,"fmlal v0.4s, v12.4h, v13.4h",SIMD / floating point,FHM,E,throughput,,,3,2.991,3.001,per cycle,
fmlal_4s,"fmlal v0.4s, v12.4h, v13.4h",SIMD / floating point,FHM,E,latency,RW0,RW0,4.001,4,4.012,cycles,
fmlal_4s,"fmlal v0.4s, v12.4h, v13.4h",SIMD / floating point,FHM,E,latency,R0,RW0,3.999,3.992,4.001,cycles,tied-with-destination
fmlal_4s,"fmlal v0.4s, v12.4h, v13.4h",SIMD / floating point,FHM,E,latency,R1,RW0,4,4,4.001,cycles,tied-with-destination
bfdot_4s,"bfdot v0.4s, v12.8h, v13.8h",SIMD / floating point,BF16,P,throughput,,,1,1,1.001,per cycle,
bfdot_4s,"bfdot v0.4s, v12.8h, v13.8h",SIMD / floating point,BF16,P,latency,RW0,RW0,2.997,2.988,3.058,cycles,
bfdot_4s,"bfdot v0.4s, v12.8h, v13.8h",SIMD / floating point,BF16,P,latency,R0,RW0,8.999,8.997,9.002,cycles,tied-with-destination
bfdot_4s,"bfdot v0.4s, v12.8h, v13.8h",SIMD / floating point,BF16,P,latency,R1,RW0,9.001,8.999,9.002,cycles,tied-with-destination
bfdot_4s,"bfdot v0.4s, v12.8h, v13.8h",SIMD / floating point,BF16,E,throughput,,,0.75,0.75,0.751,per cycle,
bfdot_4s,"bfdot v0.4s, v12.8h, v13.8h",SIMD / floating point,BF16,E,latency,RW0,RW0,2.518,2.517,2.521,cycles,
bfdot_4s,"bfdot v0.4s, v12.8h, v13.8h",SIMD / floating point,BF16,E,latency,R0,RW0,9.002,8.997,9.015,cycles,tied-with-destination
bfdot_4s,"bfdot v0.4s, v12.8h, v13.8h",SIMD / floating point,BF16,E,latency,R1,RW0,8.999,8.995,9.012,cycles,tied-with-destination
bfmmla_4s,"bfmmla v0.4s, v12.8h, v13.8h",SIMD / floating point,BF16,P,throughput,,,0.449,0.416,0.462,per cycle,
bfmmla_4s,"bfmmla v0.4s, v12.8h, v13.8h",SIMD / floating point,BF16,P,latency,RW0,RW0,4.984,4.91,5.112,cycles,
bfmmla_4s,"bfmmla v0.4s, v12.8h, v13.8h",SIMD / floating point,BF16,P,latency,R0,RW0,11.233,11.232,11.234,cycles,tied-with-destination
bfmmla_4s,"bfmmla v0.4s, v12.8h, v13.8h",SIMD / floating point,BF16,P,latency,R1,RW0,11.234,11.23,11.238,cycles,tied-with-destination
bfmmla_4s,"bfmmla v0.4s, v12.8h, v13.8h",SIMD / floating point,BF16,E,throughput,,,0.375,0.374,0.375,per cycle,
bfmmla_4s,"bfmmla v0.4s, v12.8h, v13.8h",SIMD / floating point,BF16,E,latency,RW0,RW0,5.067,5.035,5.091,cycles,
bfmmla_4s,"bfmmla v0.4s, v12.8h, v13.8h",SIMD / floating point,BF16,E,latency,R0,RW0,11.781,11.779,11.782,cycles,tied-with-destination
bfmmla_4s,"bfmmla v0.4s, v12.8h, v13.8h",SIMD / floating point,BF16,E,latency,R1,RW0,11.78,11.776,11.82,cycles,tied-with-destination
bfcvtn_4h,"bfcvtn v0.4h, v12.4s",SIMD / floating point,BF16,P,throughput,,,4,3.999,4.002,per cycle,
bfcvtn_4h,"bfcvtn v0.4h, v12.4s",SIMD / floating point,BF16,E,throughput,,,3,2.998,3.003,per cycle,
bfcvt_h_s,"bfcvt h0, s12",SIMD / floating point,BF16,P,throughput,,,4,4,4.002,per cycle,
bfcvt_h_s,"bfcvt h0, s12",SIMD / floating point,BF16,E,throughput,,,3,2.999,3.011,per cycle,
aese,"aese v0.16b, v12.16b",Crypto / AES,AES,P,throughput,,,3.696,3.57,3.966,per cycle,
aese,"aese v0.16b, v12.16b",Crypto / AES,AES,P,latency,RW0,RW0,2.114,2.113,2.114,cycles,
aese,"aese v0.16b, v12.16b",Crypto / AES,AES,P,latency,R0,RW0,3,3,3.001,cycles,tied-with-destination
aese,"aese v0.16b, v12.16b",Crypto / AES,AES,E,throughput,,,3,2.986,3.002,per cycle,
aese,"aese v0.16b, v12.16b",Crypto / AES,AES,E,latency,RW0,RW0,2.501,2.5,2.593,cycles,
aese,"aese v0.16b, v12.16b",Crypto / AES,AES,E,latency,R0,RW0,3,2.997,3,cycles,tied-with-destination
aesd,"aesd v0.16b, v12.16b",Crypto / AES,AES,P,throughput,,,4.003,3.362,4.582,per cycle,
aesd,"aesd v0.16b, v12.16b",Crypto / AES,AES,P,latency,RW0,RW0,2.114,2.114,2.115,cycles,
aesd,"aesd v0.16b, v12.16b",Crypto / AES,AES,P,latency,R0,RW0,3,2.999,3,cycles,tied-with-destination
aesd,"aesd v0.16b, v12.16b",Crypto / AES,AES,E,throughput,,,3,3,3.006,per cycle,
aesd,"aesd v0.16b, v12.16b",Crypto / AES,AES,E,latency,RW0,RW0,2.5,2.5,2.501,cycles,
aesd,"aesd v0.16b, v12.16b",Crypto / AES,AES,E,latency,R0,RW0,3,2.998,3.001,cycles,tied-with-destination
aesmc,"aesmc v0.16b, v12.16b",Crypto / AES,AES,P,throughput,,,4.095,3.57,4.287,per cycle,
aesmc,"aesmc v0.16b, v12.16b",Crypto / AES,AES,P,latency,R0,W0,2.103,2.103,2.104,cycles,
aesmc,"aesmc v0.16b, v12.16b",Crypto / AES,AES,E,throughput,,,3,2.987,3,per cycle,
aesmc,"aesmc v0.16b, v12.16b",Crypto / AES,AES,E,latency,R0,W0,2.5,2.499,2.595,cycles,
aesimc,"aesimc v0.16b, v12.16b",Crypto / AES,AES,P,throughput,,,4,3.998,4.001,per cycle,
aesimc,"aesimc v0.16b, v12.16b",Crypto / AES,AES,P,latency,R0,W0,2.103,2.103,2.104,cycles,
aesimc,"aesimc v0.16b, v12.16b",Crypto / AES,AES,E,throughput,,,3,2.98,3.001,per cycle,
aesimc,"aesimc v0.16b, v12.16b",Crypto / AES,AES,E,latency,R0,W0,2.5,2.496,2.505,cycles,
aes_round_enc,"aese v0.16b, v12.16b; aesmc v0.16b, v0.16b",Crypto / AES,AES,P,throughput,,,3.996,3.994,4.001,per cycle,
aes_round_enc,"aese v0.16b, v12.16b; aesmc v0.16b, v0.16b",Crypto / AES,AES,P,latency,RW0,RW0,2.206,2.205,2.206,cycles,
aes_round_enc,"aese v0.16b, v12.16b; aesmc v0.16b, v0.16b",Crypto / AES,AES,P,latency,R0,RW0,3,2.999,3.001,cycles,tied-with-destination
aes_round_enc,"aese v0.16b, v12.16b; aesmc v0.16b, v0.16b",Crypto / AES,AES,E,throughput,,,3,2.981,3.001,per cycle,
aes_round_enc,"aese v0.16b, v12.16b; aesmc v0.16b, v0.16b",Crypto / AES,AES,E,latency,RW0,RW0,2.562,2.561,2.563,cycles,
aes_round_enc,"aese v0.16b, v12.16b; aesmc v0.16b, v0.16b",Crypto / AES,AES,E,latency,R0,RW0,3,2.999,3.001,cycles,tied-with-destination
aes_round_dec,"aesd v0.16b, v12.16b; aesimc v0.16b, v0.16b",Crypto / AES,AES,P,throughput,,,3.995,3.988,3.997,per cycle,
aes_round_dec,"aesd v0.16b, v12.16b; aesimc v0.16b, v0.16b",Crypto / AES,AES,P,latency,RW0,RW0,2.205,2.205,2.206,cycles,
aes_round_dec,"aesd v0.16b, v12.16b; aesimc v0.16b, v0.16b",Crypto / AES,AES,P,latency,R0,RW0,3,2.999,3.001,cycles,tied-with-destination
aes_round_dec,"aesd v0.16b, v12.16b; aesimc v0.16b, v0.16b",Crypto / AES,AES,E,throughput,,,3,2.996,3.001,per cycle,
aes_round_dec,"aesd v0.16b, v12.16b; aesimc v0.16b, v0.16b",Crypto / AES,AES,E,latency,RW0,RW0,2.563,2.562,2.595,cycles,
aes_round_dec,"aesd v0.16b, v12.16b; aesimc v0.16b, v0.16b",Crypto / AES,AES,E,latency,R0,RW0,3,2.999,3.005,cycles,tied-with-destination
aes_round_enc_split,"aese v0.16b, v12.16b; nop; aesmc v0.16b, v0.16b",Crypto / AES,AES,P,throughput,,,1.984,1.982,1.997,per cycle,
aes_round_enc_split,"aese v0.16b, v12.16b; nop; aesmc v0.16b, v0.16b",Crypto / AES,AES,P,latency,RW0,RW0,4.235,4.234,4.236,cycles,
aes_round_enc_split,"aese v0.16b, v12.16b; nop; aesmc v0.16b, v0.16b",Crypto / AES,AES,P,latency,R0,RW0,5.204,5.202,5.204,cycles,tied-with-destination
aes_round_enc_split,"aese v0.16b, v12.16b; nop; aesmc v0.16b, v0.16b",Crypto / AES,AES,E,throughput,,,1.5,1.499,1.501,per cycle,
aes_round_enc_split,"aese v0.16b, v12.16b; nop; aesmc v0.16b, v0.16b",Crypto / AES,AES,E,latency,RW0,RW0,5.126,5,5.127,cycles,
aes_round_enc_split,"aese v0.16b, v12.16b; nop; aesmc v0.16b, v0.16b",Crypto / AES,AES,E,latency,R0,RW0,5.127,5,5.187,cycles,tied-with-destination
pmull_1q,"pmull v0.1q, v12.1d, v13.1d",Crypto / polynomial multiply,PMULL,P,throughput,,,4,3.998,4,per cycle,
pmull_1q,"pmull v0.1q, v12.1d, v13.1d",Crypto / polynomial multiply,PMULL,P,latency,R0,W0,3,2.999,3.001,cycles,
pmull_1q,"pmull v0.1q, v12.1d, v13.1d",Crypto / polynomial multiply,PMULL,P,latency,R1,W0,3,2.999,3.001,cycles,
pmull_1q,"pmull v0.1q, v12.1d, v13.1d",Crypto / polynomial multiply,PMULL,E,throughput,,,3.001,3,3.037,per cycle,
pmull_1q,"pmull v0.1q, v12.1d, v13.1d",Crypto / polynomial multiply,PMULL,E,latency,R0,W0,3,2.998,3.003,cycles,
pmull_1q,"pmull v0.1q, v12.1d, v13.1d",Crypto / polynomial multiply,PMULL,E,latency,R1,W0,3,2.998,3,cycles,
pmull2_1q,"pmull2 v0.1q, v12.2d, v13.2d",Crypto / polynomial multiply,PMULL,P,throughput,,,4,3.999,4.002,per cycle,
pmull2_1q,"pmull2 v0.1q, v12.2d, v13.2d",Crypto / polynomial multiply,PMULL,P,latency,R0,W0,3,2.999,3,cycles,
pmull2_1q,"pmull2 v0.1q, v12.2d, v13.2d",Crypto / polynomial multiply,PMULL,P,latency,R1,W0,3,3,3.001,cycles,
pmull2_1q,"pmull2 v0.1q, v12.2d, v13.2d",Crypto / polynomial multiply,PMULL,E,throughput,,,3,2.993,3.001,per cycle,
pmull2_1q,"pmull2 v0.1q, v12.2d, v13.2d",Crypto / polynomial multiply,PMULL,E,latency,R0,W0,3,2.999,3,cycles,
pmull2_1q,"pmull2 v0.1q, v12.2d, v13.2d",Crypto / polynomial multiply,PMULL,E,latency,R1,W0,3,3,3.011,cycles,
sha1c,"sha1c q0, s12, v13.4s",Crypto / SHA-1 and SHA-2,SHA1,P,throughput,,,0.25,0.25,0.25,per cycle,
sha1c,"sha1c q0, s12, v13.4s",Crypto / SHA-1 and SHA-2,SHA1,P,latency,RW0,RW0,4.001,3.999,4.001,cycles,
sha1c,"sha1c q0, s12, v13.4s",Crypto / SHA-1 and SHA-2,SHA1,P,latency,R0,RW0,5,4.997,5.002,cycles,tied-with-destination
sha1c,"sha1c q0, s12, v13.4s",Crypto / SHA-1 and SHA-2,SHA1,P,latency,R1,RW0,5.001,5,5.003,cycles,tied-with-destination
sha1c,"sha1c q0, s12, v13.4s",Crypto / SHA-1 and SHA-2,SHA1,E,throughput,,,0.25,0.249,0.25,per cycle,
sha1c,"sha1c q0, s12, v13.4s",Crypto / SHA-1 and SHA-2,SHA1,E,latency,RW0,RW0,3.999,3.997,4.001,cycles,
sha1c,"sha1c q0, s12, v13.4s",Crypto / SHA-1 and SHA-2,SHA1,E,latency,R0,RW0,5,4.991,5.001,cycles,tied-with-destination
sha1c,"sha1c q0, s12, v13.4s",Crypto / SHA-1 and SHA-2,SHA1,E,latency,R1,RW0,4.999,4.996,5,cycles,tied-with-destination
sha1p,"sha1p q0, s12, v13.4s",Crypto / SHA-1 and SHA-2,SHA1,P,throughput,,,0.25,0.25,0.25,per cycle,
sha1p,"sha1p q0, s12, v13.4s",Crypto / SHA-1 and SHA-2,SHA1,P,latency,RW0,RW0,4,3.999,4,cycles,
sha1p,"sha1p q0, s12, v13.4s",Crypto / SHA-1 and SHA-2,SHA1,P,latency,R0,RW0,5.001,4.999,5.003,cycles,tied-with-destination
sha1p,"sha1p q0, s12, v13.4s",Crypto / SHA-1 and SHA-2,SHA1,P,latency,R1,RW0,5.001,4.999,5.002,cycles,tied-with-destination
sha1p,"sha1p q0, s12, v13.4s",Crypto / SHA-1 and SHA-2,SHA1,E,throughput,,,0.25,0.25,0.251,per cycle,
sha1p,"sha1p q0, s12, v13.4s",Crypto / SHA-1 and SHA-2,SHA1,E,latency,RW0,RW0,4,3.998,4.024,cycles,
sha1p,"sha1p q0, s12, v13.4s",Crypto / SHA-1 and SHA-2,SHA1,E,latency,R0,RW0,5.001,4.999,5.004,cycles,tied-with-destination
sha1p,"sha1p q0, s12, v13.4s",Crypto / SHA-1 and SHA-2,SHA1,E,latency,R1,RW0,5,4.988,5,cycles,tied-with-destination
sha1m,"sha1m q0, s12, v13.4s",Crypto / SHA-1 and SHA-2,SHA1,P,throughput,,,0.25,0.25,0.25,per cycle,
sha1m,"sha1m q0, s12, v13.4s",Crypto / SHA-1 and SHA-2,SHA1,P,latency,RW0,RW0,4,4,4.001,cycles,
sha1m,"sha1m q0, s12, v13.4s",Crypto / SHA-1 and SHA-2,SHA1,P,latency,R0,RW0,5,4.998,5,cycles,tied-with-destination
sha1m,"sha1m q0, s12, v13.4s",Crypto / SHA-1 and SHA-2,SHA1,P,latency,R1,RW0,5,4.999,5.001,cycles,tied-with-destination
sha1m,"sha1m q0, s12, v13.4s",Crypto / SHA-1 and SHA-2,SHA1,E,throughput,,,0.25,0.249,0.25,per cycle,
sha1m,"sha1m q0, s12, v13.4s",Crypto / SHA-1 and SHA-2,SHA1,E,latency,RW0,RW0,4.001,4,4.03,cycles,
sha1m,"sha1m q0, s12, v13.4s",Crypto / SHA-1 and SHA-2,SHA1,E,latency,R0,RW0,5,4.994,5.014,cycles,tied-with-destination
sha1m,"sha1m q0, s12, v13.4s",Crypto / SHA-1 and SHA-2,SHA1,E,latency,R1,RW0,5,4.993,5.001,cycles,tied-with-destination
sha1h,"sha1h s0, s12",Crypto / SHA-1 and SHA-2,SHA1,P,throughput,,,1.029,1,1.041,per cycle,
sha1h,"sha1h s0, s12",Crypto / SHA-1 and SHA-2,SHA1,P,latency,R0,W0,2,1.999,2.001,cycles,
sha1h,"sha1h s0, s12",Crypto / SHA-1 and SHA-2,SHA1,E,throughput,,,1.001,0.999,1.002,per cycle,
sha1h,"sha1h s0, s12",Crypto / SHA-1 and SHA-2,SHA1,E,latency,R0,W0,2,1.999,2,cycles,
sha1su0,"sha1su0 v0.4s, v12.4s, v13.4s",Crypto / SHA-1 and SHA-2,SHA1,P,throughput,,,1,1,1,per cycle,
sha1su0,"sha1su0 v0.4s, v12.4s, v13.4s",Crypto / SHA-1 and SHA-2,SHA1,P,latency,RW0,RW0,2,2,2,cycles,
sha1su0,"sha1su0 v0.4s, v12.4s, v13.4s",Crypto / SHA-1 and SHA-2,SHA1,P,latency,R0,RW0,2,1.999,2,cycles,tied-with-destination
sha1su0,"sha1su0 v0.4s, v12.4s, v13.4s",Crypto / SHA-1 and SHA-2,SHA1,P,latency,R1,RW0,2,2,2,cycles,tied-with-destination
sha1su0,"sha1su0 v0.4s, v12.4s, v13.4s",Crypto / SHA-1 and SHA-2,SHA1,E,throughput,,,1.001,1.001,1.004,per cycle,
sha1su0,"sha1su0 v0.4s, v12.4s, v13.4s",Crypto / SHA-1 and SHA-2,SHA1,E,latency,RW0,RW0,2,2,2,cycles,
sha1su0,"sha1su0 v0.4s, v12.4s, v13.4s",Crypto / SHA-1 and SHA-2,SHA1,E,latency,R0,RW0,2,1.999,2.007,cycles,tied-with-destination
sha1su0,"sha1su0 v0.4s, v12.4s, v13.4s",Crypto / SHA-1 and SHA-2,SHA1,E,latency,R1,RW0,2.001,1.999,2.015,cycles,tied-with-destination
sha1su1,"sha1su1 v0.4s, v12.4s",Crypto / SHA-1 and SHA-2,SHA1,P,throughput,,,1,0.999,1.001,per cycle,
sha1su1,"sha1su1 v0.4s, v12.4s",Crypto / SHA-1 and SHA-2,SHA1,P,latency,RW0,RW0,2,2,2.001,cycles,
sha1su1,"sha1su1 v0.4s, v12.4s",Crypto / SHA-1 and SHA-2,SHA1,P,latency,R0,RW0,2,1.999,2.001,cycles,tied-with-destination
sha1su1,"sha1su1 v0.4s, v12.4s",Crypto / SHA-1 and SHA-2,SHA1,E,throughput,,,1.001,1.001,1.003,per cycle,
sha1su1,"sha1su1 v0.4s, v12.4s",Crypto / SHA-1 and SHA-2,SHA1,E,latency,RW0,RW0,2,1.998,2.003,cycles,
sha1su1,"sha1su1 v0.4s, v12.4s",Crypto / SHA-1 and SHA-2,SHA1,E,latency,R0,RW0,2,1.999,2.002,cycles,tied-with-destination
sha256h,"sha256h q0, q12, v13.4s",Crypto / SHA-1 and SHA-2,SHA256,P,throughput,,,0.504,0.5,0.509,per cycle,
sha256h,"sha256h q0, q12, v13.4s",Crypto / SHA-1 and SHA-2,SHA256,P,latency,RW0,RW0,3.999,3.999,4,cycles,
sha256h,"sha256h q0, q12, v13.4s",Crypto / SHA-1 and SHA-2,SHA256,P,latency,R0,RW0,5,4.999,5,cycles,tied-with-destination
sha256h,"sha256h q0, q12, v13.4s",Crypto / SHA-1 and SHA-2,SHA256,P,latency,R1,RW0,5,4.999,5.001,cycles,tied-with-destination
sha256h,"sha256h q0, q12, v13.4s",Crypto / SHA-1 and SHA-2,SHA256,E,throughput,,,0.5,0.498,0.501,per cycle,
sha256h,"sha256h q0, q12, v13.4s",Crypto / SHA-1 and SHA-2,SHA256,E,latency,RW0,RW0,4.001,3.997,4.007,cycles,
sha256h,"sha256h q0, q12, v13.4s",Crypto / SHA-1 and SHA-2,SHA256,E,latency,R0,RW0,5,5,5.003,cycles,tied-with-destination
sha256h,"sha256h q0, q12, v13.4s",Crypto / SHA-1 and SHA-2,SHA256,E,latency,R1,RW0,5,4.982,5.018,cycles,tied-with-destination
sha256h2,"sha256h2 q0, q12, v13.4s",Crypto / SHA-1 and SHA-2,SHA256,P,throughput,,,0.501,0.5,0.51,per cycle,
sha256h2,"sha256h2 q0, q12, v13.4s",Crypto / SHA-1 and SHA-2,SHA256,P,latency,RW0,RW0,4,3.999,4.001,cycles,
sha256h2,"sha256h2 q0, q12, v13.4s",Crypto / SHA-1 and SHA-2,SHA256,P,latency,R0,RW0,5,5,5.003,cycles,tied-with-destination
sha256h2,"sha256h2 q0, q12, v13.4s",Crypto / SHA-1 and SHA-2,SHA256,P,latency,R1,RW0,5,4.999,5.001,cycles,tied-with-destination
sha256h2,"sha256h2 q0, q12, v13.4s",Crypto / SHA-1 and SHA-2,SHA256,E,throughput,,,0.5,0.499,0.5,per cycle,
sha256h2,"sha256h2 q0, q12, v13.4s",Crypto / SHA-1 and SHA-2,SHA256,E,latency,RW0,RW0,4,3.999,4.007,cycles,
sha256h2,"sha256h2 q0, q12, v13.4s",Crypto / SHA-1 and SHA-2,SHA256,E,latency,R0,RW0,5.001,5,5.014,cycles,tied-with-destination
sha256h2,"sha256h2 q0, q12, v13.4s",Crypto / SHA-1 and SHA-2,SHA256,E,latency,R1,RW0,5,4.996,5.001,cycles,tied-with-destination
sha256su0,"sha256su0 v0.4s, v12.4s",Crypto / SHA-1 and SHA-2,SHA256,P,throughput,,,1,1,1,per cycle,
sha256su0,"sha256su0 v0.4s, v12.4s",Crypto / SHA-1 and SHA-2,SHA256,P,latency,RW0,RW0,2,1.999,2.001,cycles,
sha256su0,"sha256su0 v0.4s, v12.4s",Crypto / SHA-1 and SHA-2,SHA256,P,latency,R0,RW0,2,2,2.001,cycles,tied-with-destination
sha256su0,"sha256su0 v0.4s, v12.4s",Crypto / SHA-1 and SHA-2,SHA256,E,throughput,,,1,1,1.001,per cycle,
sha256su0,"sha256su0 v0.4s, v12.4s",Crypto / SHA-1 and SHA-2,SHA256,E,latency,RW0,RW0,2,2,2.001,cycles,
sha256su0,"sha256su0 v0.4s, v12.4s",Crypto / SHA-1 and SHA-2,SHA256,E,latency,R0,RW0,2,1.999,2,cycles,tied-with-destination
sha256su1,"sha256su1 v0.4s, v12.4s, v13.4s",Crypto / SHA-1 and SHA-2,SHA256,P,throughput,,,1,1,1.001,per cycle,
sha256su1,"sha256su1 v0.4s, v12.4s, v13.4s",Crypto / SHA-1 and SHA-2,SHA256,P,latency,RW0,RW0,2.999,2.999,3,cycles,
sha256su1,"sha256su1 v0.4s, v12.4s, v13.4s",Crypto / SHA-1 and SHA-2,SHA256,P,latency,R0,RW0,3,2.999,3,cycles,tied-with-destination
sha256su1,"sha256su1 v0.4s, v12.4s, v13.4s",Crypto / SHA-1 and SHA-2,SHA256,P,latency,R1,RW0,2.999,2.999,3,cycles,tied-with-destination
sha256su1,"sha256su1 v0.4s, v12.4s, v13.4s",Crypto / SHA-1 and SHA-2,SHA256,E,throughput,,,1,0.998,1.001,per cycle,
sha256su1,"sha256su1 v0.4s, v12.4s, v13.4s",Crypto / SHA-1 and SHA-2,SHA256,E,latency,RW0,RW0,3,2.999,3.001,cycles,
sha256su1,"sha256su1 v0.4s, v12.4s, v13.4s",Crypto / SHA-1 and SHA-2,SHA256,E,latency,R0,RW0,3,2.998,3.001,cycles,tied-with-destination
sha256su1,"sha256su1 v0.4s, v12.4s, v13.4s",Crypto / SHA-1 and SHA-2,SHA256,E,latency,R1,RW0,3.001,3,3.006,cycles,tied-with-destination
sha512h,"sha512h q0, q12, v13.2d",Crypto / SHA-1 and SHA-2,SHA512,P,throughput,,,0.5,0.5,0.5,per cycle,
sha512h,"sha512h q0, q12, v13.2d",Crypto / SHA-1 and SHA-2,SHA512,P,latency,RW0,RW0,2,1.999,2.001,cycles,
sha512h,"sha512h q0, q12, v13.2d",Crypto / SHA-1 and SHA-2,SHA512,P,latency,R0,RW0,3,3,3,cycles,tied-with-destination
sha512h,"sha512h q0, q12, v13.2d",Crypto / SHA-1 and SHA-2,SHA512,P,latency,R1,RW0,3,2.999,3.001,cycles,tied-with-destination
sha512h,"sha512h q0, q12, v13.2d",Crypto / SHA-1 and SHA-2,SHA512,E,throughput,,,0.5,0.5,0.5,per cycle,
sha512h,"sha512h q0, q12, v13.2d",Crypto / SHA-1 and SHA-2,SHA512,E,latency,RW0,RW0,2,2,2.002,cycles,
sha512h,"sha512h q0, q12, v13.2d",Crypto / SHA-1 and SHA-2,SHA512,E,latency,R0,RW0,3,2.999,3,cycles,tied-with-destination
sha512h,"sha512h q0, q12, v13.2d",Crypto / SHA-1 and SHA-2,SHA512,E,latency,R1,RW0,3,3,3.001,cycles,tied-with-destination
sha512h2,"sha512h2 q0, q12, v13.2d",Crypto / SHA-1 and SHA-2,SHA512,P,throughput,,,0.5,0.5,0.5,per cycle,
sha512h2,"sha512h2 q0, q12, v13.2d",Crypto / SHA-1 and SHA-2,SHA512,P,latency,RW0,RW0,2,2,2,cycles,
sha512h2,"sha512h2 q0, q12, v13.2d",Crypto / SHA-1 and SHA-2,SHA512,P,latency,R0,RW0,3,2.999,3,cycles,tied-with-destination
sha512h2,"sha512h2 q0, q12, v13.2d",Crypto / SHA-1 and SHA-2,SHA512,P,latency,R1,RW0,3,3,3.001,cycles,tied-with-destination
sha512h2,"sha512h2 q0, q12, v13.2d",Crypto / SHA-1 and SHA-2,SHA512,E,throughput,,,0.5,0.499,0.5,per cycle,
sha512h2,"sha512h2 q0, q12, v13.2d",Crypto / SHA-1 and SHA-2,SHA512,E,latency,RW0,RW0,2,2,2.006,cycles,
sha512h2,"sha512h2 q0, q12, v13.2d",Crypto / SHA-1 and SHA-2,SHA512,E,latency,R0,RW0,3,2.997,3.002,cycles,tied-with-destination
sha512h2,"sha512h2 q0, q12, v13.2d",Crypto / SHA-1 and SHA-2,SHA512,E,latency,R1,RW0,3,2.999,3.002,cycles,tied-with-destination
sha512su0,"sha512su0 v0.2d, v12.2d",Crypto / SHA-1 and SHA-2,SHA512,P,throughput,,,1,0.999,1,per cycle,
sha512su0,"sha512su0 v0.2d, v12.2d",Crypto / SHA-1 and SHA-2,SHA512,P,latency,RW0,RW0,2,2,2,cycles,
sha512su0,"sha512su0 v0.2d, v12.2d",Crypto / SHA-1 and SHA-2,SHA512,P,latency,R0,RW0,2,2,2,cycles,tied-with-destination
sha512su0,"sha512su0 v0.2d, v12.2d",Crypto / SHA-1 and SHA-2,SHA512,E,throughput,,,1.001,0.999,1.001,per cycle,
sha512su0,"sha512su0 v0.2d, v12.2d",Crypto / SHA-1 and SHA-2,SHA512,E,latency,RW0,RW0,2.001,2,2.007,cycles,
sha512su0,"sha512su0 v0.2d, v12.2d",Crypto / SHA-1 and SHA-2,SHA512,E,latency,R0,RW0,2,1.998,2.003,cycles,tied-with-destination
sha512su1,"sha512su1 v0.2d, v12.2d, v13.2d",Crypto / SHA-1 and SHA-2,SHA512,P,throughput,,,1,1,1,per cycle,
sha512su1,"sha512su1 v0.2d, v12.2d, v13.2d",Crypto / SHA-1 and SHA-2,SHA512,P,latency,RW0,RW0,2,2,2.001,cycles,
sha512su1,"sha512su1 v0.2d, v12.2d, v13.2d",Crypto / SHA-1 and SHA-2,SHA512,P,latency,R0,RW0,2,2,2.001,cycles,tied-with-destination
sha512su1,"sha512su1 v0.2d, v12.2d, v13.2d",Crypto / SHA-1 and SHA-2,SHA512,P,latency,R1,RW0,2,2,2,cycles,tied-with-destination
sha512su1,"sha512su1 v0.2d, v12.2d, v13.2d",Crypto / SHA-1 and SHA-2,SHA512,E,throughput,,,1,0.996,1,per cycle,
sha512su1,"sha512su1 v0.2d, v12.2d, v13.2d",Crypto / SHA-1 and SHA-2,SHA512,E,latency,RW0,RW0,2.006,1.999,2.012,cycles,
sha512su1,"sha512su1 v0.2d, v12.2d, v13.2d",Crypto / SHA-1 and SHA-2,SHA512,E,latency,R0,RW0,2,1.998,2,cycles,tied-with-destination
sha512su1,"sha512su1 v0.2d, v12.2d, v13.2d",Crypto / SHA-1 and SHA-2,SHA512,E,latency,R1,RW0,2,2,2.002,cycles,tied-with-destination
eor3,"eor3 v0.16b, v12.16b, v13.16b, v14.16b",Crypto / SHA-3,SHA3,P,throughput,,,4.092,4.047,4.303,per cycle,
eor3,"eor3 v0.16b, v12.16b, v13.16b, v14.16b",Crypto / SHA-3,SHA3,P,latency,R0,W0,2,2,2,cycles,
eor3,"eor3 v0.16b, v12.16b, v13.16b, v14.16b",Crypto / SHA-3,SHA3,P,latency,R1,W0,2,2,2,cycles,
eor3,"eor3 v0.16b, v12.16b, v13.16b, v14.16b",Crypto / SHA-3,SHA3,P,latency,R2,W0,2,2,2.001,cycles,
eor3,"eor3 v0.16b, v12.16b, v13.16b, v14.16b",Crypto / SHA-3,SHA3,E,throughput,,,3,2.998,3.001,per cycle,
eor3,"eor3 v0.16b, v12.16b, v13.16b, v14.16b",Crypto / SHA-3,SHA3,E,latency,R0,W0,2,1.995,2,cycles,
eor3,"eor3 v0.16b, v12.16b, v13.16b, v14.16b",Crypto / SHA-3,SHA3,E,latency,R1,W0,2,1.999,2.002,cycles,
eor3,"eor3 v0.16b, v12.16b, v13.16b, v14.16b",Crypto / SHA-3,SHA3,E,latency,R2,W0,2,1.997,2.001,cycles,
bcax,"bcax v0.16b, v12.16b, v13.16b, v14.16b",Crypto / SHA-3,SHA3,P,throughput,,,4,3.998,4.002,per cycle,
bcax,"bcax v0.16b, v12.16b, v13.16b, v14.16b",Crypto / SHA-3,SHA3,P,latency,R0,W0,2,2,2.001,cycles,
bcax,"bcax v0.16b, v12.16b, v13.16b, v14.16b",Crypto / SHA-3,SHA3,P,latency,R1,W0,2,1.999,2,cycles,
bcax,"bcax v0.16b, v12.16b, v13.16b, v14.16b",Crypto / SHA-3,SHA3,P,latency,R2,W0,2,2,2.001,cycles,
bcax,"bcax v0.16b, v12.16b, v13.16b, v14.16b",Crypto / SHA-3,SHA3,E,throughput,,,2.996,2.977,3.008,per cycle,
bcax,"bcax v0.16b, v12.16b, v13.16b, v14.16b",Crypto / SHA-3,SHA3,E,latency,R0,W0,2,1.996,2.002,cycles,
bcax,"bcax v0.16b, v12.16b, v13.16b, v14.16b",Crypto / SHA-3,SHA3,E,latency,R1,W0,2.001,2,2.003,cycles,
bcax,"bcax v0.16b, v12.16b, v13.16b, v14.16b",Crypto / SHA-3,SHA3,E,latency,R2,W0,2,2,2.009,cycles,
rax1,"rax1 v0.2d, v12.2d, v13.2d",Crypto / SHA-3,SHA3,P,throughput,,,4,3.998,4.001,per cycle,
rax1,"rax1 v0.2d, v12.2d, v13.2d",Crypto / SHA-3,SHA3,P,latency,R0,W0,2,2,2.001,cycles,
rax1,"rax1 v0.2d, v12.2d, v13.2d",Crypto / SHA-3,SHA3,P,latency,R1,W0,2,1.999,2,cycles,
rax1,"rax1 v0.2d, v12.2d, v13.2d",Crypto / SHA-3,SHA3,E,throughput,,,2.999,2.993,3.007,per cycle,
rax1,"rax1 v0.2d, v12.2d, v13.2d",Crypto / SHA-3,SHA3,E,latency,R0,W0,2,1.999,2.004,cycles,
rax1,"rax1 v0.2d, v12.2d, v13.2d",Crypto / SHA-3,SHA3,E,latency,R1,W0,2,1.998,2.008,cycles,
xar,"xar v0.2d, v12.2d, v13.2d, #5",Crypto / SHA-3,SHA3,P,throughput,,,4.001,3.999,4.002,per cycle,
xar,"xar v0.2d, v12.2d, v13.2d, #5",Crypto / SHA-3,SHA3,P,latency,R0,W0,2,2,2,cycles,
xar,"xar v0.2d, v12.2d, v13.2d, #5",Crypto / SHA-3,SHA3,P,latency,R1,W0,2,2,2.001,cycles,
xar,"xar v0.2d, v12.2d, v13.2d, #5",Crypto / SHA-3,SHA3,E,throughput,,,3,2.996,3.001,per cycle,
xar,"xar v0.2d, v12.2d, v13.2d, #5",Crypto / SHA-3,SHA3,E,latency,R0,W0,2.004,2,2.018,cycles,
xar,"xar v0.2d, v12.2d, v13.2d, #5",Crypto / SHA-3,SHA3,E,latency,R1,W0,2,1.999,2.007,cycles,
ldadd_x,"ldadd x19, x0, [x20]",Atomics / LSE,LSE,P,throughput,,,0.4,0.4,0.4,per cycle,
ldadd_x,"ldadd x19, x0, [x20]",Atomics / LSE,LSE,E,throughput,,,0.401,0.396,0.406,per cycle,
ldadd_x_same,"ldadd x19, x0, [x27]",Atomics / LSE,LSE,P,throughput,,,0.143,0.143,0.143,per cycle,limited-by-own-chain
ldadd_x_same,"ldadd x19, x0, [x27]",Atomics / LSE,LSE,E,throughput,,,0.118,0.117,0.119,per cycle,limited-by-own-chain
ldclr_x,"ldclr x19, x0, [x20]",Atomics / LSE,LSE,P,throughput,,,0.4,0.4,0.4,per cycle,
ldclr_x,"ldclr x19, x0, [x20]",Atomics / LSE,LSE,E,throughput,,,0.404,0.398,0.409,per cycle,
ldclr_x_same,"ldclr x19, x0, [x27]",Atomics / LSE,LSE,P,throughput,,,0.143,0.143,0.143,per cycle,limited-by-own-chain
ldclr_x_same,"ldclr x19, x0, [x27]",Atomics / LSE,LSE,E,throughput,,,0.118,0.11,0.119,per cycle,limited-by-own-chain
ldeor_x,"ldeor x19, x0, [x20]",Atomics / LSE,LSE,P,throughput,,,0.4,0.4,0.4,per cycle,
ldeor_x,"ldeor x19, x0, [x20]",Atomics / LSE,LSE,E,throughput,,,0.405,0.396,0.407,per cycle,
ldeor_x_same,"ldeor x19, x0, [x27]",Atomics / LSE,LSE,P,throughput,,,0.143,0.143,0.143,per cycle,limited-by-own-chain
ldeor_x_same,"ldeor x19, x0, [x27]",Atomics / LSE,LSE,E,throughput,,,0.117,0.116,0.119,per cycle,limited-by-own-chain
ldset_x,"ldset x19, x0, [x20]",Atomics / LSE,LSE,P,throughput,,,0.4,0.4,0.4,per cycle,
ldset_x,"ldset x19, x0, [x20]",Atomics / LSE,LSE,E,throughput,,,0.394,0.39,0.408,per cycle,
ldset_x_same,"ldset x19, x0, [x27]",Atomics / LSE,LSE,P,throughput,,,0.143,0.143,0.143,per cycle,limited-by-own-chain
ldset_x_same,"ldset x19, x0, [x27]",Atomics / LSE,LSE,E,throughput,,,0.118,0.116,0.118,per cycle,limited-by-own-chain
ldsmax_x,"ldsmax x19, x0, [x20]",Atomics / LSE,LSE,P,throughput,,,0.278,0.277,0.285,per cycle,
ldsmax_x,"ldsmax x19, x0, [x20]",Atomics / LSE,LSE,E,throughput,,,0.27,0.269,0.272,per cycle,
ldsmax_x_same,"ldsmax x19, x0, [x27]",Atomics / LSE,LSE,P,throughput,,,0.053,0.053,0.053,per cycle,limited-by-own-chain
ldsmax_x_same,"ldsmax x19, x0, [x27]",Atomics / LSE,LSE,E,throughput,,,0.071,0.071,0.072,per cycle,limited-by-own-chain
ldumin_x,"ldumin x19, x0, [x20]",Atomics / LSE,LSE,P,throughput,,,0.28,0.275,0.286,per cycle,
ldumin_x,"ldumin x19, x0, [x20]",Atomics / LSE,LSE,E,throughput,,,0.27,0.27,0.273,per cycle,
ldumin_x_same,"ldumin x19, x0, [x27]",Atomics / LSE,LSE,P,throughput,,,0.053,0.053,0.053,per cycle,limited-by-own-chain
ldumin_x_same,"ldumin x19, x0, [x27]",Atomics / LSE,LSE,E,throughput,,,0.071,0.071,0.072,per cycle,limited-by-own-chain
swp_x,"swp x19, x0, [x20]",Atomics / LSE,LSE,P,throughput,,,0.4,0.4,0.4,per cycle,
swp_x,"swp x19, x0, [x20]",Atomics / LSE,LSE,E,throughput,,,0.366,0.36,0.368,per cycle,
swp_x_same,"swp x19, x0, [x27]",Atomics / LSE,LSE,P,throughput,,,0.4,0.4,0.4,per cycle,limited-by-own-chain
swp_x_same,"swp x19, x0, [x27]",Atomics / LSE,LSE,E,throughput,,,0.143,0.143,0.143,per cycle,limited-by-own-chain
ldadd_w,"ldadd w19, w0, [x20]",Atomics / LSE,LSE,P,throughput,,,0.4,0.4,0.4,per cycle,
ldadd_w,"ldadd w19, w0, [x20]",Atomics / LSE,LSE,E,throughput,,,0.4,0.39,0.404,per cycle,
ldaddb,"ldaddb w19, w0, [x20]",Atomics / LSE,LSE,P,throughput,,,0.4,0.4,0.4,per cycle,
ldaddb,"ldaddb w19, w0, [x20]",Atomics / LSE,LSE,E,throughput,,,0.405,0.383,0.409,per cycle,
ldaddal_x,"ldaddal x19, x0, [x20]",Atomics / LSE,LSE,P,throughput,,,0.4,0.4,0.4,per cycle,
ldaddal_x,"ldaddal x19, x0, [x20]",Atomics / LSE,LSE,E,throughput,,,0.361,0.345,0.367,per cycle,
ldadd_x_discard,"ldadd x19, xzr, [x20]",Atomics / LSE,LSE,P,throughput,,,0.4,0.4,0.4,per cycle,
ldadd_x_discard,"ldadd x19, xzr, [x20]",Atomics / LSE,LSE,E,throughput,,,0.434,0.416,0.436,per cycle,
cas_x,"cas x0, x19, [x20]",Atomics / LSE,LSE,P,throughput,,,0.333,0.333,0.333,per cycle,
cas_x,"cas x0, x19, [x20]",Atomics / LSE,LSE,E,throughput,,,0.333,0.333,0.337,per cycle,
cas_x_same,"cas x0, x19, [x27]",Atomics / LSE,LSE,P,throughput,,,0.02,0.02,0.02,per cycle,limited-by-own-chain
cas_x_same,"cas x0, x19, [x27]",Atomics / LSE,LSE,E,throughput,,,0.071,0.071,0.072,per cycle,limited-by-own-chain
casal_x,"casal x0, x19, [x20]",Atomics / LSE,LSE,P,throughput,,,0.307,0.282,0.313,per cycle,
casal_x,"casal x0, x19, [x20]",Atomics / LSE,LSE,E,throughput,,,0.333,0.333,0.333,per cycle,
casp_x_same,"casp x0, x1, x2, x3, [x27]",Atomics / LSE,LSE,P,throughput,,,0.06,0.058,0.06,per cycle,limited-by-own-chain
casp_x_same,"casp x0, x1, x2, x3, [x27]",Atomics / LSE,LSE,E,throughput,,,0.077,0.076,0.077,per cycle,limited-by-own-chain
ldxr_stxr,"ldxr x0, [x27]; stxr w1, x19, [x27]",Atomics / exclusives and ordered access,,P,throughput,,,0.1,0.1,0.1,per cycle,limited-by-own-chain
ldxr_stxr,"ldxr x0, [x27]; stxr w1, x19, [x27]",Atomics / exclusives and ordered access,,E,throughput,,,0.077,0.077,0.077,per cycle,limited-by-own-chain
ldaxr_stlxr,"ldaxr x0, [x27]; stlxr w1, x19, [x27]",Atomics / exclusives and ordered access,,P,throughput,,,0.062,0.062,0.063,per cycle,limited-by-own-chain
ldaxr_stlxr,"ldaxr x0, [x27]; stlxr w1, x19, [x27]",Atomics / exclusives and ordered access,,E,throughput,,,0.077,0.077,0.077,per cycle,limited-by-own-chain
ldar_x,"ldar x0, [x27]",Atomics / exclusives and ordered access,,P,throughput,,,0.968,0.968,0.968,per cycle,
ldar_x,"ldar x0, [x27]",Atomics / exclusives and ordered access,,P,latency,A0,W0,3.001,2.983,3.016,cycles,
ldar_x,"ldar x0, [x27]",Atomics / exclusives and ordered access,,E,throughput,,,2.001,2,2.001,per cycle,
ldar_x,"ldar x0, [x27]",Atomics / exclusives and ordered access,,E,latency,A0,W0,3.002,3.001,3.004,cycles,
stlr_x,"stlr x19, [x27]",Atomics / exclusives and ordered access,,P,throughput,,,1,1,1,per cycle,
stlr_x,"stlr x19, [x27]",Atomics / exclusives and ordered access,,E,throughput,,,1,1,1,per cycle,
ldapr_x,"ldapr x0, [x27]",Atomics / exclusives and ordered access,RCPC,P,throughput,,,0.968,0.968,0.968,per cycle,
ldapr_x,"ldapr x0, [x27]",Atomics / exclusives and ordered access,RCPC,P,latency,A0,W0,3.001,3,3.017,cycles,
ldapr_x,"ldapr x0, [x27]",Atomics / exclusives and ordered access,RCPC,E,throughput,,,2,1.999,2.002,per cycle,
ldapr_x,"ldapr x0, [x27]",Atomics / exclusives and ordered access,RCPC,E,latency,A0,W0,3.001,3,3.012,cycles,
ldapur_x,"ldapur x0, [x27, #8]",Atomics / exclusives and ordered access,RCPC2,P,throughput,,,0.968,0.968,0.968,per cycle,
ldapur_x,"ldapur x0, [x27, #8]",Atomics / exclusives and ordered access,RCPC2,P,latency,A0,W0,3.001,2.999,3.016,cycles,
ldapur_x,"ldapur x0, [x27, #8]",Atomics / exclusives and ordered access,RCPC2,E,throughput,,,2,1.999,2.001,per cycle,
ldapur_x,"ldapur x0, [x27, #8]",Atomics / exclusives and ordered access,RCPC2,E,latency,A0,W0,3.002,3,3.002,cycles,
stlur_x,"stlur x19, [x27, #8]",Atomics / exclusives and ordered access,RCPC2,P,throughput,,,1,1,1,per cycle,
stlur_x,"stlur x19, [x27, #8]",Atomics / exclusives and ordered access,RCPC2,E,throughput,,,1,1,1,per cycle,
pacia,"pacia x0, x19",Pointer authentication,PAuth,P,throughput,,,10.001,10,10.002,per cycle,
pacia,"pacia x0, x19",Pointer authentication,PAuth,P,latency,RW0,RW0,0.098,0.098,0.098,cycles,
pacia,"pacia x0, x19",Pointer authentication,PAuth,P,latency,R0,RW0,0.098,0.098,0.098,cycles,tied-with-destination
pacia,"pacia x0, x19",Pointer authentication,PAuth,E,throughput,,,6.001,5.996,6.001,per cycle,
pacia,"pacia x0, x19",Pointer authentication,PAuth,E,latency,RW0,RW0,0.164,0.164,0.164,cycles,
pacia,"pacia x0, x19",Pointer authentication,PAuth,E,latency,R0,RW0,0.164,0.164,0.164,cycles,tied-with-destination
pacia_autia,"pacia x0, x19; autia x0, x19",Pointer authentication,PAuth,P,throughput,,,3.332,3.33,3.335,per cycle,
pacia_autia,"pacia x0, x19; autia x0, x19",Pointer authentication,PAuth,P,latency,RW0,RW0,0.3,0.3,0.3,cycles,
pacia_autia,"pacia x0, x19; autia x0, x19",Pointer authentication,PAuth,P,latency,R0,RW0,0.3,0.3,0.3,cycles,tied-with-destination
pacia_autia,"pacia x0, x19; autia x0, x19",Pointer authentication,PAuth,E,throughput,,,2,1.999,2.002,per cycle,
pacia_autia,"pacia x0, x19; autia x0, x19",Pointer authentication,PAuth,E,latency,RW0,RW0,0.5,0.5,0.5,cycles,
pacia_autia,"pacia x0, x19; autia x0, x19",Pointer authentication,PAuth,E,latency,R0,RW0,0.5,0.5,0.5,cycles,tied-with-destination
pacib,"pacib x0, x19",Pointer authentication,PAuth,P,throughput,,,10,9.996,10.002,per cycle,
pacib,"pacib x0, x19",Pointer authentication,PAuth,P,latency,RW0,RW0,0.098,0.098,0.098,cycles,
pacib,"pacib x0, x19",Pointer authentication,PAuth,P,latency,R0,RW0,0.098,0.098,0.098,cycles,tied-with-destination
pacib,"pacib x0, x19",Pointer authentication,PAuth,E,throughput,,,5.999,5.998,6,per cycle,
pacib,"pacib x0, x19",Pointer authentication,PAuth,E,latency,RW0,RW0,0.164,0.164,0.164,cycles,
pacib,"pacib x0, x19",Pointer authentication,PAuth,E,latency,R0,RW0,0.164,0.164,0.164,cycles,tied-with-destination
pacib_autib,"pacib x0, x19; autib x0, x19",Pointer authentication,PAuth,P,throughput,,,3.333,3.332,3.335,per cycle,
pacib_autib,"pacib x0, x19; autib x0, x19",Pointer authentication,PAuth,P,latency,RW0,RW0,0.3,0.3,0.3,cycles,
pacib_autib,"pacib x0, x19; autib x0, x19",Pointer authentication,PAuth,P,latency,R0,RW0,0.3,0.3,0.3,cycles,tied-with-destination
pacib_autib,"pacib x0, x19; autib x0, x19",Pointer authentication,PAuth,E,throughput,,,2,1.997,2.001,per cycle,
pacib_autib,"pacib x0, x19; autib x0, x19",Pointer authentication,PAuth,E,latency,RW0,RW0,0.5,0.5,0.5,cycles,
pacib_autib,"pacib x0, x19; autib x0, x19",Pointer authentication,PAuth,E,latency,R0,RW0,0.5,0.5,0.5,cycles,tied-with-destination
pacda,"pacda x0, x19",Pointer authentication,PAuth,P,throughput,,,10.001,10,10.005,per cycle,
pacda,"pacda x0, x19",Pointer authentication,PAuth,P,latency,RW0,RW0,0.098,0.098,0.098,cycles,
pacda,"pacda x0, x19",Pointer authentication,PAuth,P,latency,R0,RW0,0.098,0.098,0.098,cycles,tied-with-destination
pacda,"pacda x0, x19",Pointer authentication,PAuth,E,throughput,,,6,6,6.023,per cycle,
pacda,"pacda x0, x19",Pointer authentication,PAuth,E,latency,RW0,RW0,0.164,0.164,0.164,cycles,
pacda,"pacda x0, x19",Pointer authentication,PAuth,E,latency,R0,RW0,0.164,0.164,0.164,cycles,tied-with-destination
pacda_autda,"pacda x0, x19; autda x0, x19",Pointer authentication,PAuth,P,throughput,,,3.333,3.332,3.335,per cycle,
pacda_autda,"pacda x0, x19; autda x0, x19",Pointer authentication,PAuth,P,latency,RW0,RW0,0.3,0.3,0.3,cycles,
pacda_autda,"pacda x0, x19; autda x0, x19",Pointer authentication,PAuth,P,latency,R0,RW0,0.3,0.3,0.3,cycles,tied-with-destination
pacda_autda,"pacda x0, x19; autda x0, x19",Pointer authentication,PAuth,E,throughput,,,2,1.999,2.002,per cycle,
pacda_autda,"pacda x0, x19; autda x0, x19",Pointer authentication,PAuth,E,latency,RW0,RW0,0.5,0.5,0.5,cycles,
pacda_autda,"pacda x0, x19; autda x0, x19",Pointer authentication,PAuth,E,latency,R0,RW0,0.5,0.5,0.501,cycles,tied-with-destination
pacdb,"pacdb x0, x19",Pointer authentication,PAuth,P,throughput,,,9.999,9.997,10.002,per cycle,
pacdb,"pacdb x0, x19",Pointer authentication,PAuth,P,latency,RW0,RW0,0.098,0.098,0.098,cycles,
pacdb,"pacdb x0, x19",Pointer authentication,PAuth,P,latency,R0,RW0,0.098,0.098,0.098,cycles,tied-with-destination
pacdb,"pacdb x0, x19",Pointer authentication,PAuth,E,throughput,,,6,5.998,6.006,per cycle,
pacdb,"pacdb x0, x19",Pointer authentication,PAuth,E,latency,RW0,RW0,0.164,0.164,0.165,cycles,
pacdb,"pacdb x0, x19",Pointer authentication,PAuth,E,latency,R0,RW0,0.164,0.164,0.164,cycles,tied-with-destination
pacdb_autdb,"pacdb x0, x19; autdb x0, x19",Pointer authentication,PAuth,P,throughput,,,3.333,3.332,3.335,per cycle,
pacdb_autdb,"pacdb x0, x19; autdb x0, x19",Pointer authentication,PAuth,P,latency,RW0,RW0,0.3,0.3,0.3,cycles,
pacdb_autdb,"pacdb x0, x19; autdb x0, x19",Pointer authentication,PAuth,P,latency,R0,RW0,0.3,0.3,0.3,cycles,tied-with-destination
pacdb_autdb,"pacdb x0, x19; autdb x0, x19",Pointer authentication,PAuth,E,throughput,,,2.0,1.996,2,per cycle,
pacdb_autdb,"pacdb x0, x19; autdb x0, x19",Pointer authentication,PAuth,E,latency,RW0,RW0,0.5,0.5,0.5,cycles,
pacdb_autdb,"pacdb x0, x19; autdb x0, x19",Pointer authentication,PAuth,E,latency,R0,RW0,0.5,0.5,0.5,cycles,tied-with-destination
paciza,paciza x0,Pointer authentication,PAuth,P,throughput,,,9.999,9.999,10.004,per cycle,
paciza,paciza x0,Pointer authentication,PAuth,P,latency,RW0,RW0,0.098,0.098,0.098,cycles,
paciza,paciza x0,Pointer authentication,PAuth,E,throughput,,,6,5.998,6.003,per cycle,
paciza,paciza x0,Pointer authentication,PAuth,E,latency,RW0,RW0,0.164,0.164,0.164,cycles,
pacdza,pacdza x0,Pointer authentication,PAuth,P,throughput,,,10,9.996,10.001,per cycle,
pacdza,pacdza x0,Pointer authentication,PAuth,P,latency,RW0,RW0,0.098,0.098,0.098,cycles,
pacdza,pacdza x0,Pointer authentication,PAuth,E,throughput,,,6,6,6.001,per cycle,
pacdza,pacdza x0,Pointer authentication,PAuth,E,latency,RW0,RW0,0.164,0.164,0.164,cycles,
xpaci,xpaci x0,Pointer authentication,PAuth,P,throughput,,,4,3.999,4.001,per cycle,
xpaci,xpaci x0,Pointer authentication,PAuth,P,latency,RW0,RW0,1,1,1,cycles,
xpaci,xpaci x0,Pointer authentication,PAuth,E,throughput,,,4,3.999,4.006,per cycle,
xpaci,xpaci x0,Pointer authentication,PAuth,E,latency,RW0,RW0,1,0.999,1,cycles,
xpacd,xpacd x0,Pointer authentication,PAuth,P,throughput,,,4.016,4.008,4.032,per cycle,
xpacd,xpacd x0,Pointer authentication,PAuth,P,latency,RW0,RW0,1,1,1,cycles,
xpacd,xpacd x0,Pointer authentication,PAuth,E,throughput,,,4,3.999,4,per cycle,
xpacd,xpacd x0,Pointer authentication,PAuth,E,latency,RW0,RW0,1,1,1,cycles,
pacga,"pacga x0, x19, x20",Pointer authentication,PAuth,P,throughput,,,1,1,1,per cycle,
pacga,"pacga x0, x19, x20",Pointer authentication,PAuth,P,latency,R0,W0,6.999,6.997,6.999,cycles,
pacga,"pacga x0, x19, x20",Pointer authentication,PAuth,P,latency,R1,W0,7.001,6.999,7.001,cycles,
pacga,"pacga x0, x19, x20",Pointer authentication,PAuth,E,throughput,,,1,0.999,1.001,per cycle,
pacga,"pacga x0, x19, x20",Pointer authentication,PAuth,E,latency,R0,W0,6.002,6.001,6.018,cycles,
pacga,"pacga x0, x19, x20",Pointer authentication,PAuth,E,latency,R1,W0,6,5.999,6.003,cycles,
pacia1716,pacia1716,Pointer authentication,PAuth,P,throughput,,,10,9.998,10.004,per cycle,limited-by-own-chain
pacia1716,pacia1716,Pointer authentication,PAuth,E,throughput,,,6,5.996,6.001,per cycle,limited-by-own-chain
xpaclri,xpaclri,Pointer authentication,PAuth,P,throughput,,,1,1,1.001,per cycle,limited-by-own-chain
xpaclri,xpaclri,Pointer authentication,PAuth,E,throughput,,,1,0.998,1.001,per cycle,limited-by-own-chain
b_next,b #4,Branch,,P,throughput,,,1.536,0.855,2,per cycle,
b_next,b #4,Branch,,E,throughput,,,1,0.998,1.001,per cycle,
bcc_not_taken,b.eq #4,Branch,,P,throughput,,,3.034,2.92,3.113,per cycle,
bcc_not_taken,b.eq #4,Branch,,E,throughput,,,2,1.999,2.013,per cycle,
bcc_taken,b.ne #4,Branch,,P,throughput,,,1.139,0.877,1.173,per cycle,
bcc_taken,b.ne #4,Branch,,E,throughput,,,0.999,0.989,1,per cycle,
cbz_not_taken,"cbz x19, #4",Branch,,P,throughput,,,2,2,2.001,per cycle,
cbz_not_taken,"cbz x19, #4",Branch,,E,throughput,,,2,1.993,2,per cycle,
cbnz_taken,"cbnz x19, #4",Branch,,P,throughput,,,0.26,0.245,0.275,per cycle,
cbnz_taken,"cbnz x19, #4",Branch,,E,throughput,,,0.999,0.988,1.019,per cycle,
tbz_not_taken,"tbz x19, #0, #4",Branch,,P,throughput,,,2,1.999,2.001,per cycle,
tbz_not_taken,"tbz x19, #0, #4",Branch,,E,throughput,,,1.999,1.995,2.005,per cycle,
tbnz_taken,"tbnz x19, #0, #4",Branch,,P,throughput,,,0.308,0.275,0.311,per cycle,
tbnz_taken,"tbnz x19, #0, #4",Branch,,E,throughput,,,0.998,0.982,1,per cycle,
cmp_bcc_not_taken,"cmp x19, x20; b.eq #4",Branch,,P,throughput,,,2.444,2.399,2.475,per cycle,
cmp_bcc_not_taken,"cmp x19, x20; b.eq #4",Branch,,E,throughput,,,1.999,1.995,2,per cycle,
cmp_bcc_taken,"cmp x19, x20; b.ne #4",Branch,,P,throughput,,,0.684,0.502,0.88,per cycle,
cmp_bcc_taken,"cmp x19, x20; b.ne #4",Branch,,E,throughput,,,0.482,0.471,0.488,per cycle,
bl_ret,bl #8; b #8; ret,Branch,,P,throughput,,,0.479,0.472,0.481,per cycle,
bl_ret,bl #8; b #8; ret,Branch,,E,throughput,,,0.073,0.072,0.073,per cycle,
br_next,"adr x0, #8; br x0",Branch,,P,throughput,,,0.449,0.286,0.528,per cycle,
br_next,"adr x0, #8; br x0",Branch,,E,throughput,,,0.369,0.368,0.37,per cycle,
blr_ret,"adr x0, #12; blr x0; b #8; ret",Branch,,P,throughput,,,0.266,0.259,0.267,per cycle,
blr_ret,"adr x0, #12; blr x0; b #8; ret",Branch,,E,throughput,,,0.074,0.074,0.074,per cycle,
bc_not_taken,bc.eq #4,Branch,HBC,P,throughput,,,2,1.999,2,per cycle,
bc_not_taken,bc.eq #4,Branch,HBC,E,throughput,,,2,1.996,2.121,per cycle,
nop,nop,System,,P,throughput,,,10,9.998,10.002,per cycle,
nop,nop,System,,E,throughput,,,5.999,5.994,6,per cycle,
hint_yield,yield,System,,P,throughput,,,10.002,9.999,10.003,per cycle,
hint_yield,yield,System,,E,throughput,,,6,5.966,6.003,per cycle,
bti_c,bti c,System,,P,throughput,,,10.001,9.997,10.002,per cycle,
bti_c,bti c,System,,E,throughput,,,6,5.988,6.044,per cycle,
clrex,clrex,System,,P,throughput,,,0.2,0.2,0.2,per cycle,
clrex,clrex,System,,E,throughput,,,0.2,0.199,0.2,per cycle,
isb,isb,System,,P,throughput,,,0.029,0.029,0.029,per cycle,
isb,isb,System,,E,throughput,,,0.04,0.04,0.04,per cycle,
dmb_ish,dmb ish,System,,P,throughput,,,0.625,0.625,0.626,per cycle,
dmb_ish,dmb ish,System,,E,throughput,,,1,1,1,per cycle,
sb,sb,System,,P,throughput,,,0.04,0.04,0.04,per cycle,
sb,sb,System,,E,throughput,,,0.045,0.045,0.045,per cycle,
mrs_fpcr,"mrs x0, fpcr",System,,P,throughput,,,1,0.999,1,per cycle,
mrs_fpcr,"mrs x0, fpcr",System,,E,throughput,,,0.998,0.991,1,per cycle,
mrs_fpsr,"mrs x0, fpsr",System,,P,throughput,,,0.1,0.1,0.1,per cycle,
mrs_fpsr,"mrs x0, fpsr",System,,E,throughput,,,0.143,0.142,0.143,per cycle,
mrs_tpidr_el0,"mrs x0, tpidr_el0",System,,P,throughput,,,9.999,9.995,10.002,per cycle,
mrs_tpidr_el0,"mrs x0, tpidr_el0",System,,E,throughput,,,1.499,1.499,1.5,per cycle,
mrs_tpidrro_el0,"mrs x0, tpidrro_el0",System,,P,throughput,,,10.001,9.999,10.005,per cycle,
mrs_tpidrro_el0,"mrs x0, tpidrro_el0",System,,E,throughput,,,1.499,1.499,1.501,per cycle,
mrs_cntvct_el0,"mrs x0, cntvct_el0",System,,P,throughput,,,1,0.999,1,per cycle,
mrs_cntvct_el0,"mrs x0, cntvct_el0",System,,E,throughput,,,1,0.991,1.001,per cycle,
mrs_dczid_el0,"mrs x0, dczid_el0",System,,P,throughput,,,1,1,1,per cycle,
mrs_dczid_el0,"mrs x0, dczid_el0",System,,E,throughput,,,1,0.996,1,per cycle,
msr_dit,"msr dit, #0",System,DIT,P,throughput,,,0.033,0.033,0.033,per cycle,
msr_dit,"msr dit, #0",System,DIT,E,throughput,,,0.1,0.1,0.1,per cycle,
